ply
format ascii 1.0
comment Exported by Aspose.3D 25.3.0
element vertex 4224
property float x
property float y
property float z
property float nx
property float ny
property float nz
property float u
property float v
element face 4098
property list uchar int vertex_index
end_header
-0.018237 -0.000796 0.010691 -0.8531925601933125 0.0007999930240912448 0.5215954517074916 0.976456 0.414906
-0.013441 -0.000796 0.016154 -0.6275685094022776 0.0007999598590213863 0.7785609327925641 0.976456 0.360867
-0.014237 -0.000796 0.015479 -0.6650213209253287 0.0008000256492334782 0.7468239435594518 0.976456 0.368586
-0.015725 -0.000796 0.014017 -0.7350332095506281 0.0008000361464496633 0.6780306341160897 0.976456 0.384026
-0.014999 -0.000796 0.014766 -0.7009295483079265 0.0008000337261326027 0.7132300668472153 0.976456 0.376306
-0.020052 -0.000796 0.006939 -0.9385577700086709 0.0008000492445465495 0.34512124286626783 0.976456 0.445785
-0.019668 -0.000796 0.007909 -0.9205150137223118 0.0008000130483192282 0.390706372472903 0.976456 0.438065
-0.01876 -0.000796 0.009787 -0.877746196998054 0.0008000421073241919 0.4791252170237754 0.976456 0.422626
-0.019237 -0.000796 0.008859 -0.9002297800936965 0.0008000264653132161 0.43541440374671786 0.976456 0.430345
-0.009955 -0.000796 0.018439 -0.46361817418864926 0.0008000313618440885 0.886034733242328 0.976456 0.329987
-0.010868 -0.000796 0.017932 -0.5065172902628097 0.0008000273093983175 0.8622294327040366 0.976456 0.337707
-0.012613 -0.000796 0.016788 -0.5886114309449845 0.0008000155364525784 0.8084156995853304 0.976456 0.353147
-0.011754 -0.000796 0.017382 -0.5482914412374029 0.000799987512292399 0.8362869456626666 0.976456 0.345427
-0.006091 -0.000796 0.02 -0.28181969424837516 0.0008000559098605399 0.9594670499002524 0.976456 0.299108
-0.007084 -0.000796 0.019681 -0.328590331371747 0.0007999764610389457 0.9444722093141052 0.976456 0.306827
-0.009019 -0.000796 0.0189 -0.4196033379578302 0.0008000063640759396 0.9077072208396628 0.976456 0.322267
-0.008061 -0.000796 0.019314 -0.3745951977203476 0.0007999897441972187 0.9271881135245764 0.976456 0.314547
-0.001996 -0.000796 0.020777 -0.08920119173588244 0.0008000106882141923 0.9960133068266693 0.976456 0.268228
-0.003033 -0.000796 0.020659 -0.13800436100671282 0.0008000252811983351 0.9904312981235388 0.976456 0.275948
-0.005082 -0.000796 0.02027 -0.2344090940772105 0.0008000310378061793 0.9721377148142335 0.976456 0.291388
-0.004062 -0.000796 0.020489 -0.18651001119353341 0.000800042943457516 0.9824527345658297 0.976456 0.283668
0.002172 -0.000796 0.020741 0.10679789770407534 0.0007999842524649839 0.9942804277824168 0.976456 0.237348
0.001132 -0.000796 0.020827 0.05780160777408066 0.0008000222529284521 0.9983277688730922 0.976456 0.245068
-0.000954 -0.000796 0.020845 -0.04029948880422676 0.0007999898521930871 0.9991873253891658 0.976456 0.260508
8.9E-05 -0.000796 0.020861 0.008700537970894625 0.0008000494685880115 0.9999618295514409 0.976456 0.252788
0.006253 -0.000796 0.019892 0.29871331992390976 0.0008000356743860991 0.954342555083318 0.976456 0.206469
0.005249 -0.000796 0.020179 0.25139585074572485 0.000799986796326889 0.9678840252059948 0.976456 0.214188
0.003207 -0.000796 0.020604 0.15540787627075917 0.0008000405470824152 0.9878500655100122 0.976456 0.229628
0.004233 -0.000796 0.020417 0.20361073056825887 0.0008000421633330408 0.9790515973788086 0.976456 0.221908
0.010089 -0.000796 0.018263 0.4791252170237754 0.0008000421073241919 0.877746196998054 0.976456 0.175589
0.009161 -0.000796 0.018741 0.43541440374671786 0.0008000264653132161 0.9002297800936965 0.976456 0.183309
0.007241 -0.000796 0.019556 0.34512124286626783 0.0008000492445465495 0.9385577700086709 0.976456 0.198749
-0.013334 -3.5E-05 0.014465 0.5879412337646366 0.46733277519682714 -0.6602463046970796 0.509452 0.902229
-0.01598 -3.5E-05 0.011597 0.7054584531818079 0.467338722954152 -0.5328441506312267 0.475852 0.865764
-0.01018 -3.5E-05 0.016762 0.44783516315830724 0.46733669438114556 -0.7622598511819155 0.549505 0.931427
-0.006638 -3.5E-05 0.018399 0.2905022455910376 0.4673036122708843 -0.8350064546248414 0.594482 0.952251
-0.002845 -3.5E-05 0.019314 0.12200435258291899 0.4673166718196561 -0.8756312387016711 0.642654 0.963904
0.001054 -3.5E-05 0.019471 -0.05110093873286686 0.4673085845375477 -0.882616213808773 0.692175 0.965939
0.004908 -3.5E-05 0.018865 -0.22231801515868205 0.46733786992196186 -0.8556693376957641 0.741147 0.958277
0.00857 -3.5E-05 0.017518 -0.38502080516132553 0.467325252602305 -0.7958430045386568 0.787685 0.941208
0.011899 -3.5E-05 0.015483 -0.5328441506312267 0.467338722954152 -0.7054584531818079 0.830013 0.915379
0.014767 -3.5E-05 0.012838 -0.6602463046970796 0.46733277519682714 -0.5879412337646366 0.866478 0.881787
0.017064 -3.5E-05 0.009683 -0.7622598511819155 0.46733669438114556 -0.44783516315830724 0.89569 0.841724
0.018701 -3.5E-05 0.006142 -0.8350064546248414 0.4673036122708843 -0.2905022455910376 0.916519 0.796737
0.019616 -3.5E-05 0.002349 -0.8756312387016711 0.4673166718196561 -0.12200435258291899 0.928177 0.748557
0.019774 -3.5E-05 -0.00155 -0.882616213808773 0.4673085845375477 0.05110093873286686 0.930214 0.699019
0.019167 -3.5E-05 -0.005405 -0.8556693376957641 0.46733786992196186 0.22231801515868205 0.92254 0.650031
0.017821 -3.5E-05 -0.009067 -0.795879665534315 0.46728806094256237 0.38499016362697736 0.905457 0.603488
0.015785 -3.5E-05 -0.012396 -0.7054584531818079 0.467338722954152 0.5328441506312267 0.879625 0.561176
0.01314 -3.5E-05 -0.015264 -0.5879412337646366 0.46733277519682714 0.6602463046970796 0.846032 0.524712
0.009986 -3.5E-05 -0.017561 -0.44783516315830724 0.46733669438114556 0.7622598511819155 0.805973 0.495508
0.006444 -3.5E-05 -0.019198 -0.2905022455910376 0.4673036122708843 0.8350064546248414 0.760988 0.47468
0.002651 -3.5E-05 -0.020113 -0.12200435258291899 0.4673166718196561 0.8756312387016711 0.712804 0.463029
-0.001248 -3.5E-05 -0.02027 0.05110093873286686 0.4673085845375477 0.882616213808773 0.663274 0.461004
-0.005102 -3.5E-05 -0.019664 0.22231801515868205 0.46733786992196186 0.8556693376957641 0.614313 0.468672
-0.008765 -3.5E-05 -0.018317 0.38499016362697736 0.46728806094256237 0.795879665534315 0.567778 0.485745
-0.012094 -3.5E-05 -0.016282 0.5328441506312267 0.467338722954152 0.7054584531818079 0.525464 0.511571
-0.014962 -3.5E-05 -0.013636 0.6602463046970796 0.46733277519682714 0.5879412337646366 0.489004 0.545155
-0.017259 -3.5E-05 -0.010482 0.7622598511819155 0.46733669438114556 0.44783516315830724 0.459796 0.585205
-0.018896 -3.5E-05 -0.00694 0.8350064546248414 0.4673036122708843 0.2905022455910376 0.438955 0.630196
-0.019811 -3.5E-05 -0.003147 0.8756312387016711 0.4673166718196561 0.12200435258291899 0.427295 0.678383
-0.019968 -3.5E-05 0.000751 0.882616213808773 0.4673085845375477 -0.05110093873286686 0.425265 0.727934
-0.019362 -3.5E-05 0.004606 0.8556693376957641 0.46733786992196186 -0.22231801515868205 0.43294 0.776911
-0.018015 -3.5E-05 0.008268 0.795879665534315 0.46728806094256237 -0.38499016362697736 0.450021 0.823452
-0.015896 -8.9E-05 0.011534 0.02779980262210207 0.9993929043355686 -0.020999850901587895 0.477167 0.864772
-0.013264 -8.9E-05 0.014387 0.02319977020741414 0.9993901010900729 -0.026099741483340908 0.510548 0.901
-0.010127 -8.9E-05 0.016671 0.01769982601156546 0.9993901760428541 -0.030099704121362723 0.55034 0.930007
-0.006604 -8.9E-05 0.0183 0.011399889877595673 0.9993903459358872 -0.032999681224619055 0.595024 0.950696
-0.002831 -8.9E-05 0.01921 0.004799967240335376 0.9993931791648282 -0.03449976453991052 0.642882 0.962273
0.001047 -8.9E-05 0.019366 -0.001999984600177868 0.9993923047088806 -0.0347997320430949 0.692081 0.964295
0.004882 -8.9E-05 0.018763 -0.008799910945351846 0.9993898862255267 -0.03379965794919231 0.740734 0.956683
0.008524 -8.9E-05 0.017424 -0.015199868065717782 0.9993913253209441 -0.03139972745154857 0.786968 0.939725
0.011836 -8.9E-05 0.015399 -0.020999850901587895 0.9993929043355686 -0.02779980262210207 0.829022 0.914064
0.014689 -8.9E-05 0.012768 -0.026099741483340908 0.9993901010900729 -0.02319977020741414 0.865248 0.88069
0.016973 -8.9E-05 0.00963 -0.030099704121362723 0.9993901760428541 -0.01769982601156546 0.89427 0.840889
0.018602 -8.9E-05 0.006107 -0.032999681224619055 0.9993903459358872 -0.011399889877595673 0.914964 0.796195
0.019512 -8.9E-05 0.002334 -0.03449976453991052 0.9993931791648282 -0.004799967240335376 0.926546 0.748328
0.019669 -8.9E-05 -0.001544 -0.0347997320430949 0.9993923047088806 0.001999984600177868 0.928569 0.699113
0.019065 -8.9E-05 -0.005378 -0.03379965794919231 0.9993898862255267 0.008799910945351846 0.920945 0.650444
0.017726 -8.9E-05 -0.009021 -0.03139972745154857 0.9993913253209441 0.015199868065717782 0.903973 0.604205
0.015701 -8.9E-05 -0.012332 -0.02779980262210207 0.9993929043355686 0.020999850901587895 0.87831 0.562168
0.01307 -8.9E-05 -0.015185 -0.02319977020741414 0.9993901010900729 0.026099741483340908 0.844936 0.525941
0.009932 -8.9E-05 -0.01747 -0.01769982601156546 0.9993901760428541 0.030099704121362723 0.805138 0.496927
0.006409 -8.9E-05 -0.019099 -0.011399889877595673 0.9993903459358872 0.032999681224619055 0.760446 0.476235
0.002636 -8.9E-05 -0.020009 -0.004799967240335376 0.9993931791648282 0.03449976453991052 0.712576 0.46466
-0.001242 -8.9E-05 -0.020165 0.001999984600177868 0.9993923047088806 0.0347997320430949 0.663368 0.462648
-0.005076 -8.9E-05 -0.019562 0.008799910945351846 0.9993898862255267 0.03379965794919231 0.614726 0.470267
-0.008719 -8.9E-05 -0.018223 0.015199868065717782 0.9993913253209441 0.03139972745154857 0.568494 0.487228
-0.01203 -8.9E-05 -0.016198 0.020999850901587895 0.9993929043355686 0.02779980262210207 0.526456 0.512886
-0.014883 -8.9E-05 -0.013566 0.026099741483340908 0.9993901010900729 0.02319977020741414 0.490234 0.546251
-0.017168 -8.9E-05 -0.010429 0.030099704121362723 0.9993901760428541 0.01769982601156546 0.461215 0.58604
-0.018796 -8.9E-05 -0.006906 0.032999681224619055 0.9993903459358872 0.011399889877595673 0.44051 0.630739
-0.019707 -8.9E-05 -0.003133 0.03449976453991052 0.9993931791648282 0.004799967240335376 0.428927 0.678612
-0.019863 -8.9E-05 0.000745 0.0347997320430949 0.9993923047088806 -0.001999984600177868 0.426909 0.72784
-0.01926 -8.9E-05 0.004579 0.03379965794919231 0.9993898862255267 -0.008799910945351846 0.434534 0.776497
-0.01792 -8.9E-05 0.008222 0.03139972745154857 0.9993913253209441 -0.015199868065717782 0.451504 0.822736
0.008211 -0.000796 0.019172 0.390706372472903 0.0008000130483192282 0.9205150137223118 0.976456 0.191029
0.013534 -0.000796 0.015917 0.6411869070970342 0.0007999836645003546 0.7673843301719651 0.976456 0.14471
0.012717 -0.000796 0.016567 0.6027324459608727 0.0008000430674775147 0.7979429544253863 0.976456 0.152429
0.010993 -0.000796 0.017741 0.5215954517074916 0.0007999930240912448 0.8531925601933125 0.976456 0.167869
0.01187 -0.000796 0.017175 0.5627966119745939 0.0007999951840434881 0.826595023912934 0.976456 0.160149
0.016456 -0.000796 0.012944 0.7785609327925641 0.0007999598590213863 0.6275685094022776 0.976456 0.11383
0.015781 -0.000796 0.013741 0.7468239435594518 0.0008000256492334782 0.6650213209253287 0.976456 0.12155
0.014319 -0.000796 0.015229 0.6780306341160897 0.0008000361464496633 0.7350332095506281 0.976456 0.13699
0.015068 -0.000796 0.014503 0.7132300668472153 0.0008000337261326027 0.7009295483079265 0.976456 0.12927
0.018741 -0.000796 0.009459 0.886034733242328 0.0008000313618440885 0.46361817418864926 0.976456 0.082951
0.018235 -0.000796 0.010371 0.8622294327040366 0.0008000273093983175 0.5065172902628097 0.976456 0.09067
0.017091 -0.000796 0.012116 0.8084156995853304 0.0008000155364525784 0.5886114309449845 0.976456 0.10611
0.017684 -0.000796 0.011258 0.8362869456626666 0.000799987512292399 0.5482914412374029 0.976456 0.09839
0.020302 -0.000796 0.005594 0.9594670499002524 0.0008000559098605399 0.28181969424837516 0.976456 0.052071
0.019984 -0.000796 0.006588 0.9444722093141052 0.0007999764610389457 0.328590331371747 0.976456 0.059791
0.019202 -0.000796 0.008522 0.9077072208396628 0.0008000063640759396 0.4196033379578302 0.976456 0.075231
0.019617 -0.000796 0.007565 0.9271881135245764 0.0007999897441972187 0.3745951977203476 0.976456 0.067511
0.021079 -0.000796 0.001499 0.9960133068266693 0.0008000106882141923 0.08920119173588244 0.976456 0.021191
0.020961 -0.000796 0.002536 0.9904312981235388 0.0008000252811983351 0.13800436100671282 0.976456 0.028911
0.020572 -0.000796 0.004586 0.9721377148142335 0.0008000310378061793 0.2344090940772105 0.976456 0.044351
0.020791 -0.000796 0.003566 0.9824527345658297 0.000800042943457516 0.18651001119353341 0.976456 0.036631
0.021147 -0.000796 0.000458 0.9991873253891658 0.0007999898521930871 0.04029948880422676 0.976456 0.013471
0.020194 -0.000796 -0.006749 0.954342555083318 0.0008000356743860991 -0.29871331992390976 0.976456 0.94758
0.020481 -0.000796 -0.005746 0.9678840252059948 0.000799986796326889 -0.25139585074572485 0.976456 0.955299
0.020906 -0.000796 -0.003703 0.9878500655100122 0.0008000405470824152 -0.15540787627075917 0.976456 0.970739
0.020719 -0.000796 -0.00473 0.9790515973788086 0.0008000421633330408 -0.20361073056825887 0.976456 0.963019
0.018565 -0.000796 -0.010586 0.877746196998054 0.0008000421073241919 -0.4791252170237754 0.976456 0.9167
0.019043 -0.000796 -0.009658 0.9002297800936965 0.0008000264653132161 -0.43541440374671786 0.976456 0.92442
0.019858 -0.000796 -0.007737 0.9385577700086709 0.0008000492445465495 -0.34512124286626783 0.976456 0.93986
0.019474 -0.000796 -0.008708 0.9205150137223118 0.0008000130483192282 -0.390706372472903 0.976456 0.932139
0.016219 -0.000796 -0.014031 0.7673843301719651 0.0007999836645003546 -0.6411869070970342 0.976456 0.88582
0.018043 -0.000796 -0.011489 0.8531925601933125 0.0007999930240912448 -0.5215954517074916 0.976456 0.90898
0.017477 -0.000796 -0.012366 0.826595023912934 0.0007999951840434881 -0.5627966119745939 0.976456 0.90126
0.016869 -0.000796 -0.013214 0.7979429544253863 0.0008000430674775147 -0.6027324459608727 0.976456 0.89354
0.013247 -0.000796 -0.016952 0.6275685094022776 0.0007999598590213863 -0.7785609327925641 0.976456 0.854941
0.014043 -0.000796 -0.016278 0.6650213209253287 0.0008000256492334782 -0.7468239435594518 0.976456 0.86266
0.015531 -0.000796 -0.014815 0.7350332095506281 0.0008000361464496633 -0.6780306341160897 0.976456 0.8781
0.014805 -0.000796 -0.015565 0.7009295483079265 0.0008000337261326027 -0.7132300668472153 0.976456 0.87038
0.009761 -0.000796 -0.019238 0.46361817418864926 0.0008000313618440885 -0.886034733242328 0.976456 0.824061
0.010673 -0.000796 -0.018731 0.5065172902628097 0.0008000273093983175 -0.8622294327040366 0.976456 0.831781
0.012418 -0.000796 -0.017587 0.5886114309449845 0.0008000155364525784 -0.8084156995853304 0.976456 0.847221
0.01156 -0.000796 -0.018181 0.5482914412374029 0.000799987512292399 -0.8362869456626666 0.976456 0.839501
0.005896 -0.000796 -0.020799 0.28181969424837516 0.0008000559098605399 -0.9594670499002524 0.976456 0.793182
0.00689 -0.000796 -0.02048 0.328590331371747 0.0007999764610389457 -0.9444722093141052 0.976456 0.800901
0.008825 -0.000796 -0.019699 0.4196033379578302 0.0008000063640759396 -0.9077072208396628 0.976456 0.816341
0.007867 -0.000796 -0.020113 0.3745951977203476 0.0007999897441972187 -0.9271881135245764 0.976456 0.808621
0.001801 -0.000796 -0.021576 0.08920119173588244 0.0008000106882141923 -0.9960133068266693 0.976456 0.762302
0.002838 -0.000796 -0.021457 0.13800436100671282 0.0008000252811983351 -0.9904312981235388 0.976456 0.770022
0.004888 -0.000796 -0.021068 0.2344090940772105 0.0008000310378061793 -0.9721377148142335 0.976456 0.785461
0.003868 -0.000796 -0.021288 0.18651001119353341 0.000800042943457516 -0.9824527345658297 0.976456 0.777741
-0.002367 -0.000796 -0.02154 -0.10679789770407534 0.0007999842524649839 -0.9942804277824168 0.976456 0.731422
-0.001326 -0.000796 -0.021625 -0.05780160777408066 0.0008000222529284521 -0.9983277688730922 0.976456 0.739142
0.00076 -0.000796 -0.021644 0.04029948880422676 0.0007999898521930871 -0.9991873253891658 0.976456 0.754582
-0.000284 -0.000796 -0.02166 -0.008700537970894625 0.0008000494685880115 -0.9999618295514409 0.976456 0.746862
-0.006447 -0.000796 -0.020691 -0.29871331992390976 0.0008000356743860991 -0.954342555083318 0.976456 0.700543
-0.005444 -0.000796 -0.020978 -0.25139585074572485 0.000799986796326889 -0.9678840252059948 0.976456 0.708263
-0.003401 -0.000796 -0.021403 -0.15540787627075917 0.0008000405470824152 -0.9878500655100122 0.976456 0.723702
-0.004428 -0.000796 -0.021215 -0.20361073056825887 0.0008000421633330408 -0.9790515973788086 0.976456 0.715982
-0.010284 -0.000796 -0.019062 -0.4791252170237754 0.0008000421073241919 -0.877746196998054 0.976456 0.669663
-0.007435 -0.000796 -0.020355 -0.34512124286626783 0.0008000492445465495 -0.9385577700086709 0.976456 0.692823
-0.008405 -0.000796 -0.019971 -0.390706372472903 0.0008000130483192282 -0.9205150137223118 0.976456 0.685103
-0.009356 -0.000796 -0.019539 -0.43541440374671786 0.0008000264653132161 -0.9002297800936965 0.976456 0.677383
-0.013729 -0.000796 -0.016716 -0.6411869070970342 0.0007999836645003546 -0.7673843301719651 0.976456 0.638783
-0.012912 -0.000796 -0.017365 -0.6027324459608727 0.0008000430674775147 -0.7979429544253863 0.976456 0.646503
-0.011187 -0.000796 -0.01854 -0.5215954517074916 0.0007999930240912448 -0.8531925601933125 0.976456 0.661943
-0.012064 -0.000796 -0.017974 -0.5627966119745939 0.0007999951840434881 -0.826595023912934 0.976456 0.654223
-0.01665 -0.000796 -0.013743 -0.7785609327925641 0.0007999598590213863 -0.6275685094022776 0.976456 0.607903
-0.015976 -0.000796 -0.014539 -0.7468239435594518 0.0008000256492334782 -0.6650213209253287 0.976456 0.615623
-0.014513 -0.000796 -0.016027 -0.6780306341160897 0.0008000361464496633 -0.7350332095506281 0.976456 0.631063
-0.015263 -0.000796 -0.015301 -0.7132300668472153 0.0008000337261326027 -0.7009295483079265 0.976456 0.623343
-0.017285 -0.000796 -0.012915 -0.8084156995853304 0.0008000155364525784 -0.5886114309449845 0.976456 0.600183
-0.020497 -0.000796 -0.006393 -0.9594670499002524 0.0008000559098605399 -0.28181969424837516 0.976456 0.546144
-0.020178 -0.000796 -0.007387 -0.9444722093141052 0.0007999764610389457 -0.328590331371747 0.976456 0.553864
-0.019396 -0.000796 -0.009321 -0.9077072208396628 0.0008000063640759396 -0.4196033379578302 0.976456 0.569304
-0.019811 -0.000796 -0.008363 -0.9271881135245764 0.0007999897441972187 -0.3745951977203476 0.976456 0.561584
-0.021274 -0.000796 -0.002298 -0.9960133068266693 0.0008000106882141923 -0.08920119173588244 0.976456 0.515264
-0.021155 -0.000796 -0.003335 -0.9904312981235388 0.0008000252811983351 -0.13800436100671282 0.976456 0.522984
-0.020766 -0.000796 -0.005385 -0.9721377148142335 0.0008000310378061793 -0.2344090940772105 0.976456 0.538424
-0.020986 -0.000796 -0.004364 -0.9824527345658297 0.000800042943457516 -0.18651001119353341 0.976456 0.530704
-0.021237 -0.000796 0.00187 -0.9942804277824168 0.0007999842524649839 0.10679789770407534 0.976456 0.484385
-0.021323 -0.000796 0.00083 -0.9983277688730922 0.0008000222529284521 0.05780160777408066 0.976456 0.492104
-0.021342 -0.000796 -0.001257 -0.9991873253891658 0.0007999898521930871 -0.04029948880422676 0.976456 0.507545
-0.021358 -0.000796 -0.000213 -0.9999618295514409 0.0008000494685880115 0.008700537970894625 0.976456 0.499825
-0.020388 -0.000796 0.005951 -0.954342555083318 0.0008000356743860991 0.29871331992390976 0.976456 0.453505
-0.020676 -0.000796 0.004947 -0.9678840252059948 0.000799986796326889 0.25139585074572485 0.976456 0.461225
-0.021101 -0.000796 0.002905 -0.9878500655100122 0.0008000405470824152 0.15540787627075917 0.976456 0.476665
-0.020913 -0.000796 0.003931 -0.9790515973788086 0.0008000421633330408 0.20361073056825887 0.976456 0.468945
-0.017671 -0.000796 0.011567 -0.826595023912934 0.0007999951840434881 0.5627966119745939 0.976456 0.407186
-0.016414 -0.000796 0.013232 -0.7673843301719651 0.0007999836645003546 0.6411869070970342 0.976456 0.391746
-0.017063 -0.000796 0.012415 -0.7979429544253863 0.0008000430674775147 0.6027324459608727 0.976456 0.399466
0.021043 -0.000796 -0.002669 0.9942804277824168 0.0007999842524649839 -0.10679789770407534 0.976456 0.978459
0.021164 -0.000796 -0.000586 0.9999618295514409 0.0008000494685880115 -0.008700537970894625 0.976456 0.49982499999999996
0.021129 -0.000796 -0.001629 0.9983277688730922 0.0008000222529284521 -0.05780160777408066 0.976456 0.986179
-0.017878 -0.000796 -0.012056 -0.8362869456626666 0.000799987512292399 -0.5482914412374029 0.976456 0.592464
-0.018935 -0.000796 -0.010257 -0.886034733242328 0.0008000313618440885 -0.46361817418864926 0.976456 0.577024
-0.018429 -0.000796 -0.01117 -0.8622294327040366 0.0008000273093983175 -0.5065172902628097 0.976456 0.584744
-0.013493 0.000212 0.014643 0.09360435410779934 0.9900460530632622 -0.1051048890676251 0.506307 0.905758
-0.01617 0.000212 0.011741 0.11219563062624623 0.9900614428079001 -0.08479669765691338 0.472078 0.86861
-0.013421 0.000181 0.014562 0.3211134950782019 0.8757368036125239 -0.3605151509675858 0.507262 0.904687
-0.016084 0.000181 0.011676 0.38519470553515833 0.8757879623771851 -0.2908960016619355 0.473224 0.867746
-0.013375 0.000119 0.014511 0.5325102589089578 0.5991115419950358 -0.5979115188763677 0.508041 0.903812
-0.016029 0.000119 0.011634 0.6388946396964593 0.5990949736142569 -0.48259595103695613 0.47416 0.86704
-0.010301 0.000212 0.016967 0.07130279334164481 0.9900387855291496 -0.12140475612448359 0.54711 0.935498
-0.010246 0.000181 0.016874 0.24460179293771336 0.8757064189515764 -0.4163030515125514 0.547838 0.934262
-0.010211 0.000119 0.016815 0.40561089891128255 0.5991160984658515 -0.6903185491086251 0.548432 0.933252
-0.006716 0.000212 0.018624 0.046300942233761785 0.9900201471149928 -0.13310270866768237 0.592927 0.956711
-0.006681 0.000181 0.018522 0.15870886731213202 0.8756489238721034 -0.4561254844427436 0.593399 0.955356
-0.006659 0.000119 0.018458 0.2631025179031446 0.5991057334693042 -0.7562072369378865 0.593785 0.95425
-0.002878 0.000212 0.01955 0.0194000732354147 0.9900037372711624 -0.13970052737048624 0.641999 0.968582
-0.002863 0.000181 0.019443 0.06670030648861246 0.8756040234097313 -0.4784021982631515 0.642197 0.967161
-0.002854 0.000119 0.019376 0.11050110170147598 0.5991059731163281 -0.7930079063282394 0.64236 0.966001
0.001067 0.000212 0.019709 -0.008099925400030596 0.9899908822259618 -0.1408987023289273 0.692445 0.970656
0.001061 0.000181 0.019601 -0.027901507419658623 0.8755473027208287 -0.48232605836922415 0.692363 0.969223
0.001057 0.000119 0.019533 -0.04630127353404308 0.5991164789253823 -0.7993219856535773 0.692296 0.968054
0.004968 0.000212 0.019095 -0.0354991632945816 0.9899766665249518 -0.13669677809491 0.742331 0.96285
0.004941 0.000181 0.018991 -0.12149964825902743 0.8754974654385063 -0.46769864601437966 0.741971 0.961461
0.004924 0.000119 0.018925 -0.20130880644636123 0.5991262093493046 -0.7749339002249643 0.741678 0.960327
0.008674 0.000212 0.017733 -0.061597708607858896 0.9899631740548751 -0.12719526842402032 0.78974 0.945466
0.008627 0.000181 0.017636 -0.21050553426324464 0.8754230151736073 -0.43511143923010803 0.789116 0.944173
0.008597 0.000119 0.017574 -0.3486008000397542 0.5991013749392332 -0.7208016542416947 0.788606 0.943118
0.012043 0.000212 0.015673 -0.08520394247762977 0.9899458058521797 -0.11290522424559157 0.832859 0.919152
0.011978 0.000181 0.015587 -0.2914137419390093 0.8753412776911972 -0.385818193685895 0.831995 0.918006
0.011937 0.000119 0.015533 -0.48259595103695613 0.5990949736142569 -0.6388946396964593 0.831289 0.91707
0.014945 0.000212 0.012996 -0.10570373616458328 0.9899349898705865 -0.09410332614084471 0.870007 0.884933
0.014864 0.000181 0.012924 -0.3611054419000145 0.8753131910691849 -0.3216048466215582 0.868935 0.883978
0.014814 0.000119 0.012879 -0.5979115188763677 0.5991115419950358 -0.5325102589089578 0.86806 0.883198
0.017269 0.000212 0.009804 -0.12210297263305359 0.9899240999955753 -0.07170174560024523 0.899762 0.84412
0.017176 0.000181 0.009749 -0.4169866378772804 0.8752719523596728 -0.244992149352359 0.898525 0.843392
0.017118 0.000119 0.009715 -0.6903185491086251 0.5991160984658515 -0.40561089891128255 0.897515 0.842798
0.018926 0.000212 0.00622 -0.13380222782564008 0.9899164822466452 -0.0465007742443368 0.920983 0.798294
0.018824 0.000181 0.006184 -0.45682501413849247 0.875247925512278 -0.15890870128416476 0.919627 0.797821
0.01876 0.000119 0.006162 -0.7562072369378865 0.5991057334693042 -0.2631025179031446 0.918521 0.797435
0.019852 0.000212 0.002381 -0.140302360607076 0.9899166554878441 -0.019500328095780343 0.932858 0.749213
0.019745 0.000181 0.002367 -0.47910620686111516 0.8752113384363347 -0.06680086541081715 0.931436 0.749014
0.019678 0.000119 0.002357 -0.7930079063282394 0.5991059731163281 -0.11050110170147598 0.930275 0.748851
0.020011 0.000212 -0.001564 -0.14140260112477177 0.9899182097129531 0.008200150843162154 0.934932 0.698749
0.019903 0.000181 -0.001558 -0.48291172282435907 0.8752212462536324 0.02800067972475058 0.933499 0.698831
0.019835 0.000119 -0.001554 -0.7993219856535773 0.5991164789253823 0.04630127353404308 0.932329 0.698898
0.019398 0.000212 -0.005464 -0.13710234584120617 0.9899169376237054 0.035600609131633404 0.927117 0.648845
0.019293 0.000181 -0.005437 -0.46820635828551854 0.8752118854581072 0.12160165136163831 0.925727 0.649205
0.019227 0.000119 -0.00542 -0.7749339002249642 0.5991262093493045 0.2013088064463612 0.924592 0.649499
0.018035 0.000212 -0.00917 -0.12750222174557105 0.9899172494583591 0.06170107515060183 0.909714 0.601432
0.017938 0.000181 -0.009123 -0.43542164970264824 0.8752435181896134 0.2106104718129943 0.908421 0.602057
0.017876 0.000119 -0.009094 -0.7208016542416947 0.5991013749392332 0.3486008000397542 0.907365 0.602566
0.015975 0.000212 -0.012539 -0.11300298896858786 0.9899261838938507 0.0853022562745181 0.883398 0.558329
0.015889 0.000181 -0.012474 -0.3859258385998704 0.8752586005250235 0.2915195178851055 0.882252 0.559194
0.015835 0.000119 -0.012433 -0.6388946396964593 0.5990949736142569 0.48259595103695613 0.881316 0.5599
0.013298 0.000212 -0.015442 -0.09410332614084471 0.9899349898705865 0.10570373616458328 0.849176 0.521185
0.013226 0.000181 -0.015361 -0.32160484662155814 0.8753131910691848 0.3611054419000144 0.848221 0.522256
0.013181 0.000119 -0.01531 -0.5325102589089578 0.5991115419950358 0.5979115188763677 0.847441 0.523131
0.010106 0.000212 -0.017766 -0.07170262077868507 0.9899361828287356 0.12200445934448505 0.808368 0.491435
0.010051 0.000181 -0.017673 -0.2449083625388108 0.8753298886493306 0.4169142357796252 0.80764 0.492673
0.010017 0.000119 -0.017614 -0.40561089891128255 0.5991160984658515 0.6903185491086251 0.807046 0.493683
0.006522 0.000212 -0.019423 -0.04640284875833059 0.9899607755575744 0.13350819631976582 0.762543 0.470218
0.006487 0.000181 -0.019321 -0.15879792293675188 0.8753885499926486 0.4565940277891745 0.76207 0.471574
0.006464 0.000119 -0.019257 -0.2631025179031446 0.5991057334693042 0.7562072369378865 0.761685 0.47268
0.002684 0.000212 -0.020349 -0.019499490484970357 0.9899741323138797 0.1398963445562745 0.713459 0.45835
0.002669 0.000181 -0.020242 -0.06670241000161081 0.8754316299161935 0.4787172963683823 0.71326 0.459771
0.002659 0.000119 -0.020174 -0.11050110170147598 0.5991059731163281 0.7930079063282394 0.713098 0.460932
-0.001262 0.000212 -0.020508 0.008099925400030596 0.9899908822259618 0.1408987023289273 0.663004 0.456286
-0.001256 0.000181 -0.0204 0.027900161542402997 0.8755050691890258 0.48240279312025824 0.663086 0.457719
-0.001252 0.000119 -0.020332 0.04630127353404308 0.5991164789253823 0.7993219856535773 0.663153 0.458888
-0.005162 0.000212 -0.019894 0.03550013312574883 0.9900037125208829 0.13650051187787932 0.613129 0.4641
-0.005135 0.000181 -0.01979 0.12150533055577978 0.8755384107126354 0.46762051496199697 0.613489 0.465489
-0.005118 0.000119 -0.019724 0.20130880644636123 0.5991262093493046 0.7749339002249643 0.613782 0.466623
-0.008868 0.000212 -0.018531 0.06140081141708435 0.9900130831093404 0.12690167701674274 0.565724 0.48149
-0.008821 0.000181 -0.018434 0.21030499585451548 0.875620800619181 0.434810329042051 0.566348 0.482782
-0.008792 0.000119 -0.018373 0.3486008000397542 0.5991013749392332 0.7208016542416947 0.566857 0.483838
-0.012237 0.000212 -0.016472 0.08490247197145771 0.9900288251088708 0.11240327266892634 0.52262 0.5078
-0.012172 0.000181 -0.016386 0.29111882726335836 0.8756566305455052 0.38532491976836813 0.523484 0.508945
-0.012131 0.000119 -0.016331 0.48259595103695613 0.5990949736142569 0.6388946396964593 0.52419 0.509881
-0.015139 0.000212 -0.013795 0.1051048890676251 0.9900460530632622 0.09360435410779934 0.485478 0.542011
-0.015059 0.000181 -0.013723 0.36060215280127833 0.8757052279758165 0.32110191698416657 0.486549 0.542966
-0.015008 0.000119 -0.013678 0.5979115188763677 0.5991115419950358 0.5325102589089578 0.487424 0.543746
-0.017464 0.000212 -0.010603 0.12130622438206369 0.9900508008099179 0.07130365868459308 0.455723 0.582807
-0.017371 0.000181 -0.010548 0.4162305566067819 0.875764292216624 0.24451795072166788 0.456959 0.583535
-0.017312 0.000119 -0.010514 0.6903185491086251 0.5991160984658515 0.40561089891128255 0.457969 0.58413
-0.019121 0.000212 -0.007019 0.1327954657762303 0.9900661947669098 0.046198422581790966 0.434491 0.628639
-0.019019 0.000181 -0.006983 0.45589443584236566 0.8757893110566876 0.15859806432243737 0.435846 0.629112
-0.018954 0.000119 -0.006961 0.7562072369378865 0.5991057334693042 0.2631025179031446 0.436953 0.629498
-0.020046 0.000212 -0.00318 0.13929450772583843 0.990060962665848 0.019399235103239522 0.422613 0.677727
-0.01994 0.000181 -0.003165 0.47801309773831946 0.8758239979063184 0.06660182491500435 0.424034 0.677926
-0.019872 0.000119 -0.003156 0.7930079063282394 0.5991059731163281 0.11050110170147598 0.425195 0.678089
-0.020206 0.000212 0.000765 0.14039468054632925 0.9900624872430241 -0.008099693108442073 0.420546 0.728205
-0.020098 0.000181 0.000759 0.48189237170413346 0.87578613641519 -0.027899558353486873 0.421978 0.728123
-0.02003 0.000119 0.000755 0.7993219856535773 0.5991164789253823 -0.04630127353404308 0.423148 0.728056
-0.019592 0.000212 0.004666 0.1360954197857194 0.9900666798665744 -0.035298812038470934 0.428366 0.778096
-0.019488 0.000181 0.004639 0.4671126098751076 0.8758236431783756 -0.12140327732570769 0.429755 0.777736
-0.019422 0.000119 0.004622 0.7749339002249642 0.5991262093493045 -0.2013088064463612 0.43089 0.777442
-0.018229 0.000212 0.008372 0.12659472997108465 0.9900587847106708 -0.06129744824034352 0.445767 0.825506
-0.018132 0.000181 0.008325 0.43450001520750087 0.8758000306530018 -0.21020000735700042 0.447059 0.824883
-0.018071 0.000119 0.008295 0.7208016542416947 0.5991013749392332 -0.3486008000397542 0.448114 0.824373
-0.014048 -3.5E-05 0.013798 0.6196608226947677 0.4673458722486523 -0.6305618926872999 0.500392 0.893744
-0.014727 -3.5E-05 0.013096 0.6498358426843822 0.4673257760640378 -0.5994330626423803 0.491758 0.884821
-0.015372 -3.5E-05 0.012362 0.6784481409958272 0.4673331608009287 -0.5668402215749334 0.48357 0.875487
-0.013307 -8.6E-05 0.014435 0.3072923331519306 0.8868778726731117 -0.3449913925721316 0.510003 0.901611
-0.015947 -8.6E-05 0.011572 0.3687154531884715 0.8868371681245905 -0.27851167266880744 0.476513 0.865265
-0.015291 -8.9E-05 0.012294 0.026799727180165957 0.9993898262633528 -0.022399771971481994 0.484835 0.874432
-0.01465 -8.9E-05 0.013025 0.025599777154909797 0.9993913003365956 -0.023699793694193835 0.492969 0.883706
-0.013974 -8.9E-05 0.013723 0.024399808096263985 0.9993921398117305 -0.024899804163810373 0.501547 0.89257
-0.01101 -3.5E-05 0.016246 0.4847320248791204 0.4673308752341922 -0.7393488466951387 0.538969 0.924873
-0.011813 -3.5E-05 0.015691 0.5204048033585025 0.4673043132387168 -0.7147065967723324 0.528764 0.91781
-0.012589 -3.5E-05 0.015097 0.5548196354143521 0.4673165386249581 -0.6883243602301705 0.518916 0.910258
-0.010159 -8.6E-05 0.016727 0.23402186685474208 0.8868828697725867 -0.3983372203771101 0.549925 0.930713
-0.012523 -8.9E-05 0.015015 0.02189978308372283 0.9993901010900729 -0.027199730588002784 0.51995 0.908977
-0.011752 -8.9E-05 0.015606 0.02049983753943125 0.9993920798491507 -0.028199776517656646 0.529733 0.91648
-0.010952 -8.9E-05 0.016159 0.01909982991677188 0.9993911004618753 -0.029199739977473244 0.539872 0.923497
-0.007553 -3.5E-05 0.018056 0.33120483231375547 0.4673068180562136 -0.8197119596847384 0.58287 0.947878
-0.008449 -3.5E-05 0.017667 0.37099693186806015 0.4672961354769394 -0.8024933634073269 0.571484 0.94294
-0.009326 -3.5E-05 0.017236 0.409911028804597 0.4673125732139258 -0.7833210755370599 0.560352 0.937452
-0.006625 -8.6E-05 0.018361 0.15180056621716798 0.8869033081555092 -0.4363016274081054 0.594754 0.951469
-0.009277 -8.9E-05 0.017143 0.0161998573608839 0.9993912003992205 -0.03089972792909337 0.561116 0.935994
-0.008405 -8.9E-05 0.017572 0.014599865608855603 0.9993908006500198 -0.03169970820552895 0.572175 0.941446
-0.007513 -8.9E-05 0.017958 0.013099900048143948 0.9993923746652718 -0.03229975355382057 0.583488 0.946352
-0.003809 -3.5E-05 0.019155 0.16489775245895089 0.4672936308312174 -0.8685881612240434 0.630412 0.961878
-0.004764 -3.5E-05 0.01895 0.20730923168563503 0.4673208102590316 -0.8594382716383732 0.618281 0.959256
-0.005708 -3.5E-05 0.018697 0.2492108197226125 0.46732028915078977 -0.8482368270012837 0.606295 0.956045
-0.002839 -8.6E-05 0.019274 0.06379809214658111 0.8868734784451847 -0.4575863160858231 0.642769 0.963084
-0.005678 -8.9E-05 0.018597 0.009799908616278228 0.9993906807253532 -0.03349968761686946 0.60676 0.954466
-0.004739 -8.9E-05 0.018848 0.00819993107986891 0.9993916001489009 -0.0338997150740922 0.618668 0.957657
-0.00379 -8.9E-05 0.019052 0.006499937925889209 0.9993904558667193 -0.034299672439692286 0.630719 0.960261
7.7E-05 -3.5E-05 0.019504 -0.00770044440547033 0.46732697021769937 -0.8840510200565938 0.679771 0.96634
-0.0009 -3.5E-05 0.019488 0.03559942667585004 0.4672924743153012 -0.8833857731866832 0.667363 0.966135
-0.001875 -3.5E-05 0.019425 0.07890494157670422 0.4673292674118362 -0.8805551464928778 0.654981 0.965322
0.001051 -8.6E-05 0.019431 -0.026699867301989266 0.8868955921398606 -0.46119770785308795 0.692128 0.965113
-0.001865 -8.9E-05 0.01932 0.0030999782072298047 0.9993929742920861 -0.034699756061572336 0.655129 0.963683
-0.000895 -8.9E-05 0.019383 0.0013999857692169836 0.9993898412538953 -0.03489964524690909 0.66743 0.964491
7.6E-05 -8.9E-05 0.019399 -0.0002999972310383362 0.9993907756657107 -0.03489967787745978 0.679758 0.964694
0.003957 -3.5E-05 0.019087 -0.18001264273186415 0.46733282193666736 -0.8655607904690469 0.72906 0.961089
0.002996 -3.5E-05 0.019263 -0.13740680592765056 0.46732314708872713 -0.873343257762862 0.716848 0.963307
0.002027 -3.5E-05 0.019391 -0.09440369833732497 0.4673183075533046 -0.8790344368486086 0.704543 0.964926
0.004898 -8.6E-05 0.018825 -0.11619524248319281 0.8868636881096704 -0.4471816905205148 0.740939 0.957475
0.002016 -8.9E-05 0.019286 -0.0036999664414565634 0.9993909355653213 -0.034699685275281826 0.704369 0.963289
0.002979 -8.9E-05 0.019159 -0.005399946621791465 0.9993901210774795 -0.03449965897255658 0.716594 0.961681
0.003935 -8.9E-05 0.018984 -0.007099927545609095 0.9993898012791168 -0.034199650994342405 0.728726 0.959477
0.007681 -3.5E-05 0.017922 -0.3454102087495816 0.46731381166380864 -0.8138240529253316 0.776376 0.946328
0.006772 -3.5E-05 0.018282 -0.30512175748265363 0.46733332439083597 -0.829759168087046 0.764831 0.950885
0.005847 -3.5E-05 0.018596 -0.26401386373198643 0.46732453985589867 -0.8437443061768065 0.753079 0.954871
0.008552 -8.6E-05 0.017482 -0.2012132312110417 0.8868583172860428 -0.4159273502021484 0.787325 0.940462
0.005816 -8.9E-05 0.018496 -0.010399909469182103 0.9993913003365956 -0.03329971012728501 0.752589 0.9533
0.006736 -8.9E-05 0.018183 -0.011999918100838442 0.9993931791648282 -0.032699776824784754 0.764265 0.94934
0.007639 -8.9E-05 0.017825 -0.013599893037261892 0.9993921398117305 -0.032099747536478436 0.775734 0.944812
0.011105 -3.5E-05 0.016053 -0.49751388580633193 0.467313042889043 -0.7308203974819445 0.819921 0.922606
0.010285 -3.5E-05 0.016583 -0.46111129967084935 0.46731145160743415 -0.7543184848009578 0.809484 0.929331
0.009439 -3.5E-05 0.017072 -0.4236037595000484 0.4673041473427116 -0.7760068870916845 0.79873 0.935538
0.011875 -8.6E-05 0.015451 -0.2784869740764242 0.8868585181629466 -0.36868275526742406 0.829515 0.914718
0.009389 -8.9E-05 0.016979 -0.016699869658025977 0.999392199774321 -0.030599761169796104 0.797942 0.934092
0.01023 -8.9E-05 0.016493 -0.018199821278632563 0.9993901860365595 -0.02979970736831046 0.808626 0.927925
0.011046 -8.9E-05 0.015966 -0.019599863193432362 0.9993930242610359 -0.028799798978104696 0.818995 0.921244
0.0141 -3.5E-05 0.013551 -0.6305618926872999 0.4673458722486523 -0.6196608226947677 0.857992 0.890846
0.013398 -3.5E-05 0.014231 -0.5994330626423803 0.4673257760640378 -0.6498358426843822 0.849069 0.899477
0.012664 -3.5E-05 0.014875 -0.5669080898361634 0.46730666851373986 -0.6784096809752218 0.839736 0.907663
0.014737 -8.6E-05 0.01281 -0.34502199067738604 0.8868565256020463 -0.3073195876381471 0.86586 0.881235
0.012597 -8.9E-05 0.014795 -0.022399771971481994 0.9993898262633528 -0.026799727180165957 0.838681 0.906398
0.013327 -8.9E-05 0.014154 -0.023699793694193835 0.9993913003365956 -0.025599777154909797 0.847954 0.898266
0.014025 -8.9E-05 0.013477 -0.024899804163810373 0.9993921398117305 -0.024399808096263985 0.856818 0.889692
0.016549 -3.5E-05 0.010513 -0.7393488466951387 0.4673308752341922 -0.4847320248791204 0.889134 0.852262
0.015993 -3.5E-05 0.011317 -0.7147065967723325 0.4673043132387169 -0.5204048033585026 0.882069 0.862468
0.015399 -3.5E-05 0.012092 -0.6883243602301705 0.4673165386249581 -0.5548196354143521 0.87451 0.872318
0.017029 -8.6E-05 0.009663 -0.3984213559570342 0.8868475363019528 -0.23401254340849906 0.894976 0.841304
0.015317 -8.9E-05 0.012026 -0.027199730588002784 0.9993901010900729 -0.02189978308372283 0.873228 0.871283
0.015908 -8.9E-05 0.011255 -0.028199776517656646 0.9993920798491507 -0.02049983753943125 0.880739 0.861498
0.016461 -8.9E-05 0.010456 -0.029199739977473244 0.9993911004618753 -0.01909982991677188 0.887758 0.851359
0.018358 -3.5E-05 0.007056 -0.8197119596847384 0.4673068180562136 -0.33120483231375547 0.912143 0.808354
0.01797 -3.5E-05 0.007953 -0.8024933634073269 0.4672961354769394 -0.37099693186806015 0.907205 0.819744
0.017538 -3.5E-05 0.008829 -0.7833210755370599 0.4673125732139258 -0.409911028804597 0.901717 0.830875
0.018663 -8.6E-05 0.006128 -0.4363016274081054 0.8869033081555092 -0.15180056621716798 0.915737 0.796464
0.017445 -8.9E-05 0.00878 -0.03089972792909337 0.9993912003992205 -0.0161998573608839 0.900258 0.830111
0.017874 -8.9E-05 0.007909 -0.03169970820552895 0.9993908006500198 -0.014599865608855603 0.905712 0.819053
0.01826 -8.9E-05 0.007017 -0.03229975355382057 0.9993923746652718 -0.013099900048143948 0.910617 0.807737
0.019458 -3.5E-05 0.003313 -0.8685636028985687 0.467334221801383 -0.164912076128928 0.92615 0.760804
0.019252 -3.5E-05 0.004268 -0.8594382716383729 0.4673208102590315 -0.207309231685635 0.923529 0.772936
0.019 -3.5E-05 0.005211 -0.8482368270012837 0.46732028915078977 -0.2492108197226125 0.920317 0.784922
0.019576 -8.6E-05 0.002343 -0.4575863160858231 0.8868734784451847 -0.06379809214658111 0.927357 0.748442
0.018899 -8.9E-05 0.005182 -0.03349968761686946 0.9993906807253532 -0.009799908616278228 0.918738 0.784457
0.01915 -8.9E-05 0.004243 -0.0338997150740922 0.9993916001489009 -0.00819993107986891 0.92193 0.77255
0.019354 -8.9E-05 0.003293 -0.03429967243969229 0.9993904558667195 -0.006499937925889211 0.924533 0.760496
0.019806 -3.5E-05 -0.000574 -0.8840510200565938 0.46732697021769937 0.00770044440547033 0.930615 0.711427
0.019791 -3.5E-05 0.000403 -0.8833857731866833 0.4672924743153013 -0.035599426675850046 0.93041 0.72384
0.019727 -3.5E-05 0.001378 -0.88057760719617 0.4672881170142746 -0.07889799364953191 0.929597 0.736226
0.019733 -8.6E-05 -0.001548 -0.46119770785308795 0.8868955921398606 0.026699867301989266 0.929387 0.699066
0.019623 -8.9E-05 0.001369 -0.034699756061572336 0.9993929742920861 -0.0030999782072298047 0.927957 0.736078
0.019686 -8.9E-05 0.000399 -0.03489964524690908 0.9993898412538951 -0.0013999857692169834 0.928766 0.723773
0.019701 -8.9E-05 -0.000573 -0.03489967787745978 0.9993907756657107 0.0002999972310383362 0.928969 0.71144
0.01939 -3.5E-05 -0.004453 -0.8655607904690469 0.46733282193666736 0.18001264273186415 0.925357 0.662122
0.019565 -3.5E-05 -0.003492 -0.873343257762862 0.46732314708872713 0.13740680592765056 0.927578 0.674339
0.019693 -3.5E-05 -0.002524 -0.8790344368486086 0.4673183075533046 0.09440369833732497 0.929199 0.686648
0.019128 -8.6E-05 -0.005394 -0.44722135085694703 0.8868423388639102 0.11620554778528007 0.921738 0.650239
0.019589 -8.9E-05 -0.002513 -0.034699685275281826 0.9993909355653213 0.0036999664414565634 0.927561 0.686822
0.019461 -8.9E-05 -0.003476 -0.03449965897255658 0.9993901210774795 0.005399946621791465 0.925952 0.674593
0.019287 -8.9E-05 -0.004432 -0.034199650994342405 0.9993898012791168 0.007099927545609095 0.923744 0.662457
0.018224 -3.5E-05 -0.008177 -0.8138240529253316 0.46731381166380864 0.3454102087495816 0.910578 0.614798
0.018584 -3.5E-05 -0.007269 -0.8297903164035112 0.46729454670445986 0.30509643954532567 0.915141 0.626344
0.018898 -3.5E-05 -0.006344 -0.8437443061768065 0.46732453985589867 0.26401386373198643 0.919133 0.638096
0.017784 -8.6E-05 -0.009049 -0.4159273502021484 0.8868583172860428 0.2012132312110417 0.904711 0.603849
0.018798 -8.9E-05 -0.006312 -0.03329971012728501 0.9993913003365956 0.010399909469182103 0.917561 0.638586
0.018485 -8.9E-05 -0.007232 -0.032699776824784754 0.9993931791648282 0.011999918100838442 0.913596 0.626911
0.018127 -8.9E-05 -0.008136 -0.032099747536478436 0.9993921398117305 0.013599893037261892 0.909062 0.61544
0.016355 -3.5E-05 -0.011602 -0.7308203974819445 0.467313042889043 0.49751388580633193 0.886853 0.571268
0.016885 -3.5E-05 -0.010781 -0.7543184848009578 0.46731145160743415 0.46111129967084935 0.89358 0.581701
0.017374 -3.5E-05 -0.009935 -0.7760068870916845 0.4673041473427116 0.4236037595000484 0.899787 0.592448
0.015753 -8.6E-05 -0.012371 -0.3687154531884715 0.8868371681245905 0.27851167266880744 0.878964 0.561674
0.017281 -8.9E-05 -0.009885 -0.030599761169796104 0.999392199774321 0.016699869658025977 0.898341 0.593235
0.016795 -8.9E-05 -0.010726 -0.02979970736831046 0.9993901860365595 0.018199821278632563 0.892175 0.582558
0.016268 -8.9E-05 -0.011543 -0.028799798978104696 0.9993930242610359 0.019599863193432362 0.885492 0.572194
0.013853 -3.5E-05 -0.014596 -0.6196608226947677 0.4673458722486523 0.6305618926872999 0.855089 0.533198
0.014533 -3.5E-05 -0.013895 -0.6498358426843822 0.4673257760640378 0.5994330626423803 0.863721 0.54212
0.015178 -3.5E-05 -0.013161 -0.6784096809752218 0.46730666851373986 0.5669080898361634 0.871908 0.551453
0.013113 -8.6E-05 -0.015233 -0.3072923331519306 0.8868778726731117 0.3449913925721316 0.845481 0.52533
0.015097 -8.9E-05 -0.013093 -0.026799727180165957 0.9993898262633528 0.022399771971481994 0.870643 0.552508
0.014456 -8.9E-05 -0.013823 -0.025599777154909797 0.9993913003365956 0.023699793694193835 0.862511 0.543235
0.013779 -8.9E-05 -0.014521 -0.024399808096263985 0.9993921398117305 0.024899804163810373 0.853934 0.534371
0.010815 -3.5E-05 -0.017045 -0.4847320248791204 0.4673308752341922 0.7393488466951387 0.81651 0.502063
0.011619 -3.5E-05 -0.01649 -0.5204048033585025 0.4673043132387168 0.7147065967723324 0.826717 0.509129
0.012394 -3.5E-05 -0.015895 -0.5548196354143521 0.4673165386249581 0.6883243602301705 0.836566 0.516684
0.009965 -8.6E-05 -0.017525 -0.23401254340849906 0.8868475363019528 0.3984213559570342 0.805553 0.496221
0.012328 -8.9E-05 -0.015814 -0.02189978308372283 0.9993901010900729 0.027199730588002784 0.835532 0.517965
0.011557 -8.9E-05 -0.016405 -0.02049983753943125 0.9993920798491507 0.028199776517656646 0.825747 0.510459
0.010758 -8.9E-05 -0.016957 -0.01909982991677188 0.9993911004618753 0.029199739977473244 0.815607 0.503439
0.007358 -3.5E-05 -0.018854 -0.33120483231375547 0.4673068180562136 0.8197119596847384 0.772602 0.479053
0.008255 -3.5E-05 -0.018466 -0.37099693186806015 0.4672961354769394 0.8024933634073269 0.78399 0.483993
0.009131 -3.5E-05 -0.018035 -0.409911028804597 0.4673125732139258 0.7833210755370599 0.795124 0.489481
0.00643 -8.6E-05 -0.019159 -0.15180056621716798 0.8869033081555092 0.4363016274081054 0.760715 0.475461
0.009083 -8.9E-05 -0.017941 -0.0161998573608839 0.9993912003992205 0.03089972792909337 0.79436 0.490939
0.008211 -8.9E-05 -0.018371 -0.014599865608855603 0.9993908006500198 0.03169970820552895 0.783299 0.485486
0.007319 -8.9E-05 -0.018757 -0.013099900048143948 0.9993923746652718 0.03229975355382057 0.771984 0.480579
0.003615 -3.5E-05 -0.019954 -0.16489775245895089 0.4672936308312174 0.8685881612240434 0.725048 0.465052
0.00457 -3.5E-05 -0.019748 -0.20730923168563503 0.4673208102590316 0.8594382716383732 0.737181 0.467674
0.005514 -3.5E-05 -0.019496 -0.2492108197226125 0.46732028915078977 0.8482368270012837 0.749172 0.470885
0.002645 -8.6E-05 -0.020072 -0.06379809214658111 0.8868734784451847 0.4575863160858231 0.712689 0.463849
0.005484 -8.9E-05 -0.019395 -0.009799908616278228 0.9993906807253532 0.03349968761686946 0.748707 0.472464
0.004545 -8.9E-05 -0.019646 -0.00819993107986891 0.9993916001489009 0.0338997150740922 0.736794 0.469274
0.003595 -8.9E-05 -0.019851 -0.006499937925889209 0.9993904558667193 0.034299672439692286 0.72474 0.466669
-0.000272 -3.5E-05 -0.020303 0.00770044440547033 0.46732697021769937 0.8840510200565938 0.675678 0.460599
0.000705 -3.5E-05 -0.020287 -0.03559942667585004 0.4672924743153012 0.8833857731866832 0.688088 0.460803
0.00168 -3.5E-05 -0.020224 -0.07889799364953191 0.4672881170142746 0.88057760719617 0.700475 0.461613
-0.001246 -8.6E-05 -0.020229 0.026699867301989266 0.8868955921398606 0.46119770785308795 0.663321 0.46183
0.001671 -8.9E-05 -0.020119 -0.0030999674350131417 0.9993895014684302 0.03479963443176043 0.700327 0.463253
0.000701 -8.9E-05 -0.020182 -0.0013999857692169836 0.9993898412538953 0.03489964524690909 0.688021 0.462447
-0.000271 -8.9E-05 -0.020197 0.0002999972310383362 0.9993907756657107 0.03489967787745978 0.675691 0.462245
-0.004151 -3.5E-05 -0.019886 0.18001264273186415 0.46733282193666736 0.8655607904690469 0.626399 0.465859
-0.00319 -3.5E-05 -0.020062 0.13740680592765056 0.46732314708872713 0.873343257762862 0.638608 0.463638
-0.002222 -3.5E-05 -0.02019 0.09440369833732497 0.4673183075533046 0.8790344368486086 0.650909 0.462017
-0.005092 -8.6E-05 -0.019624 0.11619524248319281 0.8868636881096704 0.4471816905205148 0.614521 0.469474
-0.00221 -8.9E-05 -0.020085 0.0036999664414565634 0.9993909355653213 0.034699685275281826 0.651083 0.463654
-0.003174 -8.9E-05 -0.019958 0.005399946621791465 0.9993901210774795 0.03449965897255658 0.638863 0.465263
-0.00413 -8.9E-05 -0.019783 0.007099927545609095 0.9993898012791168 0.034199650994342405 0.626734 0.467471
-0.007875 -3.5E-05 -0.018721 0.3454102087495816 0.46731381166380864 0.8138240529253316 0.579086 0.480627
-0.006967 -3.5E-05 -0.01908 0.30512175748265363 0.46733332439083597 0.829759168087046 0.59063 0.476067
-0.006042 -3.5E-05 -0.019395 0.26401386373198643 0.46732453985589867 0.8437443061768065 0.602382 0.472079
-0.008747 -8.6E-05 -0.01828 0.2012132312110417 0.8868583172860428 0.4159273502021484 0.568138 0.486491
-0.00601 -8.9E-05 -0.019295 0.010399909469182103 0.9993913003365956 0.03329971012728501 0.602872 0.473651
-0.00693 -8.9E-05 -0.018982 0.011999918100838442 0.9993931791648282 0.032699776824784754 0.591197 0.477612
-0.007834 -8.9E-05 -0.018624 0.013599893037261892 0.9993921398117305 0.032099747536478436 0.579728 0.482143
-0.0113 -3.5E-05 -0.016851 0.49751388580633193 0.467313042889043 0.7308203974819445 0.535554 0.504346
-0.010479 -3.5E-05 -0.017381 0.46111129967084935 0.46731145160743415 0.7543184848009578 0.545988 0.497622
-0.009633 -3.5E-05 -0.01787 0.4236037595000484 0.4673041473427116 0.7760068870916845 0.556738 0.491416
-0.012069 -8.6E-05 -0.016249 0.27851167266880744 0.8868371681245905 0.3687154531884715 0.525963 0.512232
-0.009583 -8.9E-05 -0.017778 0.016699869658025977 0.999392199774321 0.030599761169796104 0.557526 0.492861
-0.010424 -8.9E-05 -0.017292 0.018199821278632563 0.9993901860365595 0.02979970736831046 0.546845 0.499027
-0.011241 -8.9E-05 -0.016764 0.019599863193432362 0.9993930242610359 0.028799798978104696 0.536479 0.505707
-0.014294 -3.5E-05 -0.01435 0.6305618926872999 0.4673458722486523 0.6196608226947677 0.497492 0.5361
-0.013593 -3.5E-05 -0.01503 0.5994330626423803 0.4673257760640378 0.6498358426843822 0.506413 0.52747
-0.012859 -3.5E-05 -0.015674 0.5669080898361634 0.46730666851373986 0.6784096809752218 0.515745 0.519286
-0.014931 -8.6E-05 -0.013609 0.34502199067738604 0.8868565256020463 0.3073195876381471 0.489622 0.545706
-0.012791 -8.9E-05 -0.015593 0.022399771971481994 0.9993898262633528 0.026799727180165957 0.516799 0.52055
-0.013521 -8.9E-05 -0.014952 0.023699793694193835 0.9993913003365956 0.025599777154909797 0.507528 0.52868
-0.014219 -8.9E-05 -0.014276 0.024899804163810373 0.9993921398117305 0.024399808096263985 0.498665 0.537254
-0.016743 -3.5E-05 -0.011312 0.7393488466951387 0.4673308752341922 0.4847320248791204 0.466352 0.574667
-0.016188 -3.5E-05 -0.012116 0.7147065967723325 0.4673043132387169 0.5204048033585026 0.473419 0.564465
-0.015593 -3.5E-05 -0.012891 0.6883243602301705 0.4673165386249581 0.5548196354143521 0.480975 0.554618
-0.017223 -8.6E-05 -0.010461 0.3984213559570342 0.8868475363019528 0.23401254340849906 0.460509 0.585625
-0.015511 -8.9E-05 -0.012825 0.027199730588002784 0.9993901010900729 0.02189978308372283 0.482256 0.555652
-0.016102 -8.9E-05 -0.012054 0.028199776517656646 0.9993920798491507 0.02049983753943125 0.474748 0.565435
-0.016655 -8.9E-05 -0.011254 0.029199739977473244 0.9993911004618753 0.01909982991677188 0.467728 0.575571
-0.018552 -3.5E-05 -0.007855 0.8197119596847384 0.4673068180562136 0.33120483231375547 0.443332 0.618578
-0.018164 -3.5E-05 -0.008751 0.8024933634073269 0.4672961354769394 0.37099693186806015 0.448273 0.607187
-0.017733 -3.5E-05 -0.009628 0.7833210755370599 0.4673125732139258 0.409911028804597 0.453765 0.596054
-0.018857 -8.6E-05 -0.006927 0.4363016274081054 0.8869033081555092 0.15180056621716798 0.439737 0.630469
-0.017639 -8.9E-05 -0.009579 0.03089972792909337 0.9993912003992205 0.0161998573608839 0.455223 0.596819
-0.018069 -8.9E-05 -0.008707 0.03169970820552895 0.9993908006500198 0.014599865608855603 0.449767 0.607879
-0.018455 -8.9E-05 -0.007815 0.03229975355382057 0.9993923746652718 0.013099900048143948 0.444859 0.619196
-0.019652 -3.5E-05 -0.004111 0.8685881612240431 0.4672936308312173 0.16489775245895083 0.42932 0.666133
-0.019446 -3.5E-05 -0.005066 0.8594382716383729 0.4673208102590315 0.207309231685635 0.431943 0.654
-0.019194 -3.5E-05 -0.00601 0.8482368270012837 0.46732028915078977 0.2492108197226125 0.435155 0.642012
-0.01977 -8.6E-05 -0.003142 0.4575863160858231 0.8868734784451847 0.06379809214658111 0.428116 0.678498
-0.019093 -8.9E-05 -0.00598 0.03349968761686946 0.9993906807253532 0.009799908616278228 0.436734 0.642478
-0.019344 -8.9E-05 -0.005042 0.0338997150740922 0.9993916001489009 0.00819993107986891 0.433542 0.654387
-0.019549 -8.9E-05 -0.004092 0.03429967243969229 0.9993904558667195 0.006499937925889211 0.430938 0.666441
-0.02 -3.5E-05 -0.000225 0.8840510200565938 0.46732697021769937 -0.00770044440547033 0.424859 0.715526
-0.019985 -3.5E-05 -0.001202 0.8833857731866833 0.4672924743153013 0.035599426675850046 0.425065 0.70311
-0.019922 -3.5E-05 -0.002177 0.8805551464928778 0.4673292674118362 0.07890494157670422 0.425876 0.690719
-0.019927 -8.6E-05 0.000749 0.46119770785308795 0.8868955921398606 -0.026699867301989266 0.426091 0.727887
-0.019817 -8.9E-05 -0.002167 0.03479963443176043 0.9993895014684302 0.0030999674350131417 0.427516 0.690867
-0.01988 -8.9E-05 -0.001198 0.03489964524690908 0.9993898412538951 0.0013999857692169834 0.426709 0.703178
-0.019895 -8.9E-05 -0.000226 0.03489967787745978 0.9993907756657107 -0.0002999972310383362 0.426506 0.715512
-0.019584 -3.5E-05 0.003655 0.8655607904690469 0.46733282193666736 -0.18001264273186415 0.430124 0.764822
-0.019759 -3.5E-05 0.002694 0.873343257762862 0.46732314708872713 -0.13740680592765056 0.427902 0.75261
-0.019888 -3.5E-05 0.001725 0.8790344368486086 0.4673183075533046 -0.09440369833732497 0.426279 0.740304
-0.019322 -8.6E-05 0.004596 0.44722135085694703 0.8868423388639102 -0.11620554778528007 0.433741 0.776703
-0.019783 -8.9E-05 0.001714 0.034699685275281826 0.9993909355653213 -0.0036999664414565634 0.427916 0.74013
-0.019656 -8.9E-05 0.002677 0.03449965897255658 0.9993901210774795 -0.005399946621791465 0.429528 0.752355
-0.019481 -8.9E-05 0.003633 0.034199650994342405 0.9993898012791168 -0.007099927545609095 0.431736 0.764488
-0.018419 -3.5E-05 0.007378 0.8138240529253316 0.46731381166380864 -0.3454102087495816 0.444902 0.812146
-0.018778 -3.5E-05 0.00647 0.829759168087046 0.46733332439083597 -0.30512175748265363 0.440342 0.8006
-0.019093 -3.5E-05 0.005545 0.8437443061768065 0.46732453985589867 -0.26401386373198643 0.43635 0.788845
-0.017978 -8.6E-05 0.00825 0.4159273502021484 0.8868583172860428 -0.2012132312110417 0.450767 0.823092
-0.018992 -8.9E-05 0.005514 0.03329971012728501 0.9993913003365956 -0.010399909469182103 0.437921 0.788354
-0.01868 -8.9E-05 0.006434 0.032699776824784754 0.9993931791648282 -0.011999918100838442 0.441887 0.800033
-0.018322 -8.9E-05 0.007337 0.032099747536478436 0.9993921398117305 -0.013599893037261892 0.446418 0.811504
-0.016549 -3.5E-05 0.010803 0.7308203974819445 0.467313042889043 -0.49751388580633193 0.468623 0.855674
-0.017079 -3.5E-05 0.009983 0.7543184848009578 0.46731145160743415 -0.46111129967084935 0.4619 0.845241
-0.017568 -3.5E-05 0.009137 0.7760068870916845 0.4673041473427116 -0.4236037595000484 0.455693 0.834491
-0.017476 -8.9E-05 0.009086 0.030599761169796104 0.999392199774321 -0.016699869658025977 0.457138 0.833703
-0.016989 -8.9E-05 0.009928 0.02979970736831046 0.9993901860365595 -0.018199821278632563 0.463305 0.844383
-0.016462 -8.9E-05 0.010744 0.028799798978104696 0.9993930242610359 -0.019599863193432362 0.469984 0.854748
-0.013348 3.2E-05 0.01448 0.6198937824965421 0.36219636718865555 -0.6960930182220406 0.508862 0.902892
-0.015996 3.2E-05 0.011609 0.7437826998156012 0.36219157552192893 -0.5617869329879063 0.475144 0.866298
-0.01019 3.2E-05 0.016779 0.47221543225249313 0.36221183727626644 -0.8036262629354161 0.549056 0.93219
-0.018033 3.2E-05 0.008277 0.8390863817385356 0.36219412163710835 -0.40589341240337456 0.449224 0.823837
-0.006645 3.2E-05 0.018418 0.30630970710842986 0.3622114786636412 -0.88032789803314 0.59419 0.953086
-0.002848 3.2E-05 0.019334 0.12869673307489582 0.3621908059030868 -0.9231765654603249 0.642531 0.96478
0.001055 3.2E-05 0.019492 -0.05390204023083484 0.3622137100483929 -0.930535221424709 0.692226 0.966823
0.004913 3.2E-05 0.018885 -0.23440977391928958 0.36221510287357805 -0.9021376154120783 0.741369 0.959134
0.008579 3.2E-05 0.017537 -0.40589341240337456 0.36219412163710835 -0.8390863817385356 0.78807 0.942008
0.011911 3.2E-05 0.015499 -0.5617869329879063 0.36219157552192893 -0.7437826998156012 0.830547 0.916086
0.014782 3.2E-05 0.012851 -0.6960930182220406 0.36219636718865555 -0.6198937824965421 0.86714 0.882377
0.017082 3.2E-05 0.009694 -0.8036262629354161 0.36221183727626644 -0.47221543225249313 0.896453 0.842173
0.018721 3.2E-05 0.006148 -0.88032789803314 0.3622114786636412 -0.30630970710842986 0.917357 0.797029
0.019636 3.2E-05 0.002351 -0.9231765654603249 0.3621908059030868 -0.12869673307489582 0.929054 0.74868
0.019794 3.2E-05 -0.001551 -0.930535221424709 0.3622137100483929 0.05390204023083484 0.931098 0.698969
0.019187 3.2E-05 -0.00541 -0.9021376154120783 0.36221510287357805 0.23440977391928958 0.923399 0.649808
0.017839 3.2E-05 -0.009076 -0.8390863817385356 0.36219412163710835 0.40589341240337456 0.906256 0.603102
0.015802 3.2E-05 -0.012408 -0.7437826998156012 0.36219157552192893 0.5617869329879063 0.880332 0.560642
0.013153 3.2E-05 -0.015279 -0.6198937824965421 0.36219636718865555 0.6960930182220406 0.846621 0.524051
0.009996 3.2E-05 -0.017578 -0.47221543225249313 0.36221183727626644 0.8036262629354161 0.806421 0.494745
0.00645 3.2E-05 -0.019217 -0.30630970710842986 0.3622114786636412 0.88032789803314 0.761279 0.473844
0.002654 3.2E-05 -0.020133 -0.12869673307489582 0.3621908059030868 0.9231765654603249 0.712927 0.462152
-0.001249 3.2E-05 -0.02029 0.05390204023083484 0.3622137100483929 0.930535221424709 0.663223 0.460118
-0.005108 3.2E-05 -0.019683 0.23440977391928958 0.36221510287357805 0.9021376154120783 0.614091 0.467816
-0.008773 3.2E-05 -0.018335 0.40589341240337456 0.36219412163710835 0.8390863817385356 0.567393 0.484948
-0.012106 3.2E-05 -0.016298 0.5617869329879063 0.36219157552192893 0.7437826998156012 0.524931 0.510865
-0.014977 3.2E-05 -0.01365 0.6960930182220406 0.36219636718865555 0.6198937824965421 0.488344 0.544566
-0.017276 3.2E-05 -0.010492 0.8036262629354161 0.36221183727626644 0.47221543225249313 0.459031 0.584755
-0.018915 3.2E-05 -0.006947 0.88032789803314 0.3622114786636412 0.30630970710842986 0.438117 0.629904
-0.019831 3.2E-05 -0.00315 0.9231765654603249 0.3621908059030868 0.12869673307489582 0.426416 0.67826
-0.019988 3.2E-05 0.000753 0.930535221424709 0.3622137100483929 -0.05390204023083484 0.424379 0.727985
-0.019381 3.2E-05 0.004611 0.9021376154120783 0.36221510287357805 -0.23440977391928958 0.432083 0.777133
-0.015856 -9E-05 0.011504 0.0057998463061093046 0.9999735010533284 -0.0043998834046346455 0.477673 0.86439
-0.015806 -9E-05 0.011465 0.0016999961070133722 0.9999977100078661 -0.0012999970230102259 0.478314 0.863907
-0.015758 -9E-05 0.011429 0 1 0 0.47353100000000004 0.8675145
-0.013149 -9E-05 0.014257 0 1 0 0.5075175 0.9043995
-0.013189 -9E-05 0.014302 0.0013999968360107258 0.9999977400076613 -0.0015999963840122582 0.511504 0.899928
-0.013231 -9E-05 0.014349 0.004799874724904498 0.9999739010217705 -0.005399859065517561 0.510969 0.900527
-0.010039 -9E-05 0.016522 0 0.999999995 -9.999999950000001E-05 0.54803 0.9339335000000001
-0.010069 -9E-05 0.016574 0.0010999973490095835 0.9999975900087121 -0.001899995421016553 0.551068 0.92877
-0.010101 -9E-05 0.016628 0.0036999012509534007 0.9999733110684866 -0.006299831859731466 0.550661 0.929462
-0.006547 -9E-05 0.018136 0 0.999999995 -9.999999950000001E-05 0.5935245 0.9549974999999999
-0.006566 -9E-05 0.018193 0.0006999984285052921 0.99999775500756 -0.00199999551001512 0.595497 0.94934
-0.006587 -9E-05 0.018253 0.0023999359585634068 0.9999733160680863 -0.006899815880869795 0.595232 0.950098
-0.002807 -9E-05 0.019038 0 0.999999995 -9.999999950000001E-05 0.642251 0.966784
-0.002815 -9E-05 0.019098 0.0002999993250022781 0.9999977500075937 -0.0020999952750159465 0.643082 0.960851
-0.002824 -9E-05 0.019161 0.0009999735810469787 0.9999735810469786 -0.007199809783538246 0.64297 0.961646
0.001037 -9E-05 0.019193 0 0.999999995 -9.999999950000001E-05 0.6923414999999999 0.9688425
0.001041 -9E-05 0.019253 -9.99997575008821E-05 0.999997575008821 -0.0021999946650194066 0.691999 0.962861
0.001045 -9E-05 0.019317 -0.00039998931042851634 0.9999732760712908 -0.007299804915320423 0.692045 0.963663
0.004838 -9E-05 0.018596 0 0.999999995 -9.999999950000001E-05 0.7418765 0.9610925
0.004853 -9E-05 0.018654 -0.0004999988350040717 0.9999976700081433 -0.002099995107017101 0.740374 0.955292
0.004869 -9E-05 0.018715 -0.0017999529858420064 0.999973881023337 -0.006999817167163359 0.740576 0.95607
0.008449 -9E-05 0.017268 0 0.999999995 -9.999999950000001E-05 0.7889484999999999 0.943826
0.008475 -9E-05 0.017322 -0.0008999978355078085 0.9999975950086761 -0.001999995190017352 0.786344 0.938431
0.008503 -9E-05 0.017379 -0.0031999139234731725 0.9999731010853664 -0.006599822467163418 0.786693 0.939154
0.011731 -9E-05 0.015261 0 1 0 0.8317640000000001 0.9177005
0.011768 -9E-05 0.015309 -0.0012999970230102259 0.9999977100078661 -0.0016999961070133722 0.828157 0.912917
0.011806 -9E-05 0.01536 -0.0043998834046346455 0.9999735010533284 -0.0057998463061093046 0.828641 0.913559
0.014559 -9E-05 0.012652 0 1 0 0.868647 0.8837215
0.014604 -9E-05 0.012692 -0.0015999963840122582 0.9999977400076613 -0.0013999968360107258 0.864176 0.879734
0.014651 -9E-05 0.012735 -0.005399859065517561 0.9999739010217705 -0.004799874724904498 0.864775 0.880269
0.016824 -9E-05 0.009542 -9.999999950000001E-05 0.999999995 0 0.8981950000000001 0.843199
0.016876 -9E-05 0.009573 -0.001899995421016553 0.9999975900087121 -0.0010999973490095835 0.893032 0.84016
0.01693 -9E-05 0.009605 -0.006299831859731466 0.9999733110684866 -0.0036999012509534007 0.893724 0.840568
0.018438 -9E-05 0.00605 -9.999999950000001E-05 0.999999995 0 0.919264 0.7976945
0.018495 -9E-05 0.00607 -0.00199999551001512 0.99999775500756 -0.0006999984285052921 0.913607 0.795722
0.018555 -9E-05 0.006091 -0.006899815880869795 0.9999733160680863 -0.0023999359585634068 0.914366 0.795986
0.01934 -9E-05 0.00231 -9.999999950000001E-05 0.999999995 0 0.9310560000000001 0.7489604999999999
0.0194 -9E-05 0.002318 -0.0020999952750159465 0.9999977500075937 -0.0002999993250022781 0.925123 0.748129
0.019463 -9E-05 0.002327 -0.007199809783538246 0.9999735810469786 -0.0009999735810469787 0.925919 0.74824
0.019496 -9E-05 -0.001534 -9.999999950000001E-05 0.999999995 0 0.9331155 0.698853
0.019556 -9E-05 -0.001538 -0.0021999946650194066 0.999997575008821 9.99997575008821E-05 0.927135 0.699195
0.019619 -9E-05 -0.001541 -0.007299804915320423 0.9999732760712908 0.00039998931042851634 0.927937 0.699149
0.018898 -9E-05 -0.005335 -9.999999950000001E-05 0.999999995 0 0.925354 0.649302
0.018956 -9E-05 -0.00535 -0.002099995107017101 0.9999976700081433 0.0004999988350040717 0.919554 0.650805
0.019017 -9E-05 -0.005366 -0.006999817167163359 0.999973881023337 0.0017999529858420064 0.920332 0.650603
0.01757 -9E-05 -0.008945 -9.999999950000001E-05 0.999999995 0 0.9080739999999999 0.602224
0.017624 -9E-05 -0.008972 -0.001999995190017352 0.9999975950086761 0.0008999978355078085 0.902679 0.60483
0.017681 -9E-05 -0.008999 -0.006599822467163418 0.9999731010853664 0.0031999139234731725 0.903403 0.60448
0.015563 -9E-05 -0.012228 -9.999999950000001E-05 0.999999995 0 0.881946 0.5594255
0.015611 -9E-05 -0.012264 -0.0016999961070133722 0.9999977100078661 0.0012999970230102259 0.877163 0.563033
0.015662 -9E-05 -0.012302 -0.0057998463061093046 0.9999735010533284 0.0043998834046346455 0.877805 0.562549
0.012955 -9E-05 -0.015056 0 1 0 0.8479670000000001 0.522542
0.012995 -9E-05 -0.015101 -0.0013999968360107258 0.9999977400076613 0.0015999963840122582 0.84398 0.527014
0.013037 -9E-05 -0.015148 -0.004799874724904498 0.9999739010217705 0.005399859065517561 0.844514 0.526414
0.009844 -9E-05 -0.017321 0 0.999999995 9.999999950000001E-05 0.807447 0.493002
0.009875 -9E-05 -0.017372 -0.0010999973490095835 0.9999975900087121 0.001899995421016553 0.804409 0.498165
0.009907 -9E-05 -0.017427 -0.0036999012509534007 0.9999733110684866 0.006299831859731466 0.804817 0.497473
0.006352 -9E-05 -0.018935 0 0.999999995 9.999999950000001E-05 0.7619454999999999 0.47193450000000003
0.006372 -9E-05 -0.018992 -0.0006999984285052921 0.99999775500756 0.00199999551001512 0.759973 0.477591
0.006393 -9E-05 -0.019052 -0.0023999359585634068 0.9999733160680863 0.006899815880869795 0.760237 0.476832
0.002612 -9E-05 -0.019837 0 0.999999995 9.999999950000001E-05 0.7132075 0.4601495
0.002621 -9E-05 -0.019897 -0.0002999993250022781 0.9999977500075937 0.0020999952750159465 0.712377 0.466082
0.002629 -9E-05 -0.019959 -0.0009999735810469787 0.9999735810469786 0.007199809783538246 0.712488 0.465287
-0.001232 -9E-05 -0.019992 0 0.999999995 9.999999950000001E-05 0.663108 0.458101
-0.001235 -9E-05 -0.020052 9.99997575008821E-05 0.999997575008821 0.0021999946650194066 0.66345 0.464082
-0.001239 -9E-05 -0.020115 0.00039998931042851634 0.9999732760712908 0.007299804915320423 0.663404 0.46328
-0.005032 -9E-05 -0.019394 0 0.999999995 9.999999950000001E-05 0.613584 0.465858
-0.005048 -9E-05 -0.019452 0.0004999988350040717 0.9999976700081433 0.002099995107017101 0.615086 0.471657
-0.005063 -9E-05 -0.019514 0.0017999529858420064 0.999973881023337 0.006999817167163359 0.614885 0.470879
-0.008643 -9E-05 -0.018066 0 0.999999995 9.999999950000001E-05 0.566514 0.48312700000000003
-0.00867 -9E-05 -0.018121 0.0008999978355078085 0.9999975950086761 0.001999995190017352 0.569119 0.488522
-0.008697 -9E-05 -0.018178 0.0031999139234731725 0.9999731010853664 0.006599822467163418 0.56877 0.487798
-0.011926 -9E-05 -0.01606 0 1 0 0.5237134999999999 0.5092495
-0.011962 -9E-05 -0.016108 0.0012999970230102259 0.9999977100078661 0.0016999961070133722 0.527321 0.514033
-0.012 -9E-05 -0.016158 0.0043998834046346455 0.9999735010533284 0.0057998463061093046 0.526837 0.513391
-0.014754 -9E-05 -0.013451 0 1 0 0.4868345 0.54322
-0.014799 -9E-05 -0.013491 0.0015999963840122582 0.9999977400076613 0.0013999968360107258 0.491306 0.547207
-0.014846 -9E-05 -0.013533 0.005399859065517561 0.9999739010217705 0.004799874724904498 0.490706 0.546673
-0.017018 -9E-05 -0.010341 9.999999950000001E-05 0.999999995 0 0.45729000000000003 0.5837304999999999
-0.01707 -9E-05 -0.010371 0.001899995421016553 0.9999975900087121 0.0010999973490095835 0.462453 0.586769
-0.017125 -9E-05 -0.010404 0.006299831859731466 0.9999733110684866 0.0036999012509534007 0.461761 0.586361
-0.018633 -9E-05 -0.006849 9.999999950000001E-05 0.999999995 0 0.43620950000000003 0.62924
-0.01869 -9E-05 -0.006869 0.00199999551001512 0.99999775500756 0.0006999984285052921 0.441867 0.631212
-0.018749 -9E-05 -0.006889 0.006899815880869795 0.9999733160680863 0.0023999359585634068 0.441108 0.630947
-0.019535 -9E-05 -0.003109 9.999999950000001E-05 0.999999995 0 0.42441799999999996 0.67798
-0.019594 -9E-05 -0.003117 0.0020999952750159465 0.9999977500075937 0.0002999993250022781 0.430351 0.678811
-0.019657 -9E-05 -0.003126 0.007199809783538246 0.9999735810469786 0.0009999735810469787 0.429555 0.678699
-0.01969 -9E-05 0.000735 9.999999950000001E-05 0.999999995 0 0.4223625 0.7281005
-0.01975 -9E-05 0.000739 0.0021999946650194066 0.999997575008821 -9.99997575008821E-05 0.428344 0.727758
-0.019813 -9E-05 0.000742 0.007299804915320423 0.9999732760712908 -0.00039998931042851634 0.427541 0.727804
-0.019092 -9E-05 0.004536 9.999999950000001E-05 0.999999995 0 0.4301255 0.77764
-0.01915 -9E-05 0.004551 0.002099995107017101 0.9999976700081433 -0.0004999988350040717 0.435925 0.776137
-0.019212 -9E-05 0.004567 0.006999817167163359 0.999973881023337 -0.0017999529858420064 0.435147 0.776339
-0.017764 -9E-05 0.008147 9.999999950000001E-05 0.999999995 0 0.447403 0.8247170000000001
-0.017818 -9E-05 0.008173 0.001999995190017352 0.9999975950086761 -0.0008999978355078085 0.452798 0.822111
-0.017875 -9E-05 0.008201 0.006599822467163418 0.9999731010853664 -0.0031999139234731725 0.452074 0.82246
-0.012142 -9E-05 0.008699 0 1 0 0.51653 0.835085
-0.010136 -9E-05 0.010874 0 1 0 0.543353 0.864201
-0.007744 -9E-05 0.012616 0 1 0 0.575337 0.887523
-0.005058 -9E-05 0.013857 0 1 0 0.611252 0.904156
-0.002181 -9E-05 0.014551 0 1 0 0.649721 0.913462
0.000776 -9E-05 0.01467 0 1 0 0.6892679999999999 0.915085
0.003699 -9E-05 0.014211 0 1 0 0.7283739999999999 0.9089609999999999
0.006476 -9E-05 0.013189 0 1 0 0.765536 0.8953249999999999
0.009001 -9E-05 0.011646 0 1 0 0.7993289999999998 0.8746989999999999
0.011176 -9E-05 0.009639 0 1 0 0.828449 0.8478749999999999
0.012918 -9E-05 0.007247 0 1 0 0.851775 0.815886
0.014159 -9E-05 0.004561 0 1 0 0.8684119999999999 0.7799639999999999
0.014853 -9E-05 0.001685 0 1 0 0.8777199999999998 0.7414869999999999
0.014973 -9E-05 -0.001272 0 1 0 0.879343 0.70193
0.014513 -9E-05 -0.004195 0 1 0 0.8732159999999999 0.662817
0.013491 -9E-05 -0.006973 0 1 0 0.8595759999999999 0.62565
0.011948 -9E-05 -0.009497 0 1 0 0.8389479999999999 0.591859
0.009942 -9E-05 -0.011672 0 1 0 0.812124 0.5627419999999999
0.007549 -9E-05 -0.013414 0 1 0 0.780137 0.5394189999999999
0.004863 -9E-05 -0.014656 0 1 0 0.744216 0.522786
0.001987 -9E-05 -0.01535 0 1 0 0.705741 0.51348
-0.00097 -9E-05 -0.015469 0 1 0 0.6661919999999999 0.511859
-0.003893 -9E-05 -0.015009 0 1 0 0.627087 0.5179829999999999
-0.00667 -9E-05 -0.013988 0 1 0 0.589928 0.5316189999999998
-0.009195 -9E-05 -0.012445 0 1 0 0.556142 0.552243
-0.01137 -9E-05 -0.010438 0 1 0 0.527028 0.5790629999999999
-0.013112 -9E-05 -0.008046 0 1 0 0.503704 0.611049
-0.014354 -9E-05 -0.00536 0 1 0 0.48706799999999995 0.646973
-0.015048 -9E-05 -0.002483 0 1 0 0.47775899999999993 0.6854549999999999
-0.015167 -9E-05 0.000473 0 1 0 0.4761369999999999 0.725015
-0.014707 -9E-05 0.003397 0 1 0 0.482264 0.764128
-0.013686 -9E-05 0.006174 0 1 0 0.495903 0.8012949999999999
-0.020021 3.2E-05 -0.000225 0.9320566474641767 0.3622220147119365 -0.008100492322381792 0.423972 0.715533
-0.020005 3.2E-05 -0.001203 0.9313361877706274 0.36221407410127915 0.03760146103315322 0.424176 0.703074
-0.019942 3.2E-05 -0.002178 0.928368715753589 0.3622268112096843 0.08320615873176623 0.424992 0.690639
-0.00756 3.2E-05 0.018074 0.34920504255722207 0.3622052302812882 -0.8642124793183027 0.582537 0.9487
-0.008458 3.2E-05 0.017686 0.39112658773348247 0.3622246230556568 -0.8460575127142065 0.571111 0.943746
-0.009335 3.2E-05 0.017254 0.4320978265533987 0.3621981781477459 -0.8258958457543438 0.55994 0.938238
-0.003813 3.2E-05 0.019175 0.17380853681593372 0.36221779076370075 -0.9157449779191628 0.630246 0.96275
-0.004769 3.2E-05 0.018969 0.21850564844401937 0.36220936323306097 -0.9061234235932538 0.618072 0.96012
-0.005714 3.2E-05 0.018717 0.262703596436853 0.3622049586198255 -0.894312243218415 0.606044 0.956895
7.7E-05 3.2E-05 0.019524 -0.008100492322381794 0.36222201471193655 -0.9320566474641768 0.679779 0.967229
-0.0009 3.2E-05 0.019509 0.03760146103315322 0.36221407410127915 -0.9313361877706274 0.667326 0.967021
-0.001876 3.2E-05 0.019445 0.08319843422020182 0.36219318358842667 -0.9283825280052328 0.654901 0.966206
0.003961 3.2E-05 0.019107 -0.18981242078214414 0.3622237028835227 -0.9125597152987699 0.72924 0.961958
0.002999 3.2E-05 0.019283 -0.14481126892735446 0.36222818788320293 -0.9207716526340832 0.716986 0.964185
0.002029 3.2E-05 0.019411 -0.09949764541608153 0.36219142884125355 -0.9267780680565261 0.704637 0.965808
0.007688 3.2E-05 0.017941 -0.36420100519616155 0.3622009996761387 -0.8580023680898039 0.776722 0.947145
0.006779 3.2E-05 0.018301 -0.3217072754923038 0.3622081914308749 -0.8748197842731346 0.765137 0.951718
0.005853 3.2E-05 0.018616 -0.2784131344494338 0.3622170879941987 -0.889541965132081 0.753343 0.955718
0.011117 3.2E-05 0.016069 -0.5246235666199307 0.3622162711203563 -0.7704346086999516 0.82042 0.92334
0.010295 3.2E-05 0.0166 -0.486180220160106 0.3621852647922468 -0.7952676451940195 0.809947 0.93009
0.009449 3.2E-05 0.017089 -0.4466160762350013 0.36221303809296346 -0.8181294490995401 0.799154 0.936317
0.014114 3.2E-05 0.013565 -0.664817029506319 0.3622092781094897 -0.6533167349225003 0.858623 0.891468
0.013412 3.2E-05 0.014246 -0.632007947549911 0.3622045547509142 -0.6851086152950063 0.849671 0.900131
0.012677 3.2E-05 0.014891 -0.5976093556476946 0.3622056703741549 -0.7153111982844644 0.840304 0.908344
0.016566 3.2E-05 0.010524 -0.7795272488512338 0.36221266136487096 -0.5110178629416042 0.889876 0.852749
0.016009 3.2E-05 0.011329 -0.7534914177816269 0.36219587461248215 -0.548693750413774 0.882786 0.862991
0.015415 3.2E-05 0.012105 -0.7257227372495426 0.3622113482593143 -0.5849183257782244 0.875202 0.872876
0.018377 3.2E-05 0.007064 -0.8642124793183025 0.36220523028128815 -0.349205042557222 0.912968 0.808688
0.017988 3.2E-05 0.007961 -0.8460859297079824 0.3621939767642492 -0.39109349616923755 0.908011 0.820117
0.017556 3.2E-05 0.008839 -0.8258958457543436 0.36219817814774585 -0.43209782655339857 0.902502 0.831287
0.019478 3.2E-05 0.003316 -0.9157449779191628 0.36221779076370075 -0.17380853681593372 0.927024 0.76097
0.019272 3.2E-05 0.004272 -0.9061234235932538 0.36220936323306097 -0.21850564844401937 0.924391 0.773145
0.019019 3.2E-05 0.005217 -0.8943122432184152 0.3622049586198256 -0.26270359643685304 0.921166 0.785172
0.019826 3.2E-05 -0.000574 -0.9320566474641767 0.3622220147119365 0.008100492322381792 0.931505 0.71142
0.019811 3.2E-05 0.000404 -0.9313361877706274 0.36221407410127915 -0.03760146103315322 0.931297 0.723876
0.019747 3.2E-05 0.00138 -0.9283825280052328 0.36219318358842667 -0.08319843422020182 0.930481 0.736306
0.019409 3.2E-05 -0.004457 -0.9125597152987699 0.3622237028835227 0.18981242078214414 0.926226 0.661942
0.019585 3.2E-05 -0.003495 -0.920771652634083 0.3622281878832029 0.14481126892735444 0.928457 0.674201
0.019713 3.2E-05 -0.002526 -0.9267780680565261 0.36219142884125355 0.09949764541608153 0.930081 0.686554
0.018243 3.2E-05 -0.008185 -0.8580023680898039 0.3622009996761387 0.36420100519616155 0.911397 0.614451
0.018603 3.2E-05 -0.007276 -0.8748197842731346 0.3622081914308749 0.3217072754923038 0.915974 0.626038
0.018918 3.2E-05 -0.00635 -0.889541965132081 0.3622170879941987 0.2784131344494338 0.919978 0.637832
0.016372 3.2E-05 -0.011613 -0.7704346086999517 0.36221627112035637 0.5246235666199308 0.887589 0.570768
0.016902 3.2E-05 -0.010792 -0.7952676451940195 0.3621852647922468 0.486180220160106 0.894337 0.581238
0.017391 3.2E-05 -0.009945 -0.8181294490995401 0.36221303809296346 0.4466160762350013 0.900564 0.592024
0.013867 3.2E-05 -0.014611 -0.6533167349225003 0.3622092781094897 0.664817029506319 0.855711 0.532565
0.014548 3.2E-05 -0.013909 -0.6851086152950063 0.3622045547509142 0.632007947549911 0.864375 0.541517
0.015193 3.2E-05 -0.013174 -0.7153111982844644 0.3622056703741549 0.5976093556476946 0.872589 0.550885
0.010827 3.2E-05 -0.017062 -0.5110178629416041 0.3622126613648709 0.7795272488512337 0.816997 0.501321
0.011631 3.2E-05 -0.016506 -0.548693750413774 0.36219587461248215 0.7534914177816269 0.82724 0.50841
0.012407 3.2E-05 -0.015911 -0.5849183257782244 0.3622113482593143 0.7257227372495426 0.837124 0.515994
0.007366 3.2E-05 -0.018873 -0.34920504255722207 0.3622052302812882 0.8642124793183027 0.772934 0.478231
0.008263 3.2E-05 -0.018485 -0.39109349616923755 0.3621939767642492 0.8460859297079824 0.784364 0.483186
0.009141 3.2E-05 -0.018053 -0.4320978265533987 0.3621981781477459 0.8258958457543438 0.795536 0.488695
0.003618 3.2E-05 -0.019974 -0.17380853681593372 0.36221779076370075 0.9157449779191628 0.725214 0.464181
0.004574 3.2E-05 -0.019768 -0.21850564844401937 0.36220936323306097 0.9061234235932538 0.73739 0.46681
0.005519 3.2E-05 -0.019516 -0.262703596436853 0.3622049586198255 0.894312243218415 0.749422 0.470034
-0.000272 3.2E-05 -0.020323 0.008100492322381794 0.36222201471193655 0.9320566474641768 0.67567 0.459712
0.000706 3.2E-05 -0.020307 -0.03760146103315322 0.36221407410127915 0.9313361877706274 0.688125 0.459915
0.001682 3.2E-05 -0.020244 -0.08319843422020182 0.36219318358842667 0.9283825280052328 0.700554 0.460729
-0.004155 3.2E-05 -0.019906 0.18981242078214414 0.3622237028835227 0.9125597152987699 0.626219 0.464989
-0.003193 3.2E-05 -0.020082 0.14481126892735446 0.36222818788320293 0.9207716526340832 0.638471 0.462762
-0.002224 3.2E-05 -0.02021 0.09949764541608153 0.36219142884125355 0.9267780680565261 0.650815 0.461138
-0.007883 3.2E-05 -0.018739 0.36420100519616155 0.3622009996761387 0.8580023680898039 0.578739 0.479808
-0.006974 3.2E-05 -0.019099 0.3217072754923038 0.3622081914308749 0.8748197842731346 0.590325 0.475234
-0.006048 3.2E-05 -0.019414 0.2784131344494338 0.3622170879941987 0.889541965132081 0.602118 0.471233
-0.011311 3.2E-05 -0.016868 0.5246235666199307 0.3622162711203563 0.7704346086999516 0.535055 0.503612
-0.01049 3.2E-05 -0.017399 0.486180220160106 0.3621852647922468 0.7952676451940195 0.545525 0.496863
-0.009643 3.2E-05 -0.017888 0.4466160762350013 0.36221303809296346 0.8181294490995401 0.556314 0.490636
-0.014309 3.2E-05 -0.014364 0.664817029506319 0.3622092781094897 0.6533167349225003 0.496859 0.535478
-0.013606 3.2E-05 -0.015044 0.632007947549911 0.3622045547509142 0.6851086152950063 0.505811 0.526816
-0.012872 3.2E-05 -0.01569 0.5976093556476946 0.3622056703741549 0.7153111982844644 0.515176 0.518605
-0.01676 3.2E-05 -0.011323 0.7794874113799585 0.36219415061170107 0.5110917459349542 0.465612 0.574181
-0.016204 3.2E-05 -0.012128 0.7534914177816269 0.36219587461248215 0.548693750413774 0.472701 0.563941
-0.015609 3.2E-05 -0.012904 0.7257227372495426 0.3622113482593143 0.5849183257782244 0.480285 0.554061
-0.018571 3.2E-05 -0.007862 0.8642124793183025 0.36220523028128815 0.349205042557222 0.442508 0.618244
-0.018182 3.2E-05 -0.00876 0.8460575127142065 0.3622246230556568 0.39112658773348247 0.447468 0.606814
-0.01775 3.2E-05 -0.009637 0.8258958457543436 0.36219817814774585 0.43209782655339857 0.452979 0.595642
-0.019672 3.2E-05 -0.004115 0.9157449779191628 0.36221779076370075 0.17380853681593372 0.428448 0.665967
-0.019466 3.2E-05 -0.005071 0.9061234235932538 0.36220936323306097 0.21850564844401937 0.43108 0.653792
-0.019214 3.2E-05 -0.006016 0.8943122432184152 0.3622049586198256 0.26270359643685304 0.434306 0.641762
-0.019604 3.2E-05 0.003659 0.9125597152987699 0.3622237028835227 -0.18981242078214414 0.429255 0.765003
-0.019779 3.2E-05 0.002697 0.920771652634083 0.3622281878832029 -0.14481126892735444 0.427024 0.752747
-0.019908 3.2E-05 0.001727 0.9267780680565261 0.36219142884125355 -0.09949764541608153 0.425399 0.740398
-0.018437 3.2E-05 0.007386 0.8580023680898039 0.3622009996761387 -0.36420100519616155 0.444085 0.812492
-0.018797 3.2E-05 0.006477 0.8748197842731346 0.3622081914308749 -0.3217072754923038 0.439507 0.800906
-0.019112 3.2E-05 0.005551 0.889541965132081 0.3622170879941987 -0.2784131344494338 0.435503 0.789109
-0.016566 3.2E-05 0.010815 0.7704346086999517 0.36221627112035637 -0.5246235666199308 0.467891 0.856172
-0.017096 3.2E-05 0.009993 0.7952676451940195 0.3621852647922468 -0.486180220160106 0.461141 0.845704
-0.017586 3.2E-05 0.009146 0.8181294490995401 0.36221303809296346 -0.4466160762350013 0.454914 0.834915
-0.011021 3.2E-05 0.016263 0.5110917459349542 0.36219415061170107 -0.7794874113799585 0.538482 0.925615
-0.011825 3.2E-05 0.015707 0.548693750413774 0.36219587461248215 -0.7534914177816269 0.52824 0.918528
-0.012602 3.2E-05 0.015112 0.5849183257782244 0.3622113482593143 -0.7257227372495426 0.51836 0.910947
-0.014214 0.000212 0.013967 0.09860482583826767 0.9900484541570487 -0.10040491393673504 0.497076 0.897114
-0.014902 0.000212 0.013257 0.10340554682230131 0.9900531078730976 -0.09540511766777122 0.488279 0.888026
-0.015555 0.000212 0.012515 0.10800539824470977 0.9900494839098396 -0.0902045085340076 0.47994 0.878517
-0.014139 0.000181 0.01389 0.3384156453169328 0.8757404864185522 -0.3443159180928486 0.498082 0.896092
-0.014823 0.000181 0.013184 0.354825047984237 0.8757618222091216 -0.32732310655366614 0.489334 0.887055
-0.015472 0.000181 0.012445 0.37051649020335287 0.8757389756304348 -0.3095137752171058 0.481041 0.877598
-0.014091 0.000119 0.013842 0.5611939784209171 0.5990935717604622 -0.5710938721956268 0.498904 0.895256
-0.014773 0.000119 0.013138 0.5885019214619104 0.5991019560710799 -0.5429017725771813 0.490195 0.886261
-0.01542 0.000119 0.012402 0.6144037693786877 0.5991036755123239 -0.5134031497379855 0.481941 0.876847
-0.01114 0.000212 0.016446 0.0772024442680789 0.9900313448885766 -0.11780372972512558 0.536375 0.928824
-0.011954 0.000212 0.015883 0.0829031980525485 0.9900381914598675 -0.11380439008902314 0.525979 0.921631
-0.012738 0.000212 0.015282 0.088403239154025 0.9900362755937188 -0.10960401596471876 0.515949 0.913935
-0.011081 0.000181 0.016355 0.2647038355863667 0.8757126891687997 -0.4038058511891759 0.537162 0.927625
-0.01189 0.000181 0.015796 0.2842065055613693 0.8757200454612635 -0.3903089342737594 0.526823 0.920473
-0.012671 0.000181 0.015198 0.30300601472908917 0.8757173831625855 -0.375907461837177 0.51685 0.912819
-0.011044 0.000119 0.016298 0.43899868959086735 0.599098211694507 -0.6695980012529493 0.537805 0.926646
-0.01185 0.000119 0.015741 0.47132065843719895 0.5991262602794947 -0.64722836864111 0.527513 0.919527
-0.012628 0.000119 0.015145 0.5025176009872172 0.5991209845799838 -0.6233218322295174 0.517585 0.911907
-0.007642 0.000212 0.018276 0.052801473181652944 0.9900276221559927 -0.13060364389249762 0.581097 0.952259
-0.008549 0.000212 0.017884 0.059101441501737545 0.9900241469834209 -0.12790311959513084 0.569497 0.947231
-0.009436 0.000212 0.017447 0.06530198749623463 0.9900301320256092 -0.12480379846141013 0.558159 0.941638
-0.007602 0.000181 0.018176 0.18090678322700804 0.8756328324685917 -0.44781679120538526 0.581635 0.950929
-0.008504 0.000181 0.017786 0.202608440843472 0.8756364797756371 -0.43841826488538066 0.570099 0.94593
-0.009386 0.000181 0.017351 0.22391063824714072 0.8756416027208416 -0.42792033097789867 0.558824 0.940368
-0.007576 0.000119 0.018113 0.2999194789031066 0.5991389123402839 -0.7423482133703768 0.582075 0.949844
-0.008475 0.000119 0.017724 0.3359264535701706 0.5991471817025579 -0.7267572307515421 0.570592 0.944867
-0.009355 0.000119 0.017291 0.3712076822224762 0.5991123987593898 -0.7094146814887516 0.559368 0.939331
-0.003854 0.000212 0.019389 0.026300342695698007 0.9900128999521303 -0.1385018046902728 0.629526 0.966522
-0.00482 0.000212 0.019181 0.03310013206979044 0.9900039501236416 -0.137100547032274 0.61717 0.963851
-0.005775 0.000212 0.018926 0.03970089069947438 0.9900222113974718 -0.13520303331407896 0.60496 0.960578
-0.003833 0.000181 0.019283 0.09009826427365798 0.87558313205344 -0.47459085709520626 0.629795 0.965114
-0.004795 0.000181 0.019076 0.11329793742982347 0.8755840601372765 -0.4695914511654466 0.617507 0.962458
-0.005745 0.000181 0.018822 0.13610421044887636 0.8756270879429547 -0.46341433594422704 0.605365 0.959203
-0.003821 0.000119 0.019216 0.14930366843620074 0.5991147204295236 -0.786619327474317 0.630014 0.963963
-0.004779 0.000119 0.01901 0.18770910505096614 0.5991290614599563 -0.7783377541884227 0.617782 0.961319
-0.005725 0.000119 0.018757 0.22570084186571027 0.5991022346555029 -0.768202865402032 0.605696 0.958079
7.9E-05 0.000212 0.019742 -0.0011999936100510395 0.9899947282921077 -0.1410992486485014 0.679809 0.971068
-0.000909 0.000212 0.019726 0.005699961553888978 0.9899933225175592 -0.14099904896462206 0.667168 0.970858
-0.001896 0.000212 0.019662 0.012600006237004628 0.9900004900503637 -0.14050006954755162 0.654556 0.970029
7.8E-05 0.000181 0.019634 -0.0042002026646679735 0.875542245932574 -0.4831233112621662 0.679797 0.969634
-0.000905 0.000181 0.019618 0.01950117215317946 0.8755526266722368 -0.48272901529947315 0.667227 0.969426
-0.001886 0.000181 0.019555 0.043101911612170946 0.875538831008252 -0.4812213426398297 0.654684 0.968601
7.8E-05 0.000119 0.019566 -0.007000244417800845 0.5991209186720694 -0.8006279544130509 0.679788 0.968463
-0.000902 0.000119 0.01955 0.03230057980061118 0.599110754134556 -0.8000143603866546 0.667275 0.968255
-0.00188 0.000119 0.019487 0.07140480106320467 0.5991402845513433 -0.7974536185966302 0.65479 0.967434
0.004005 0.000212 0.01932 -0.028699670960158647 0.9899886498451937 -0.13819841556424825 0.730019 0.965719
0.003033 0.000212 0.019498 -0.02189956354604775 0.9899802698898298 -0.1394972198481124 0.717579 0.967978
0.002053 0.000212 0.019628 -0.01509969672563687 0.9899801164490398 -0.14039718015095473 0.705044 0.969626
0.003983 0.000181 0.019215 -0.09839968413752087 0.8754971896585317 -0.4730984813563123 0.729728 0.964315
0.003016 0.000181 0.019391 -0.07509808427230501 0.8754776668495744 -0.4773878219919895 0.717358 0.966562
0.002041 0.000181 0.01952 -0.051601368228418105 0.8755232148058149 -0.48041273831263676 0.704892 0.9682
0.003969 0.000119 0.019148 -0.1630008948773693 0.5991032890860856 -0.7839043036464405 0.729491 0.963167
0.003005 0.000119 0.019324 -0.12440503975024246 0.5991242710158381 -0.790932041306003 0.717177 0.965405
0.002034 0.000119 0.019453 -0.08549973195876046 0.599098121830332 -0.7960975042382362 0.704768 0.967035
0.007774 0.000212 0.018141 -0.05519798393045474 0.9899638422309817 -0.130095248357829 0.778219 0.950681
0.006854 0.000212 0.018505 -0.04879843359542198 0.989968222530077 -0.13259574374493757 0.766459 0.955323
0.005918 0.000212 0.018823 -0.04219890537459169 0.989974320399189 -0.1347965034240512 0.754487 0.959383
0.007731 0.000181 0.018042 -0.18880881663354385 0.8754408796663363 -0.44492077606071856 0.777659 0.94936
0.006817 0.000181 0.018404 -0.16680831059705611 0.8754436156874275 -0.45362260004091515 0.765965 0.953977
0.005886 0.000181 0.01872 -0.1444085232425701 0.8754516706824507 -0.46122722243402586 0.75406 0.958014
0.007705 0.000119 0.017979 -0.312810377656421 0.5991198761315915 -0.7370244511917592 0.777203 0.948281
0.006794 0.000119 0.01834 -0.2762979623100419 0.5990955816863774 -0.7514944577488111 0.765562 0.952877
0.005866 0.000119 0.018655 -0.23910736103341587 0.5991184441452089 -0.7641235239047808 0.753711 0.956895
0.011239 0.000212 0.016249 -0.07960382983238208 0.989947627526068 -0.11690562446489278 0.822579 0.926517
0.010409 0.000212 0.016786 -0.0737044938999938 0.9899603597232545 -0.1206073536545353 0.811948 0.93337
0.009553 0.000212 0.01728 -0.0677038555058308 0.9899563746709292 -0.12410706747819206 0.800992 0.939691
0.011179 0.000181 0.01616 -0.27209405072862053 0.8753808600067415 -0.39959126303254966 0.821773 0.92533
0.010353 0.000181 0.016694 -0.2520954850102949 0.8753843220071881 -0.4124926123234694 0.811201 0.932145
0.009501 0.000181 0.017186 -0.23160067048491154 0.875402534294005 -0.42430122835383405 0.800306 0.93843
0.01114 0.000119 0.016104 -0.4506134262270546 0.599117850982309 -0.6618197192123053 0.821114 0.924361
0.010317 0.000119 0.016635 -0.4176133262538645 0.5991191181960972 -0.6831217987644033 0.810591 0.931145
0.009469 0.000119 0.017126 -0.38362741883147083 0.5991428222678159 -0.7027502273536875 0.799745 0.937401
0.01427 0.000212 0.013718 -0.10090386166468027 0.9899378856478394 -0.09920379660194531 0.861361 0.894162
0.01356 0.000212 0.014406 -0.09590408464194919 0.9899421625345726 -0.10400442964298974 0.852274 0.902956
0.012817 0.000212 0.015058 -0.09070351664351174 0.9899383806550416 -0.10860421066687294 0.842765 0.911293
0.014193 0.000181 0.013642 -0.3449070172046482 0.8753178085219734 -0.33890689513092287 0.860338 0.893155
0.013486 0.000181 0.014327 -0.32781440939905465 0.8753384763483604 -0.35541562263704707 0.851302 0.901901
0.012748 0.000181 0.014975 -0.31001688242901154 0.8753476683552058 -0.37102020445536543 0.841846 0.910191
0.014144 0.000119 0.013595 -0.5710938721956268 0.5990935717604622 -0.5611939784209171 0.859503 0.892333
0.01344 0.000119 0.014276 -0.5429017725771813 0.5991019560710799 -0.5885019214619104 0.850509 0.90104
0.012704 0.000119 0.014923 -0.5134031497379855 0.5991036755123239 -0.6144037693786877 0.841095 0.909292
0.016748 0.000212 0.010644 -0.11840341421167391 0.9899285450011487 -0.07760223769278628 0.893086 0.854856
0.016186 0.000212 0.011457 -0.11440410374880353 0.9899355096236068 -0.08330298813177739 0.88589 0.865254
0.015584 0.000212 0.012242 -0.11020377509497493 0.9899339107669299 -0.08880304200030648 0.878192 0.875289
0.016657 0.000181 0.010585 -0.4044065797485792 0.8753142414785642 -0.2651043132822659 0.891886 0.854069
0.016098 0.000181 0.011394 -0.39090976113860504 0.8753218570596597 -0.2846071067281837 0.884731 0.864409
0.0155 0.000181 0.012174 -0.37649725346255397 0.8752936147563705 -0.3034977859917268 0.877075 0.874387
0.0166 0.000119 0.010547 -0.6695980012529493 0.599098211694507 -0.43899868959086735 0.890907 0.853426
0.016043 0.000119 0.011353 -0.64722836864111 0.5991262602794947 -0.47132065843719895 0.883784 0.863719
0.015447 0.000119 0.012131 -0.6233218322295174 0.5991209845799838 -0.5025176009872172 0.876162 0.873651
0.018578 0.000212 0.007145 -0.13130323666467617 0.9899244019372654 -0.05300130649830797 0.916528 0.810129
0.018186 0.000212 0.008053 -0.1285036868236632 0.9899284014532623 -0.05940170425934315 0.911496 0.821731
0.017749 0.000212 0.00894 -0.125502784937697 0.9899219666121615 -0.06560145571245357 0.905904 0.833069
0.018478 0.000181 0.007105 -0.4484289156287497 0.8752564383547763 -0.18121168490617628 0.915198 0.809591
0.018088 0.000181 0.008007 -0.439029756250129 0.8752593227109633 -0.20291375294567465 0.910195 0.821128
0.017653 0.000181 0.00889 -0.42853151322352995 0.8752643649316999 -0.22421648836573027 0.904633 0.832404
0.018415 0.000119 0.007079 -0.7423931032001068 0.599094434438556 -0.2998972139678233 0.914112 0.809151
0.018026 0.000119 0.007979 -0.7267572307515421 0.5991471817025579 -0.3359264535701706 0.909132 0.820636
0.017593 0.000119 0.008858 -0.7094146814887516 0.5991123987593898 -0.3712076822224762 0.903595 0.83186
0.019692 0.000212 0.003357 -0.13920169757505296 0.9899120720513285 -0.026400321953889354 0.930797 0.76169
0.019483 0.000212 0.004323 -0.13770237263232085 0.9899170564178243 -0.033200572050784694 0.928123 0.774048
0.019228 0.000212 0.005278 -0.13590252577191242 0.9899183978043864 -0.039900741562172964 0.92485 0.786257
0.019585 0.000181 0.003337 -0.47521755486072087 0.8752323316795094 -0.09020333217263683 0.929388 0.761421
0.019378 0.000181 0.004298 -0.4702181883912973 0.8752338547002624 -0.11340438656651024 0.926729 0.77371
0.019125 0.000181 0.005248 -0.46411356623781463 0.8752255832177017 -0.13630398422368917 0.923474 0.785852
0.019519 0.000119 0.003324 -0.786619327474317 0.5991147204295236 -0.14930366843620074 0.928237 0.761202
0.019312 0.000119 0.004282 -0.7783377541884227 0.5991290614599563 -0.18770910505096614 0.925591 0.773435
0.019059 0.000119 0.005229 -0.768202865402032 0.5991022346555029 -0.22570084186571027 0.92235 0.785521
0.020044 0.000212 -0.000576 -0.14170125122757252 0.9899087409327737 0.001200010596140346 0.935346 0.711389
0.020028 0.000212 0.000413 -0.14160105776385223 0.9899073946358569 -0.005700042579477103 0.935135 0.724034
0.019964 0.000212 0.001399 -0.14110211795868596 0.9899148587335452 -0.012600189130258278 0.934306 0.736652
0.019936 0.000181 -0.000575 -0.48371006852986576 0.875218217856809 0.004200087425729659 0.933911 0.711401
0.019921 0.000181 0.000408 -0.48331590618821335 0.8752288042539298 -0.019500641776681482 0.933702 0.723975
0.019857 0.000181 0.00139 -0.48180662006843994 0.875212025495846 -0.04320059358023372 0.932876 0.736523
0.019868 0.000119 -0.000574 -0.8006279544130511 0.5991209186720696 0.007000244417800847 0.932739 0.71141
0.019853 0.000119 0.000406 -0.8000143603866546 0.599110754134556 -0.03230057980061118 0.932531 0.723927
0.019789 0.000119 0.001383 -0.7974536185966302 0.5991402845513433 -0.07140480106320467 0.931709 0.736417
0.019623 0.000212 -0.004502 -0.13870214019053484 0.9899152745105296 0.028800444394285536 0.929989 0.661162
0.0198 0.000212 -0.003529 -0.14000097931027544 0.9899069244231545 0.022000153891614707 0.932251 0.673607
0.01993 0.000212 -0.002549 -0.14090120964207722 0.9899084984009385 0.015100129635169383 0.933901 0.686146
0.019517 0.000181 -0.00448 -0.4736060977177625 0.8752112684176219 0.09850126821199241 0.928584 0.661453
0.019694 0.000181 -0.003512 -0.47789558187576825 0.8751919088882033 0.07519930478564088 0.930834 0.673828
0.019823 0.000181 -0.002538 -0.48100033670035347 0.8752006126406432 0.051600036120037926 0.932474 0.686298
0.01945 0.000119 -0.004466 -0.7839043036464405 0.5991032890860856 0.1630008948773693 0.927436 0.661691
0.019626 0.000119 -0.003502 -0.790932041306003 0.5991242710158381 0.12440503975024246 0.929676 0.67401
0.019755 0.000119 -0.00253 -0.7960975042382362 0.599098121830332 0.08549973195876046 0.931308 0.686423
0.018443 0.000212 -0.00827 -0.13040233031046414 0.9899176899871813 0.05530098823748978 0.914934 0.612952
0.018807 0.000212 -0.007351 -0.13300118238576716 0.9899088003283526 0.048900434726797094 0.91958 0.624714
0.019126 0.000212 -0.006415 -0.13520200506060268 0.9899146805435695 0.04230062732295483 0.923644 0.636687
0.018344 0.000181 -0.008228 -0.4452224664925031 0.8752441659349477 0.1890095376619117 0.913613 0.613512
0.018706 0.000181 -0.007314 -0.45401211093459093 0.8752233468941717 0.16690445223564584 0.918234 0.625208
0.019023 0.000181 -0.006383 -0.4616161914718788 0.8752306992551739 0.14450506860417348 0.922274 0.637115
0.018281 0.000119 -0.008201 -0.7370244511917592 0.5991198761315915 0.312810377656421 0.912534 0.613969
0.018642 0.000119 -0.00729 -0.7514944577488111 0.5990955816863774 0.2762979623100419 0.917134 0.625612
0.018958 0.000119 -0.006362 -0.7641235239047808 0.5991184441452089 0.23910736103341587 0.921156 0.637464
0.016552 0.000212 -0.011736 -0.11710196088875277 0.9899165762918563 0.07970133461002216 0.890765 0.568609
0.017088 0.000212 -0.010905 -0.12080266614426304 0.9899218478162746 0.07390163102699533 0.897615 0.579237
0.017583 0.000212 -0.01005 -0.12430314863863301 0.989925075119733 0.06780171743925437 0.903936 0.590186
0.016462 0.000181 -0.011675 -0.3998184080632706 0.8752402969909315 0.2722125329535324 0.889578 0.569415
0.016996 0.000181 -0.010849 -0.4127099835752555 0.875221171856224 0.2523061033584613 0.896391 0.579984
0.017488 0.000181 -0.009998 -0.42452967990741974 0.875261191648937 0.23171619984581662 0.902676 0.590873
0.016406 0.000119 -0.011637 -0.6618197192123053 0.599117850982309 0.4506134262270546 0.888609 0.570074
0.016938 0.000119 -0.010814 -0.6831217987644035 0.5991191181960973 0.41761332625386455 0.895392 0.580595
0.017428 0.000119 -0.009965 -0.7027502273536875 0.5991428222678159 0.38362741883147083 0.901647 0.591433
0.01402 0.000212 -0.014766 -0.09920279507812754 0.9899278916112748 0.101002845795271 0.858405 0.529828
0.014708 0.000212 -0.014056 -0.1041023516986876 0.9899223625987594 0.09600216871348713 0.8672 0.538915
0.01536 0.000212 -0.013313 -0.1086032250206512 0.9899293963898953 0.09080269642610617 0.875538 0.548424
0.013944 0.000181 -0.014689 -0.33890689513092287 0.8753178085219734 0.3449070172046482 0.857399 0.53085
0.014629 0.000181 -0.013983 -0.35552245195178356 0.8752552741158958 0.3279207088466662 0.866145 0.539886
0.015277 0.000181 -0.013244 -0.3711274161948889 0.8752646581885388 0.31012290962553235 0.874436 0.549343
0.013897 0.000119 -0.014641 -0.5611939784209171 0.5990935717604622 0.5710938721956268 0.856577 0.531686
0.014579 0.000119 -0.013937 -0.5885019214619104 0.5991019560710799 0.5429017725771813 0.865284 0.54068
0.015225 0.000119 -0.0132 -0.6144037693786877 0.5991036755123239 0.5134031497379855 0.873536 0.550094
0.010946 0.000212 -0.017244 -0.07760315618454433 0.9899402616891808 0.11830481155453086 0.819105 0.498111
0.011759 0.000212 -0.016682 -0.08330298813177739 0.9899355096236068 0.11440410374880353 0.829503 0.505306
0.012544 0.000212 -0.016081 -0.08880304200030648 0.9899339107669299 0.11020377509497493 0.839535 0.513005
0.010887 0.000181 -0.017154 -0.2651043132822659 0.8753142414785642 0.4044065797485792 0.818318 0.49931
0.011696 0.000181 -0.016595 -0.2846071067281837 0.8753218570596597 0.39090976113860504 0.828658 0.506465
0.012476 0.000181 -0.015997 -0.3034069936118051 0.8753201763626005 0.37650867862506465 0.838634 0.514121
0.010849 0.000119 -0.017097 -0.43899868959086735 0.599098211694507 0.6695980012529493 0.817674 0.50029
0.011656 0.000119 -0.01654 -0.47132065843719895 0.5991262602794947 0.64722836864111 0.827968 0.507412
0.012433 0.000119 -0.015944 -0.5025176009872172 0.5991209845799838 0.6233218322295174 0.837898 0.515033
0.007447 0.000212 -0.019075 -0.0529029724370119 0.9899556222192454 0.13110736647433383 0.774376 0.474671
0.008355 0.000212 -0.018682 -0.05930281517145587 0.9899469938992271 0.12840609558203933 0.785977 0.4797
0.009242 0.000212 -0.018246 -0.0656031011318875 0.9899467958910888 0.1253059233509985 0.797318 0.485294
0.007407 0.000181 -0.018975 -0.18109949201663736 0.8753975445133315 0.4481987428042897 0.773837 0.476001
0.008309 0.000181 -0.018584 -0.20291380469571613 0.8753595527361278 0.43882985461054824 0.785375 0.481001
0.009192 0.000181 -0.01815 -0.22411149049068374 0.8753448800825322 0.428421965757291 0.796652 0.486564
0.007382 0.000119 -0.018912 -0.2999194789031066 0.5991389123402839 0.7423482133703768 0.773398 0.477087
0.008281 0.000119 -0.018523 -0.3359020389315645 0.599103636570111 0.7268044117161687 0.784883 0.482065
0.00916 0.000119 -0.01809 -0.3712076822224762 0.5991123987593898 0.7094146814887516 0.796109 0.487602
0.003659 0.000212 -0.020188 -0.026299248772688057 0.9899717218616416 0.1387960353478746 0.725933 0.460408
0.004626 0.000212 -0.01998 -0.03309876924514799 0.989963188903218 0.13739489106596178 0.738293 0.463077
0.005581 0.000212 -0.019725 -0.03980251938019878 0.9899626616698183 0.13560858361695866 0.750507 0.46635
0.003639 0.000181 -0.020082 -0.0902046799401961 0.8754454192865594 0.47482463454107654 0.725664 0.461817
0.0046 0.000181 -0.019875 -0.11330180944434536 0.8754139804729031 0.46990750448277036 0.737956 0.46447
0.00555 0.000181 -0.019621 -0.1362009506859537 0.8754061103559755 0.4638032373578952 0.750101 0.467726
0.003626 0.000119 -0.020015 -0.14930366843620074 0.5991147204295236 0.786619327474317 0.725445 0.462968
0.004584 0.000119 -0.019809 -0.18770910505096614 0.5991290614599563 0.7783377541884227 0.73768 0.465609
0.005531 0.000119 -0.019556 -0.22570084186571027 0.5991022346555029 0.768202865402032 0.749771 0.46885
-0.000274 0.000212 -0.020541 0.0011999766726802222 0.9899807549611835 0.14119725515203949 0.675639 0.455872
0.000715 0.000212 -0.020525 -0.0056998811587167485 0.9899793591455405 0.14109705815700582 0.688282 0.456077
0.001701 0.000212 -0.020461 -0.012599651939422692 0.9899726523832115 0.1406961133235534 0.700899 0.456905
-0.000273 0.000181 -0.020433 0.004199999727000026 0.8754999430925056 0.4831999685920031 0.675651 0.457306
0.00071 0.000181 -0.020417 -0.019499289166369924 0.8754680853926599 0.48288239684307876 0.688223 0.45751
0.001692 0.000181 -0.020354 -0.0430998372984213 0.8754966950062144 0.48129818310278816 0.70077 0.458333
-0.000272 0.000119 -0.020365 0.007000244417800845 0.5991209186720694 0.8006279544130509 0.67566 0.458478
0.000708 0.000119 -0.020349 -0.03230057980061118 0.599110754134556 0.8000143603866546 0.688175 0.45868
0.001686 0.000119 -0.020286 -0.07140480106320467 0.5991402845513433 0.7974536185966302 0.700665 0.4595
-0.0042 0.000212 -0.020119 0.028700067445237742 0.9900023265082009 0.138100324536144 0.62544 0.461229
-0.003227 0.000212 -0.020297 0.021899868929676682 0.9899940749031926 0.13939916569848995 0.637877 0.458969
-0.002247 0.000212 -0.020426 0.01499993182546478 0.9899955004806754 0.14029936234084725 0.650407 0.457321
-0.004178 0.000181 -0.020014 0.09840433923500996 0.8755386077261303 0.4730208583146312 0.625731 0.462634
-0.00321 0.000181 -0.02019 0.0751016691531456 0.8755194586362047 0.4773106083461571 0.638099 0.460385
-0.002236 0.000181 -0.020319 0.051601368228418105 0.8755232148058149 0.48041273831263676 0.650559 0.458746
-0.004164 0.000119 -0.019947 0.1630008948773693 0.5991032890860856 0.7839043036464405 0.625969 0.463781
-0.0032 0.000119 -0.020123 0.12440503975024246 0.5991242710158381 0.790932041306003 0.63828 0.461542
-0.002228 0.000119 -0.020251 0.08549973195876046 0.599098121830332 0.7960975042382362 0.650684 0.459911
-0.007968 0.000212 -0.01894 0.05510043942775667 0.9900078953444482 0.12980103516738323 0.577242 0.476272
-0.007049 0.000212 -0.019304 0.04860020120524949 0.9900040986254525 0.13240054813940394 0.589002 0.471629
-0.006113 0.000212 -0.019622 0.04210021955321746 0.9900051628903868 0.13460070194449097 0.600973 0.467568
-0.007926 0.000181 -0.018841 0.1887045091481198 0.8756209232119433 0.4446106240977957 0.577801 0.477593
-0.007012 0.000181 -0.019203 0.16669701531666087 0.8755843228030491 0.4533918820910261 0.589496 0.472975
-0.006081 0.000181 -0.019519 0.14431127548044717 0.8755684108325119 0.4610360221516711 0.601401 0.468937
-0.007899 0.000119 -0.018778 0.312810377656421 0.5991198761315915 0.7370244511917592 0.578258 0.478672
-0.006988 0.000119 -0.019139 0.2762979623100419 0.5990955816863774 0.7514944577488111 0.589899 0.474075
-0.00606 0.000119 -0.019454 0.23910736103341587 0.5991184441452089 0.7641235239047808 0.60175 0.470055
-0.011434 0.000212 -0.017048 0.07930155670483732 0.9900194342722439 0.11650228696233983 0.532896 0.500437
-0.010603 0.000212 -0.017584 0.07350182691061206 0.9900246073674279 0.12020298768238873 0.543524 0.493585
-0.009747 0.000212 -0.018079 0.06750141956978048 0.9900208203567804 0.12370260149306438 0.554476 0.487265
-0.011373 0.000181 -0.016959 0.2718120632870589 0.8756388617150435 0.39921771767547437 0.533703 0.501623
-0.010547 0.000181 -0.017492 0.2519056200770766 0.875619535289751 0.41210919425868703 0.544271 0.494809
-0.009696 0.000181 -0.017985 0.231410120942964 0.8756382968783893 0.4239185404828109 0.555162 0.488524
-0.011335 0.000119 -0.016903 0.4506134262270546 0.599117850982309 0.6618197192123053 0.534361 0.502592
-0.010511 0.000119 -0.017434 0.4176133262538645 0.5991191181960972 0.6831217987644033 0.544881 0.495809
-0.009663 0.000119 -0.017925 0.38362741883147083 0.5991428222678159 0.7027502273536875 0.555723 0.489553
-0.014464 0.000212 -0.014517 0.10040392335995944 0.9900386865175282 0.09870385692856569 0.494122 0.532783
-0.013754 0.000212 -0.015205 0.0955032232881799 0.990033414191603 0.1035034933018494 0.50321 0.523992
-0.013011 0.000212 -0.015857 0.09030272266813329 0.9900298498499662 0.1081032593624054 0.512717 0.515657
-0.014387 0.000181 -0.014441 0.3444040622698718 0.8757103290642473 0.3384039914986197 0.495144 0.533789
-0.013681 0.000181 -0.015125 0.32740077594075845 0.875702075416378 0.35490084111599013 0.504181 0.525046
-0.012942 0.000181 -0.015774 0.309592723108564 0.8756794173971884 0.3705912893541144 0.513635 0.516758
-0.014338 0.000119 -0.014393 0.5710938721956268 0.5990935717604622 0.5611939784209171 0.495979 0.534611
-0.013635 0.000119 -0.015075 0.5429017725771813 0.5991019560710799 0.5885019214619104 0.504975 0.525908
-0.012898 0.000119 -0.015722 0.5134031497379855 0.5991036755123239 0.6144037693786877 0.514386 0.517658
-0.016942 0.000212 -0.011443 0.1177051126326032 0.9900430034518027 0.07720335340048401 0.462403 0.572073
-0.01638 0.000212 -0.012256 0.11380439008902314 0.9900381914598675 0.0829031980525485 0.469598 0.561679
-0.015779 0.000212 -0.01304 0.10960401596471876 0.9900362755937188 0.088403239154025 0.477297 0.55165
-0.016852 0.000181 -0.011383 0.40372215082347407 0.875748049234868 0.2647145239607966 0.463601 0.572861
-0.016293 0.000181 -0.012192 0.3903089342737594 0.8757200454612635 0.2842065055613693 0.470756 0.562523
-0.015695 0.000181 -0.012973 0.375907461837177 0.8757173831625855 0.30300601472908917 0.478413 0.55255
-0.016795 0.000119 -0.011346 0.6695980012529493 0.599098211694507 0.43899868959086735 0.46458 0.573504
-0.016238 0.000119 -0.012152 0.64722836864111 0.5991262602794947 0.47132065843719895 0.471702 0.563213
-0.015642 0.000119 -0.01293 0.6233218322295174 0.5991209845799838 0.5025176009872172 0.479325 0.553286
-0.018773 0.000212 -0.007944 0.13039481951672882 0.9900606656711137 0.05269790635377001 0.438948 0.616802
-0.01838 0.000212 -0.008851 0.12769449010162562 0.9900572799500355 0.05899745431476829 0.443982 0.605199
-0.017943 0.000212 -0.009738 0.12470616500165407 0.9900489442793707 0.06520322340102522 0.449578 0.593859
-0.018673 0.000181 -0.007904 0.4475865636530356 0.8757737096678476 0.1807945726283933 0.440278 0.617341
-0.018282 0.000181 -0.008806 0.4382182981870692 0.8757365671438077 0.20260846009288047 0.445283 0.605802
-0.017848 0.000181 -0.009688 0.4277290395102721 0.8757594573279056 0.2238151953294339 0.450848 0.594525
-0.01861 0.000119 -0.007878 0.7423931032001068 0.599094434438556 0.2998972139678233 0.441364 0.617781
-0.01822 0.000119 -0.008777 0.7267572307515421 0.5991471817025579 0.3359264535701706 0.446346 0.606294
-0.017787 0.000119 -0.009657 0.7094146814887516 0.5991123987593898 0.3712076822224762 0.451886 0.595069
-0.019886 0.000212 -0.004156 0.13819421738395782 0.9900585718658224 0.026198903729809663 0.424676 0.665248
-0.019678 0.000212 -0.005122 0.13669494921493802 0.9900634178325541 0.032998780717578315 0.427348 0.652889
-0.019422 0.000212 -0.006077 0.13499384644576148 0.9900548693773958 0.03959819495742337 0.430623 0.640677
-0.01978 0.000181 -0.004136 0.4742020675255217 0.8758038185129732 0.09000039240256631 0.426085 0.665516
-0.019573 0.000181 -0.005097 0.469280673073461 0.8757639324051506 0.11319533814599571 0.428741 0.653226
-0.019319 0.000181 -0.006047 0.46309757800600054 0.8757954196019332 0.13609928820258405 0.431998 0.641083
-0.019713 0.000119 -0.004123 0.786619327474317 0.5991147204295236 0.14930366843620074 0.427236 0.665736
-0.019507 0.000119 -0.005081 0.7783377541884227 0.5991290614599563 0.18770910505096614 0.429879 0.653501
-0.019254 0.000119 -0.006028 0.768202865402032 0.5991022346555029 0.22570084186571027 0.433122 0.641414
-0.020239 0.000212 -0.000223 0.1405952331994262 0.9900664323666564 -0.0011999593160690713 0.420131 0.715564
-0.020223 0.000212 -0.001211 0.14049510945035862 0.9900655364185056 0.005599805074177994 0.420337 0.702917
-0.020159 0.000212 -0.002198 0.13999620195456075 0.9900731396800757 0.012499660888800068 0.421166 0.690294
-0.020131 0.000181 -0.000224 0.48268972605852006 0.8757813591921523 -0.004199910605854121 0.421565 0.715553
-0.020115 0.000181 -0.001207 0.4822963128587822 0.8757933045857795 0.019399851688700755 0.42177 0.702976
-0.020051 0.000181 -0.002188 0.4807875261294498 0.8757772782532698 0.04309888181401682 0.422595 0.690423
-0.020062 0.000119 -0.000224 0.8006279544130511 0.5991209186720696 -0.007000244417800847 0.422737 0.715543
-0.020047 0.000119 -0.001204 0.8000143603866546 0.599110754134556 0.03230057980061118 0.422941 0.703023
-0.019983 0.000119 -0.002182 0.7974536185966302 0.5991402845513433 0.07140480106320467 0.423762 0.690528
-0.019817 0.000212 0.003703 0.13769468095720994 0.9900617546531124 -0.02859889524601456 0.425494 0.765782
-0.019995 0.000212 0.002731 0.13889508111780177 0.9900649374710981 -0.021899224452698766 0.423231 0.753342
-0.020124 0.000212 0.00175 0.13979531344067403 0.9900668085666048 -0.014999497150286912 0.421581 0.740807
-0.019711 0.000181 0.003681 0.4725130462653135 0.8758241818394954 -0.09830271417540808 0.426898 0.765491
-0.019888 0.000181 0.002714 0.47680265103010966 0.8758048694886116 -0.07500041700347782 0.424647 0.75312
-0.020017 0.000181 0.001739 0.47990434315395836 0.875807926097597 -0.05150046608132706 0.423007 0.740654
-0.019645 0.000119 0.003667 0.7839043036464405 0.5991032890860856 -0.1630008948773693 0.428045 0.765254
-0.019821 0.000119 0.002703 0.790932041306003 0.5991242710158381 -0.12440503975024246 0.425804 0.752938
-0.019949 0.000119 0.001732 0.7960975042382362 0.599098121830332 -0.08549973195876046 0.424172 0.74053
-0.018638 0.000212 0.007471 0.12949467334616563 0.9900592747493326 -0.05489774182783392 0.440549 0.81399
-0.019002 0.000212 0.006552 0.13199509911295323 0.9900632396343559 -0.04849819929528963 0.435901 0.80223
-0.01932 0.000212 0.005616 0.13419519254333917 0.9900645315734732 -0.0419984954308513 0.431837 0.790254
-0.018538 0.000181 0.007429 0.44430042430710776 0.8758008363901981 -0.188600180113258 0.44187 0.813431
-0.0189 0.000181 0.006515 0.4530022197163149 0.8758042914515421 -0.16660081634600013 0.437247 0.801736
-0.019217 0.000181 0.005584 0.46060653144692415 0.875812419108155 -0.14420204479949297 0.433206 0.789827
-0.018476 0.000119 0.007403 0.7370244511917592 0.5991198761315915 -0.312810377656421 0.442949 0.812974
-0.018836 0.000119 0.006491 0.7514944577488111 0.5990955816863774 -0.2762979623100419 0.438347 0.801332
-0.019152 0.000119 0.005564 0.7641235239047808 0.5991184441452089 -0.23910736103341587 0.434325 0.789477
-0.016746 0.000212 0.010937 0.11629439823375237 0.9900523103287895 -0.07919618521163532 0.464715 0.858331
-0.017282 0.000212 0.010107 0.11999486612947663 0.9900576412899568 -0.07339685978252988 0.457863 0.847705
-0.017777 0.000212 0.009251 0.12339578425504515 0.9900661749669385 -0.06739769739700198 0.451542 0.836753
-0.016657 0.000181 0.010877 0.39899051810300457 0.8757791873549158 -0.271693543279665 0.465901 0.857525
-0.01719 0.000181 0.01005 0.4117983281021818 0.8757964442736543 -0.2517989776982258 0.459086 0.846958
-0.017682 0.000181 0.009199 0.4236900391642675 0.87577941066808 -0.23129456232875872 0.452802 0.836067
-0.016601 0.000119 0.010838 0.6618197192123053 0.599117850982309 -0.4506134262270546 0.46687 0.856866
-0.017132 0.000119 0.010015 0.6831217987644035 0.5991191181960973 -0.41761332625386455 0.460086 0.846348
-0.017623 0.000119 0.009166 0.7027502273536875 0.5991428222678159 -0.38362741883147083 0.45383 0.835506
-0.014019 -8.6E-05 0.013768 0.3237986562383649 0.8868963193879118 -0.3294986325835122 0.500973 0.893153
-0.014697 -8.6E-05 0.013068 0.33959762112699604 0.8868937873307796 -0.31319780605705283 0.492368 0.884259
-0.015341 -8.6E-05 0.012336 0.3545006558268199 0.8869016407695531 -0.2962005479715206 0.484206 0.874956
-0.010987 -8.6E-05 0.016212 0.25331518796740554 0.8868531728760174 -0.38642316869563953 0.539423 0.924181
-0.011789 -8.6E-05 0.015658 0.2719894116583022 0.8868654749990743 -0.3734854604940289 0.529252 0.91714
-0.012563 -8.6E-05 0.015065 0.2898974329695965 0.8868921466048125 -0.35969681489880606 0.519436 0.909613
-0.007537 -8.6E-05 0.018018 0.17309292237510318 0.8868637368831832 -0.4283824837983489 0.583181 0.94711
-0.008432 -8.6E-05 0.01763 0.1938917423265377 0.8868622293419614 -0.41938213889504855 0.571832 0.942188
-0.009307 -8.6E-05 0.0172 0.21420002784600545 0.8869001152970225 -0.4093000532090104 0.560737 0.936719
-0.003801 -8.6E-05 0.019115 0.08619796316619528 0.8868790432958074 -0.4538892747231559 0.630566 0.961065
-0.004755 -8.6E-05 0.01891 0.10829938756869494 0.8868949846230428 -0.4490974603610424 0.618476 0.958451
-0.005696 -8.6E-05 0.018658 0.1301961892133118 0.8868740415766991 -0.4432870251786568 0.606529 0.95525
7.7E-05 -8.6E-05 0.019463 -0.003999896783995216 0.8868771144313394 -0.4619880785514475 0.679765 0.965512
-0.000898 -8.6E-05 0.019448 0.01859988719202627 0.8868946210004354 -0.4615972004214691 0.667397 0.965307
-0.001871 -8.6E-05 0.019384 0.04120039016954237 0.8869083990623089 -0.46010435720889425 0.655055 0.964497
0.003948 -8.6E-05 0.019047 -0.09409897856113154 0.8868903728572537 -0.45229509036344095 0.728892 0.960278
0.002989 -8.6E-05 0.019222 -0.07179828368254261 0.886878799415697 -0.45638909014919843 0.71672 0.962489
0.002023 -8.6E-05 0.01935 -0.04929826325277786 0.8868687561640708 -0.4593838161932282 0.704456 0.964103
0.007665 -8.6E-05 0.017884 -0.18049531169516725 0.8868769636700491 -0.4252889532629066 0.776052 0.945565
0.006758 -8.6E-05 0.018243 -0.1593992882837667 0.886896040018022 -0.4335980639889664 0.764546 0.950107
0.005835 -8.6E-05 0.018557 -0.1379980390617973 0.8868873974196233 -0.4408937349445393 0.752832 0.95408
0.011082 -8.6E-05 0.016019 -0.2599949015499704 0.8868826084025722 -0.3818925111612835 0.819455 0.921921
0.010263 -8.6E-05 0.016548 -0.2409920172716396 0.8868706228971667 -0.3941869427737773 0.809052 0.928623
0.009419 -8.6E-05 0.017036 -0.22139559205764278 0.8868823423483441 -0.4054919267361073 0.798333 0.93481
0.014071 -8.6E-05 0.013522 -0.3294986325835122 0.8868963193879118 -0.3237986562383649 0.857401 0.890266
0.01337 -8.6E-05 0.014201 -0.3131978060570528 0.8868937873307795 -0.33959762112699593 0.848507 0.898867
0.012638 -8.6E-05 0.014844 -0.2962005479715206 0.8869016407695531 -0.3545006558268199 0.839205 0.907026
0.016514 -8.6E-05 0.010491 -0.38642316869563953 0.8868531728760174 -0.25331518796740554 0.888442 0.851807
0.01596 -8.6E-05 0.011293 -0.3734854604940289 0.8868654749990743 -0.2719894116583022 0.881399 0.861979
0.015367 -8.6E-05 0.012067 -0.35969681489880606 0.8868921466048125 -0.2898974329695965 0.873865 0.871797
0.01832 -8.6E-05 0.007041 -0.4283824837983489 0.8868637368831832 -0.17309292237510318 0.911375 0.808044
0.017933 -8.6E-05 0.007936 -0.41938213889504855 0.8868622293419614 -0.1938917423265377 0.906454 0.819396
0.017502 -8.6E-05 0.00881 -0.4093000532090104 0.8869001152970225 -0.21420002784600545 0.900983 0.830491
0.019417 -8.6E-05 0.003305 -0.4538892747231559 0.8868790432958074 -0.08619796316619528 0.925336 0.760649
0.019212 -8.6E-05 0.004258 -0.4490974603610424 0.8868949846230428 -0.10829938756869494 0.922724 0.772742
0.01896 -8.6E-05 0.0052 -0.4432870251786568 0.8868740415766991 -0.1301961892133118 0.919522 0.784688
0.019765 -8.6E-05 -0.000573 -0.4619880785514475 0.8868771144313394 0.003999896783995216 0.929787 0.711434
0.01975 -8.6E-05 0.000401 -0.4615972004214691 0.8868946210004354 -0.01859988719202627 0.929582 0.723806
0.019687 -8.6E-05 0.001374 -0.4601831829128651 0.8868675900161235 -0.041198494428531164 0.928772 0.736152
0.01935 -8.6E-05 -0.004445 -0.45229509036344095 0.8868903728572537 0.09409897856113154 0.924546 0.662291
0.019525 -8.6E-05 -0.003486 -0.45638909014919843 0.886878799415697 0.07179828368254261 0.926759 0.674467
0.019652 -8.6E-05 -0.002519 -0.4593838161932282 0.8868687561640708 0.04929826325277786 0.928375 0.686735
0.018187 -8.6E-05 -0.008161 -0.4252889532629066 0.8868769636700491 0.18049531169516725 0.909816 0.615121
0.018545 -8.6E-05 -0.007255 -0.4335980639889664 0.886896040018022 0.1593992882837667 0.914363 0.626629
0.018859 -8.6E-05 -0.006332 -0.4408937349445393 0.8868873974196233 0.1379980390617973 0.918342 0.638343
0.016321 -8.6E-05 -0.011579 -0.3818925111612835 0.8868826084025722 0.2599949015499704 0.886168 0.571734
0.01685 -8.6E-05 -0.01076 -0.3941869427737773 0.8868706228971667 0.2409920172716396 0.892873 0.582133
0.017338 -8.6E-05 -0.009916 -0.4054919267361073 0.8868823423483441 0.22139559205764278 0.899059 0.592844
0.013825 -8.6E-05 -0.014567 -0.3237986562383649 0.8868963193879118 0.3294986325835122 0.854508 0.533788
0.014503 -8.6E-05 -0.013867 -0.33959762112699604 0.8868937873307796 0.31319780605705283 0.863111 0.542682
0.015146 -8.6E-05 -0.013134 -0.35453209901669247 0.8868802973427444 0.29622682010929285 0.871271 0.551984
0.010793 -8.6E-05 -0.017011 -0.25329272300460065 0.8868745204610355 0.3863888992063864 0.816056 0.502756
0.011595 -8.6E-05 -0.016457 -0.2719894116583022 0.8868654749990743 0.3734854604940289 0.826228 0.509799
0.012369 -8.6E-05 -0.015864 -0.2898974329695965 0.8868921466048125 0.35969681489880606 0.836046 0.517329
0.007343 -8.6E-05 -0.018816 -0.17309292237510318 0.8868637368831832 0.4283824837983489 0.772291 0.479821
0.008238 -8.6E-05 -0.018429 -0.1938917423265377 0.8868622293419614 0.41938213889504855 0.783642 0.484745
0.009112 -8.6E-05 -0.017998 -0.21420002784600545 0.8869001152970225 0.4093000532090104 0.794739 0.490215
0.003607 -8.6E-05 -0.019914 -0.08619796316619528 0.8868790432958074 0.4538892747231559 0.724893 0.465866
0.00456 -8.6E-05 -0.019709 -0.10829938756869494 0.8868949846230428 0.4490974603610424 0.736986 0.46848
0.005502 -8.6E-05 -0.019457 -0.1301961892133118 0.8868740415766991 0.4432870251786568 0.748938 0.47168
-0.000271 -8.6E-05 -0.020262 0.003999896783995216 0.8868771144313394 0.4619880785514475 0.675685 0.461427
0.000704 -8.6E-05 -0.020246 -0.01859988719202627 0.8868946210004354 0.4615972004214691 0.688055 0.461631
0.001676 -8.6E-05 -0.020183 -0.041198494428531164 0.8868675900161235 0.4601831829128651 0.7004 0.462438
-0.004143 -8.6E-05 -0.019846 0.09409897856113154 0.8868903728572537 0.45229509036344095 0.626568 0.46667
-0.003184 -8.6E-05 -0.020021 0.07179828368254261 0.886878799415697 0.45638909014919843 0.638737 0.464457
-0.002217 -8.6E-05 -0.020149 0.04929826325277786 0.8868687561640708 0.4593838161932282 0.650996 0.462841
-0.007859 -8.6E-05 -0.018683 0.18049531169516725 0.8868769636700491 0.4252889532629066 0.579409 0.48139
-0.006952 -8.6E-05 -0.019042 0.1593992882837667 0.886896040018022 0.4335980639889664 0.590916 0.476845
-0.006029 -8.6E-05 -0.019356 0.1379980390617973 0.8868873974196233 0.4408937349445393 0.602629 0.47287
-0.011277 -8.6E-05 -0.016818 0.2599949015499704 0.8868826084025722 0.3818925111612835 0.53602 0.505031
-0.010458 -8.6E-05 -0.017346 0.2409920172716396 0.8868706228971667 0.3941869427737773 0.54642 0.49833
-0.009614 -8.6E-05 -0.017834 0.2214152283560133 0.8868609959625682 0.4055278911398527 0.557134 0.492143
-0.014265 -8.6E-05 -0.014321 0.3294986325835122 0.8868963193879118 0.3237986562383649 0.498082 0.536681
-0.013565 -8.6E-05 -0.014999 0.3131978060570528 0.8868937873307795 0.33959762112699593 0.506975 0.528079
-0.012832 -8.6E-05 -0.015643 0.2962005479715206 0.8869016407695531 0.3545006558268199 0.516275 0.519922
-0.016709 -8.6E-05 -0.01129 0.38642316869563953 0.8868531728760174 0.25331518796740554 0.467044 0.575122
-0.016154 -8.6E-05 -0.012092 0.3734854604940289 0.8868654749990743 0.2719894116583022 0.474088 0.564953
-0.015561 -8.6E-05 -0.012865 0.35972871828991737 0.886870801722265 0.2899231454885934 0.48162 0.555139
-0.018514 -8.6E-05 -0.00784 0.4283824837983489 0.8868637368831832 0.17309292237510318 0.444101 0.618888
-0.018127 -8.6E-05 -0.008734 0.41938213889504855 0.8868622293419614 0.1938917423265377 0.449025 0.607535
-0.017696 -8.6E-05 -0.009609 0.4093000532090104 0.8869001152970225 0.21420002784600545 0.454499 0.596439
-0.019612 -8.6E-05 -0.004104 0.4538892747231559 0.8868790432958074 0.08619796316619528 0.430134 0.666288
-0.019407 -8.6E-05 -0.005057 0.4490974603610424 0.8868949846230428 0.10829938756869494 0.432748 0.654195
-0.019155 -8.6E-05 -0.005999 0.4432870251786568 0.8868740415766991 0.1301961892133118 0.43595 0.642247
-0.01996 -8.6E-05 -0.000225 0.4619880785514475 0.8868771144313394 -0.003999896783995216 0.425688 0.715519
-0.019944 -8.6E-05 -0.0012 0.4615972004214691 0.8868946210004354 0.01859988719202627 0.425893 0.703144
-0.019881 -8.6E-05 -0.002173 0.46010435720889425 0.8869083990623089 0.04120039016954237 0.426701 0.690793
-0.019544 -8.6E-05 0.003646 0.45233520661925003 0.8868690277027437 -0.09410732465812831 0.430935 0.764654
-0.019719 -8.6E-05 0.002687 0.45638909014919843 0.886878799415697 -0.07179828368254261 0.428721 0.752481
-0.019847 -8.6E-05 0.001721 0.4593838161932282 0.8868687561640708 -0.04929826325277786 0.427103 0.740217
-0.018381 -8.6E-05 0.007362 0.4252889532629066 0.8868769636700491 -0.18049531169516725 0.445664 0.811823
-0.01874 -8.6E-05 0.006456 0.4335980639889664 0.886896040018022 -0.1593992882837667 0.44112 0.800314
-0.019054 -8.6E-05 0.005533 0.4409328396961501 0.8868660518089043 -0.13801027869827334 0.437141 0.788598
-0.016515 -8.6E-05 0.01078 0.3818925111612835 0.8868826084025722 -0.2599949015499704 0.469308 0.855209
-0.017044 -8.6E-05 0.009961 0.394221903577461 0.8868492747145927 -0.2410133910760226 0.462607 0.844809
-0.017532 -8.6E-05 0.009117 0.4055278911398527 0.8868609959625682 -0.2214152283560133 0.45642 0.834095
-0.014062 3.2E-05 0.013812 0.6533167349225003 0.3622092781094897 -0.664817029506319 0.49977 0.894376
-0.014742 3.2E-05 0.01311 0.6851086152950063 0.3622045547509142 -0.632007947549911 0.491104 0.885424
-0.015388 3.2E-05 0.012375 0.7153111982844644 0.3622056703741549 -0.5976093556476946 0.482889 0.876056
-0.015158 -9E-05 0.012183 0 1 0 0.48133800000000004 0.8773495
-0.014523 -9E-05 0.012907 0 1 0 0.48962 0.886791
-0.013852 -9E-05 0.013599 0 1 0 0.49835300000000005 0.895816
-0.015204 -9E-05 0.012222 0.0015999963840122582 0.9999977400076613 -0.0013999968360107258 0.485938 0.873512
-0.014567 -9E-05 0.012948 0.0015999961520138815 0.9999975950086759 -0.0014999963925130138 0.494026 0.882732
-0.013895 -9E-05 0.013642 0.0014999966250113907 0.9999977500075937 -0.0014999966250113907 0.502554 0.891545
-0.015253 -9E-05 0.012263 0.005599850345999228 0.9999732760712908 -0.004699874397535067 0.485321 0.874026
-0.014613 -9E-05 0.012991 0.005299861940394655 0.9999739510178595 -0.004899872359987512 0.493435 0.883276
-0.013939 -9E-05 0.013687 0.005099864727882116 0.9999734760553167 -0.005199862075487647 0.501991 0.892118
-0.012414 -9E-05 0.01488 0 1 0 0.517089 0.9125209999999999
-0.01165 -9E-05 0.015466 0 1 0 0.5270499999999999 0.920161
-0.010857 -9E-05 0.016014 0 0.999999995 -9.999999950000001E-05 0.5373725 0.9273055
-0.012452 -9E-05 0.014927 0.0012999970230102259 0.9999977100078661 -0.0016999961070133722 0.520852 0.907859
-0.011685 -9E-05 0.015514 0.0012999970230102259 0.9999977100078661 -0.0016999961070133722 0.530579 0.915319
-0.01089 -9E-05 0.016064 0.001199997192009856 0.9999976600082134 -0.001799995788014784 0.54066 0.922297
-0.012492 -9E-05 0.014976 0.004499881339693588 0.9999736310430196 -0.005699849696945212 0.520347 0.908484
-0.011722 -9E-05 0.015566 0.004299885409580732 0.9999733510652865 -0.00589984277128519 0.530106 0.915969
-0.010925 -9E-05 0.016117 0.003999893584246768 0.999973396061692 -0.006099837715976322 0.540219 0.922968
-0.009197 -9E-05 0.016989 0 0.999999995 -9.999999950000001E-05 0.559002 0.9400285
-0.008332 -9E-05 0.017415 0 0.999999995 -9.999999950000001E-05 0.570262 0.945579
-0.007448 -9E-05 0.017797 0 0.999999995 -9.999999950000001E-05 0.581779 0.950574
-0.009225 -9E-05 0.017042 0.0009999976950079697 0.9999976950079695 -0.0018999956205151421 0.561783 0.934722
-0.008358 -9E-05 0.017469 0.0008999978355078085 0.9999975950086761 -0.001999995190017352 0.572779 0.940143
-0.007471 -9E-05 0.017853 0.000799998144006459 0.9999976800080737 -0.001999995360016147 0.584026 0.945021
-0.009254 -9E-05 0.017099 0.003399910719516743 0.9999737410343362 -0.006399831942619752 0.56141 0.935434
-0.008384 -9E-05 0.017527 0.0030999175897862986 0.9999734160600964 -0.006599824545996636 0.572441 0.940872
-0.007495 -9E-05 0.017912 0.0026999295597566666 0.9999739110209876 -0.0066998252038406175 0.583725 0.945765
-0.005629 -9E-05 0.01843 0 0.999999995 -9.999999950000001E-05 0.6054729999999999 0.958836
-0.004699 -9E-05 0.018679 0 0.999999995 -9.999999950000001E-05 0.617597 0.962084
-0.003757 -9E-05 0.018882 0 0.999999995 -9.999999950000001E-05 0.629867 0.9647355
-0.005646 -9E-05 0.018488 0.0005999985690051193 0.9999976150085322 -0.0020999949915179177 0.607165 0.953088
-0.004713 -9E-05 0.018737 0.0004999988350040717 0.9999976700081433 -0.002099995107017101 0.619006 0.956261
-0.003768 -9E-05 0.018941 0.0003999990860031328 0.9999977150078319 -0.0020999952015164467 0.630988 0.958851
-0.005664 -9E-05 0.018549 0.001999947002106657 0.9999735010533286 -0.0069998145073733005 0.606938 0.953859
-0.004728 -9E-05 0.018799 0.001699954696810987 0.9999733510652865 -0.007099810792563535 0.618817 0.957042
-0.00378 -9E-05 0.019003 0.0012999661363232173 0.9999739510178595 -0.0070998150522268025 0.630838 0.95964
-0.00185 -9E-05 0.019148 0 0.999999995 -9.999999950000001E-05 0.654719 0.9682195
-0.000888 -9E-05 0.01921 0 0.999999995 -9.999999950000001E-05 0.6672429999999999 0.9690425
7.5E-05 -9E-05 0.019225 0 0.999999995 -9.999999950000001E-05 0.6797945000000001 0.969249
-0.001855 -9E-05 0.019208 0.0001999995120017861 0.9999975600089305 -0.0021999946320196474 0.655258 0.962253
-0.000891 -9E-05 0.01927 9.99997575008821E-05 0.999997575008821 -0.0021999946650194066 0.667489 0.963056
7.5E-05 -9E-05 0.019286 0 0.9999975800087846 -0.0021999946760193263 0.679747 0.963258
-0.001861 -9E-05 0.019271 0.0005999843406130623 0.9999739010217705 -0.007199812087356748 0.655186 0.963053
-0.000893 -9E-05 0.019334 0.000299991993320546 0.9999733110684866 -0.007299805170799953 0.667456 0.963859
7.6E-05 -9E-05 0.019349 -9.999733510652865E-05 0.9999733510652865 -0.007299805462776592 0.679753 0.964061
0.001997 -9E-05 0.019114 0 0.999999995 -9.999999950000001E-05 0.704852 0.9678185
0.002952 -9E-05 0.018988 0 0.999999995 -9.999999950000001E-05 0.7172985 0.966181
0.0039 -9E-05 0.018815 0 0.999999995 -9.999999950000001E-05 0.729651 0.963937
0.002004 -9E-05 0.019174 -0.0001999995120017861 0.9999975600089305 -0.0021999946320196474 0.704217 0.961861
0.002962 -9E-05 0.019047 -0.0002999993250022781 0.9999977500075937 -0.0020999952750159465 0.716372 0.960262
0.003912 -9E-05 0.018874 -0.0003999990860031328 0.9999977150078319 -0.0020999952015164467 0.728435 0.958071
0.002011 -9E-05 0.019237 -0.000799979008826209 0.9999737610327613 -0.007199811079435881 0.704302 0.96266
0.002972 -9E-05 0.01911 -0.0010999708236608485 0.9999734760553167 -0.00719980902759828 0.716496 0.961056
0.003925 -9E-05 0.018936 -0.0014999605065597866 0.9999736710398577 -0.00709981306438299 0.728598 0.958858
0.005764 -9E-05 0.01833 0 0.999999995 -9.999999950000001E-05 0.7539465 0.957648
0.006676 -9E-05 0.01802 0 0.999999995 -9.999999950000001E-05 0.7658335000000001 0.953616
0.007572 -9E-05 0.017666 0 0.999999995 -9.999999950000001E-05 0.7775105 0.9490055
0.005782 -9E-05 0.018388 -0.0005999985690051193 0.9999976150085322 -0.0020999949915179177 0.752161 0.951929
0.006697 -9E-05 0.018077 -0.0006999984285052921 0.99999775500756 -0.00199999551001512 0.76377 0.947992
0.007595 -9E-05 0.017721 -0.000799998144006459 0.9999976800080737 -0.001999995360016147 0.775173 0.943489
0.005801 -9E-05 0.018448 -0.002199940778391358 0.9999730810869808 -0.006999811567608866 0.7524 0.952696
0.006719 -9E-05 0.018136 -0.002499934390082887 0.9999737560331549 -0.006799821541025453 0.764047 0.948746
0.00762 -9E-05 0.017779 -0.002799926180919347 0.999973636042624 -0.006699823361485581 0.775487 0.944229
0.009305 -9E-05 0.016827 0 0.999999995 -9.999999950000001E-05 0.8001205 0.9380904999999999
0.010139 -9E-05 0.016345 0 0.999999995 -9.999999950000001E-05 0.810999 0.9318124999999999
0.010949 -9E-05 0.015822 0 0.999999995 -9.999999950000001E-05 0.8215565 0.925011
0.009334 -9E-05 0.01688 -0.0009999976950079697 0.9999976950079695 -0.0018999956205151421 0.797255 0.932829
0.010171 -9E-05 0.016396 -0.0010999975525081687 0.9999977750074259 -0.0017999959950133666 0.807878 0.926699
0.010983 -9E-05 0.015872 -0.001199997192009856 0.9999976600082134 -0.001799995788014784 0.818188 0.920056
0.009365 -9E-05 0.016935 -0.003499906886215922 0.999973396061692 -0.006399829734794829 0.797639 0.933536
0.010204 -9E-05 0.01645 -0.0037998995319845443 0.9999735610485643 -0.006199836078501098 0.808296 0.927385
0.011018 -9E-05 0.015925 -0.004099891743787739 0.9999735960457901 -0.00599984157627474 0.81864 0.920721
0.012485 -9E-05 0.014662 0 1 0 0.841598 0.909896
0.013209 -9E-05 0.014026 0 1 0 0.8510390000000001 0.9016165
0.013901 -9E-05 0.013356 0 1 0 0.8600639999999999 0.8928864999999999
0.012524 -9E-05 0.014708 -0.0013999968360107258 0.9999977400076613 -0.0015999963840122582 0.837761 0.905295
0.01325 -9E-05 0.01407 -0.0014999963925130138 0.9999975950086759 -0.0015999961520138815 0.846981 0.89721
0.013944 -9E-05 0.013398 -0.0014999966250113907 0.9999977500075937 -0.0014999966250113907 0.855794 0.888684
0.012565 -9E-05 0.014756 -0.004699874397535067 0.9999732760712908 -0.005599850345999228 0.838275 0.905912
0.013293 -9E-05 0.014117 -0.004899872359987512 0.9999739510178595 -0.005299861940394655 0.847525 0.897801
0.013989 -9E-05 0.013442 -0.005199862075487647 0.9999734760553167 -0.005099864727882116 0.856367 0.889248
0.015182 -9E-05 0.011918 0 1 0 0.8767715 0.8741435
0.015768 -9E-05 0.011153 -9.999999950000001E-05 0.999999995 0 0.8844185 0.8641814999999999
0.016316 -9E-05 0.010361 -9.999999950000001E-05 0.999999995 0 0.8915649999999999 0.8538585
0.015229 -9E-05 0.011955 -0.0016999961070133722 0.9999977100078661 -0.0012999970230102259 0.87211 0.870381
0.015817 -9E-05 0.011188 -0.0016999961070133722 0.9999977100078661 -0.0012999970230102259 0.879578 0.860651
0.016366 -9E-05 0.010394 -0.001799995788014784 0.9999976600082134 -0.001199997192009856 0.886557 0.85057
0.015278 -9E-05 0.011995 -0.005699849696945212 0.9999736310430196 -0.004499881339693588 0.872736 0.870885
0.015868 -9E-05 0.011226 -0.00589984277128519 0.9999733510652865 -0.004299885409580732 0.880227 0.861125
0.016419 -9E-05 0.010428 -0.006099837715976322 0.999973396061692 -0.003999893584246768 0.887229 0.851011
0.017291 -9E-05 0.0087 -9.999999950000001E-05 0.999999995 0 0.904293 0.832226
0.017717 -9E-05 0.007836 -9.999999950000001E-05 0.999999995 0 0.9098449999999999 0.820967
0.018099 -9E-05 0.006952 -9.999999950000001E-05 0.999999995 0 0.9148385 0.809446
0.017345 -9E-05 0.008728 -0.0018999956205151421 0.9999976950079695 -0.0009999976950079697 0.898986 0.829445
0.017771 -9E-05 0.007861 -0.001999995190017352 0.9999975950086761 -0.0008999978355078085 0.904409 0.818449
0.018155 -9E-05 0.006974 -0.001999995360016147 0.9999976800080737 -0.000799998144006459 0.909285 0.807198
0.017401 -9E-05 0.008757 -0.006399831942619752 0.9999737410343362 -0.003399910719516743 0.899698 0.829818
0.017829 -9E-05 0.007888 -0.006599824545996636 0.9999734160600964 -0.0030999175897862986 0.905138 0.818787
0.018214 -9E-05 0.006998 -0.0066998252038406175 0.9999739110209876 -0.0026999295597566666 0.91003 0.807499
0.018732 -9E-05 0.005133 -9.999999950000001E-05 0.999999995 0 0.9231070000000001 0.7857434999999999
0.018981 -9E-05 0.004202 -9.999999950000001E-05 0.999999995 0 0.926357 0.7736205
0.019184 -9E-05 0.003261 -9.999999950000001E-05 0.999999995 0 0.9290065000000001 0.7613485
0.01879 -9E-05 0.00515 -0.0020999949915179177 0.9999976150085322 -0.0005999985690051193 0.91736 0.784051
0.01904 -9E-05 0.004216 -0.002099995107017101 0.9999976700081433 -0.0004999988350040717 0.920534 0.772212
0.019243 -9E-05 0.003272 -0.0020999952015164467 0.9999977150078319 -0.0003999990860031328 0.923122 0.760227
0.018851 -9E-05 0.005168 -0.0069998145073733005 0.9999735010533286 -0.001999947002106657 0.918131 0.784278
0.019101 -9E-05 0.004231 -0.007099810792563535 0.9999733510652865 -0.001699954696810987 0.921315 0.772401
0.019305 -9E-05 0.003284 -0.0070998150522268025 0.9999739510178595 -0.0012999661363232173 0.923911 0.760378
0.01945 -9E-05 0.001353 -9.999999950000001E-05 0.999999995 0 0.932493 0.736488
0.019512 -9E-05 0.000392 -9.999999950000001E-05 0.999999995 0 0.9333165 0.7239595
0.019528 -9E-05 -0.000571 -9.999999950000001E-05 0.999999995 0 0.9335230000000001 0.7114035
0.01951 -9E-05 0.001358 -0.0021999946320196474 0.9999975600089305 -0.0001999995120017861 0.926526 0.735949
0.019572 -9E-05 0.000394 -0.0021999946650194066 0.999997575008821 -9.99997575008821E-05 0.927331 0.723714
0.019588 -9E-05 -0.000572 -0.0021999946760193263 0.9999975800087846 0 0.927532 0.711452
0.019573 -9E-05 0.001364 -0.007199812087356748 0.9999739010217705 -0.0005999843406130623 0.927327 0.736021
0.019636 -9E-05 0.000397 -0.007299805170799953 0.9999733110684866 -0.000299991993320546 0.928134 0.723747
0.019651 -9E-05 -0.000572 -0.007299805462776592 0.9999733510652865 9.999733510652865E-05 0.928336 0.711446
0.019416 -9E-05 -0.002494 -9.999999950000001E-05 0.999999995 0 0.9320900000000001 0.686339
0.01929 -9E-05 -0.003449 -9.999999950000001E-05 0.999999995 0 0.9304509999999999 0.6738890000000001
0.019117 -9E-05 -0.004397 -9.999999950000001E-05 0.999999995 0 0.9282035 0.6615325000000001
0.019476 -9E-05 -0.0025 -0.0021999946320196474 0.9999975600089305 0.0001999995120017861 0.926133 0.686975
0.019349 -9E-05 -0.003458 -0.0020999952750159465 0.9999977500075937 0.0002999993250022781 0.924532 0.674816
0.019176 -9E-05 -0.004409 -0.0020999952015164467 0.9999977150078319 0.0003999990860031328 0.922337 0.662749
0.019539 -9E-05 -0.002507 -0.007199811079435881 0.9999737610327613 0.000799979008826209 0.926932 0.686889
0.019412 -9E-05 -0.003468 -0.00719980902759828 0.9999734760553167 0.0010999708236608485 0.925326 0.674691
0.019238 -9E-05 -0.004422 -0.00709981306438299 0.9999736710398577 0.0014999605065597866 0.923124 0.662585
0.018633 -9E-05 -0.006261 -9.999999950000001E-05 0.999999995 0 0.9219085 0.637229
0.018322 -9E-05 -0.007173 -9.999999950000001E-05 0.999999995 0 0.917872 0.6253420000000001
0.017968 -9E-05 -0.008068 -9.999999950000001E-05 0.999999995 0 0.9132555 0.613664
0.01869 -9E-05 -0.006279 -0.0020999949915179177 0.9999976150085322 0.0005999985690051193 0.91619 0.639015
0.018379 -9E-05 -0.007193 -0.00199999551001512 0.99999775500756 0.0006999984285052921 0.912248 0.627406
0.018023 -9E-05 -0.008092 -0.001999995360016147 0.9999976800080737 0.000799998144006459 0.907739 0.616001
0.01875 -9E-05 -0.006298 -0.006999811567608866 0.9999730810869808 0.002199940778391358 0.916957 0.638775
0.018438 -9E-05 -0.007215 -0.006799821541025453 0.9999737560331549 0.002499934390082887 0.913002 0.627129
0.018082 -9E-05 -0.008117 -0.006699823361485581 0.999973636042624 0.002799926180919347 0.908479 0.615688
0.017129 -9E-05 -0.009802 -9.999999950000001E-05 0.999999995 0 0.9023400000000001 0.591056
0.016647 -9E-05 -0.010636 -9.999999950000001E-05 0.999999995 0 0.896063 0.5801855
0.016125 -9E-05 -0.011445 -9.999999950000001E-05 0.999999995 0 0.8892580000000001 0.5696330000000001
0.017182 -9E-05 -0.009831 -0.0018999956205151421 0.9999976950079695 0.0009999976950079697 0.89708 0.593923
0.016698 -9E-05 -0.010667 -0.001899995421016553 0.9999975900087121 0.0010999973490095835 0.890949 0.583307
0.016174 -9E-05 -0.011479 -0.001799995788014784 0.9999976600082134 0.001199997192009856 0.884304 0.573002
0.017238 -9E-05 -0.009861 -0.006399829734794829 0.999973396061692 0.003499906886215922 0.897785 0.593538
0.016752 -9E-05 -0.0107 -0.006199836078501098 0.9999735610485643 0.0037998995319845443 0.891635 0.582888
0.016227 -9E-05 -0.011515 -0.00599984157627474 0.9999735960457901 0.004099891743787739 0.884968 0.57255
0.014964 -9E-05 -0.012982 0 1 0 0.87414 0.5495909999999999
0.014328 -9E-05 -0.013706 0 1 0 0.8658595 0.5401495
0.013658 -9E-05 -0.014398 0 1 0 0.857128 0.531125
0.01501 -9E-05 -0.013021 -0.0015999963840122582 0.9999977400076613 0.0013999968360107258 0.86954 0.553429
0.014372 -9E-05 -0.013747 -0.0015999961520138815 0.9999975950086759 0.0014999963925130138 0.861454 0.544209
0.0137 -9E-05 -0.014441 -0.0014999963925130138 0.9999975950086759 0.0015999961520138815 0.852927 0.535396
0.015059 -9E-05 -0.013061 -0.005599850345999228 0.9999732760712908 0.004699874397535067 0.870157 0.552914
0.014419 -9E-05 -0.01379 -0.005299861940394655 0.9999739510178595 0.004899872359987512 0.862045 0.543664
0.013745 -9E-05 -0.014486 -0.005099864727882116 0.9999734760553167 0.005199862075487647 0.85349 0.534823
0.01222 -9E-05 -0.015679 0 1 0 0.8383929999999999 0.5144215
0.011455 -9E-05 -0.016265 0 0.999999995 9.999999950000001E-05 0.82843 0.5067785
0.010663 -9E-05 -0.016812 0 0.999999995 9.999999950000001E-05 0.8181065000000001 0.49963199999999997
0.012257 -9E-05 -0.015725 -0.0012999970230102259 0.9999977100078661 0.0016999961070133722 0.83463 0.519083
0.011491 -9E-05 -0.016313 -0.0012999970230102259 0.9999977100078661 0.0016999961070133722 0.824901 0.51162
0.010696 -9E-05 -0.016863 -0.001199997192009856 0.9999976600082134 0.001799995788014784 0.814819 0.50464
0.012297 -9E-05 -0.015775 -0.004499881339693588 0.9999736310430196 0.005699849696945212 0.835135 0.518458
0.011528 -9E-05 -0.016364 -0.004299885409580732 0.9999733510652865 0.00589984277128519 0.825374 0.51097
0.01073 -9E-05 -0.016916 -0.003999893584246768 0.999973396061692 0.006099837715976322 0.81526 0.503969
0.009002 -9E-05 -0.017788 0 0.999999995 9.999999950000001E-05 0.796474 0.48690500000000003
0.008138 -9E-05 -0.018213 0 0.999999995 9.999999950000001E-05 0.785212 0.4813535
0.007254 -9E-05 -0.018596 0 0.999999995 9.999999950000001E-05 0.773693 0.4763575
0.00903 -9E-05 -0.017841 -0.0009999976950079697 0.9999976950079695 0.0018999956205151421 0.793693 0.492211
0.008163 -9E-05 -0.018268 -0.0008999978355078085 0.9999975950086761 0.001999995190017352 0.782695 0.48679
0.007277 -9E-05 -0.018652 -0.000799998144006459 0.9999976800080737 0.001999995360016147 0.771445 0.481911
0.009059 -9E-05 -0.017897 -0.003399910719516743 0.9999737410343362 0.006399831942619752 0.794066 0.4915
0.00819 -9E-05 -0.018325 -0.0030999175897862986 0.9999734160600964 0.006599824545996636 0.783033 0.48606
0.0073 -9E-05 -0.018711 -0.0026999295597566666 0.9999739110209876 0.0066998252038406175 0.771747 0.481166
0.005435 -9E-05 -0.019229 0 0.999999995 9.999999950000001E-05 0.749993 0.4680955
0.004504 -9E-05 -0.019478 0 0.999999995 9.999999950000001E-05 0.737865 0.4648475
0.003563 -9E-05 -0.019681 0 0.999999995 9.999999950000001E-05 0.7255925 0.4621955
0.005452 -9E-05 -0.019287 -0.0005999985690051193 0.9999976150085322 0.0020999949915179177 0.748301 0.473842
0.004519 -9E-05 -0.019536 -0.0004999988350040717 0.9999976700081433 0.002099995107017101 0.736457 0.47067
0.003574 -9E-05 -0.01974 -0.0003999990860031328 0.9999977150078319 0.0020999952015164467 0.724472 0.46808
0.00547 -9E-05 -0.019347 -0.001999947002106657 0.9999735010533286 0.0069998145073733005 0.748528 0.473072
0.004533 -9E-05 -0.019598 -0.001699954696810987 0.9999733510652865 0.007099810792563535 0.736646 0.469889
0.003586 -9E-05 -0.019802 -0.0012999661363232173 0.9999739510178595 0.0070998150522268025 0.724622 0.467291
0.001655 -9E-05 -0.019946 0 0.999999995 9.999999950000001E-05 0.7007365 0.45871649999999997
0.000694 -9E-05 -0.020009 0 0.999999995 9.999999950000001E-05 0.6882075 0.457897
-0.000269 -9E-05 -0.020024 0 0.999999995 9.999999950000001E-05 0.675654 0.45769099999999996
0.001661 -9E-05 -0.020006 -0.0001999995120017861 0.9999975600089305 0.0021999946320196474 0.700198 0.464683
0.000696 -9E-05 -0.020069 -9.99997575008821E-05 0.999997575008821 0.0021999946650194066 0.687962 0.463883
-0.00027 -9E-05 -0.020084 0 0.9999975800087846 0.0021999946760193263 0.675703 0.463681
0.001666 -9E-05 -0.020069 -0.0005999843406130623 0.9999739010217705 0.007199812087356748 0.70027 0.463883
0.000699 -9E-05 -0.020132 -0.000299991993320546 0.9999733110684866 0.007299805170799953 0.687995 0.46308
-0.00027 -9E-05 -0.020148 9.999733510652865E-05 0.9999733510652865 0.007299805462776592 0.675696 0.462878
-0.002192 -9E-05 -0.019913 0 0.999999995 9.999999950000001E-05 0.6505995 0.4591245
-0.003147 -9E-05 -0.019786 0 0.999999995 9.999999950000001E-05 0.638158 0.4607635
-0.004094 -9E-05 -0.019613 0 0.999999995 9.999999950000001E-05 0.6258090000000001 0.463011
-0.002198 -9E-05 -0.019973 0.0001999995120017861 0.9999975600089305 0.0021999946320196474 0.651235 0.465082
-0.003156 -9E-05 -0.019846 0.0002999993250022781 0.9999977500075937 0.0020999952750159465 0.639085 0.466682
-0.004107 -9E-05 -0.019672 0.0003999990860031328 0.9999977150078319 0.0020999952015164467 0.627025 0.468877
-0.002205 -9E-05 -0.020036 0.000799979008826209 0.9999737610327613 0.007199811079435881 0.65115 0.464283
-0.003166 -9E-05 -0.019908 0.0010999708236608485 0.9999734760553167 0.00719980902759828 0.638961 0.465889
-0.00412 -9E-05 -0.019734 0.0014999605065597866 0.9999736710398577 0.00709981306438299 0.626862 0.46809
-0.005959 -9E-05 -0.019129 0 0.999999995 9.999999950000001E-05 0.6015145 0.469303
-0.00687 -9E-05 -0.018819 0 0.999999995 9.999999950000001E-05 0.5896285 0.4733365
-0.007766 -9E-05 -0.018464 0 0.999999995 9.999999950000001E-05 0.5779515 0.4779495
-0.005976 -9E-05 -0.019187 0.0005999985690051193 0.9999976150085322 0.0020999949915179177 0.6033 0.475022
-0.006891 -9E-05 -0.018875 0.0006999984285052921 0.99999775500756 0.00199999551001512 0.591692 0.478961
-0.00779 -9E-05 -0.01852 0.000799998144006459 0.9999976800080737 0.001999995360016147 0.580289 0.483466
-0.005995 -9E-05 -0.019247 0.002199940778391358 0.9999730810869808 0.006999811567608866 0.603061 0.474255
-0.006913 -9E-05 -0.018935 0.002499934390082887 0.9999737560331549 0.006799821541025453 0.591415 0.478206
-0.007814 -9E-05 -0.018578 0.002799926180919347 0.999973636042624 0.006699823361485581 0.579975 0.482726
-0.0095 -9E-05 -0.017626 0 0.999999995 9.999999950000001E-05 0.5553465 0.4888625
-0.010334 -9E-05 -0.017144 0 0.999999995 9.999999950000001E-05 0.5444725 0.49514
-0.011143 -9E-05 -0.016621 0 0.999999995 9.999999950000001E-05 0.5339185 0.501941
-0.009529 -9E-05 -0.017679 0.0009999976950079697 0.9999976950079695 0.0018999956205151421 0.558213 0.494123
-0.010365 -9E-05 -0.017195 0.0010999975525081687 0.9999977750074259 0.0017999959950133666 0.547594 0.500253
-0.011177 -9E-05 -0.016671 0.001199997192009856 0.9999976600082134 0.001799995788014784 0.537287 0.506895
-0.009559 -9E-05 -0.017734 0.003499906886215922 0.999973396061692 0.006399829734794829 0.557829 0.493417
-0.010398 -9E-05 -0.017249 0.0037998995319845443 0.9999735610485643 0.006199836078501098 0.547175 0.499567
-0.011213 -9E-05 -0.016723 0.004099891743787739 0.9999735960457901 0.00599984157627474 0.536835 0.506231
-0.01268 -9E-05 -0.01546 0 1 0 0.5138815 0.517053
-0.013404 -9E-05 -0.014825 0 1 0 0.5044425 0.5253305
-0.014096 -9E-05 -0.014155 0 1 0 0.49541900000000005 0.53406
-0.012718 -9E-05 -0.015507 0.0013999968360107258 0.9999977400076613 0.0015999963840122582 0.517719 0.521653
-0.013445 -9E-05 -0.014869 0.0014999963925130138 0.9999975950086759 0.0015999961520138815 0.508501 0.529737
-0.014139 -9E-05 -0.014197 0.0014999966250113907 0.9999977500075937 0.0014999966250113907 0.499689 0.538262
-0.012759 -9E-05 -0.015555 0.004699874397535067 0.9999732760712908 0.005599850345999228 0.517205 0.521036
-0.013487 -9E-05 -0.014916 0.004899872359987512 0.9999739510178595 0.005299861940394655 0.507957 0.529145
-0.014184 -9E-05 -0.014241 0.005199862075487647 0.9999734760553167 0.005099864727882116 0.499116 0.537698
-0.015376 -9E-05 -0.012716 0 1 0 0.4787125 0.5527915
-0.015962 -9E-05 -0.011952 0 1 0 0.471068 0.5627515000000001
-0.01651 -9E-05 -0.011159 9.999999950000001E-05 0.999999995 0 0.46392049999999996 0.573071
-0.015423 -9E-05 -0.012754 0.0016999961070133722 0.9999977100078661 0.0012999970230102259 0.483374 0.556555
-0.016011 -9E-05 -0.011987 0.0016999961070133722 0.9999977100078661 0.0012999970230102259 0.475909 0.566281
-0.01656 -9E-05 -0.011192 0.001799995788014784 0.9999976600082134 0.001199997192009856 0.468928 0.576359
-0.015473 -9E-05 -0.012794 0.005699849696945212 0.9999736310430196 0.004499881339693588 0.482749 0.55605
-0.016062 -9E-05 -0.012024 0.00589984277128519 0.9999733510652865 0.004299885409580732 0.47526 0.565808
-0.016613 -9E-05 -0.011227 0.006099837715976322 0.999973396061692 0.003999893584246768 0.468257 0.575918
-0.017486 -9E-05 -0.009499 9.999999950000001E-05 0.999999995 0 0.4511895 0.594704
-0.017911 -9E-05 -0.008635 9.999999950000001E-05 0.999999995 0 0.4456345 0.6059645
-0.018294 -9E-05 -0.007751 9.999999950000001E-05 0.999999995 0 0.4406375 0.617487
-0.017539 -9E-05 -0.009527 0.0018999956205151421 0.9999976950079695 0.0009999976950079697 0.456495 0.597486
-0.017966 -9E-05 -0.00866 0.001999995190017352 0.9999975950086761 0.0008999978355078085 0.45107 0.608483
-0.01835 -9E-05 -0.007773 0.001999995360016147 0.9999976800080737 0.000799998144006459 0.446191 0.619735
-0.017595 -9E-05 -0.009556 0.006399831942619752 0.9999737410343362 0.003399910719516743 0.455784 0.597112
-0.018023 -9E-05 -0.008686 0.006599824545996636 0.9999734160600964 0.0030999175897862986 0.450341 0.608145
-0.018408 -9E-05 -0.007797 0.0066998252038406175 0.9999739110209876 0.0026999295597566666 0.445446 0.619433
-0.018927 -9E-05 -0.005932 9.999999950000001E-05 0.999999995 0 0.432365 0.6411915
-0.019176 -9E-05 -0.005001 9.999999950000001E-05 0.999999995 0 0.42911499999999997 0.6533165
-0.019378 -9E-05 -0.004059 9.999999950000001E-05 0.999999995 0 0.42646399999999995 0.665589
-0.018985 -9E-05 -0.005949 0.0020999949915179177 0.9999976150085322 0.0005999985690051193 0.438112 0.642884
-0.019234 -9E-05 -0.005015 0.002099995107017101 0.9999976700081433 0.0004999988350040717 0.434938 0.654725
-0.019438 -9E-05 -0.004071 0.0020999952015164467 0.9999977150078319 0.0003999990860031328 0.432349 0.66671
-0.019045 -9E-05 -0.005966 0.0069998145073733005 0.9999735010533286 0.001999947002106657 0.437341 0.642657
-0.019296 -9E-05 -0.00503 0.007099810792563535 0.9999733510652865 0.001699954696810987 0.434157 0.654536
-0.0195 -9E-05 -0.004082 0.0070998150522268025 0.9999739510178595 0.0012999661363232173 0.431559 0.66656
-0.019644 -9E-05 -0.002152 9.999999950000001E-05 0.999999995 0 0.422981 0.6904575
-0.019707 -9E-05 -0.001191 9.999999950000001E-05 0.999999995 0 0.42215949999999997 0.7029915
-0.019722 -9E-05 -0.000227 9.999999950000001E-05 0.999999995 0 0.42195249999999995 0.715549
-0.019704 -9E-05 -0.002157 0.0021999946320196474 0.9999975600089305 0.0001999995120017861 0.428948 0.690996
-0.019767 -9E-05 -0.001193 0.0021999946650194066 0.999997575008821 9.99997575008821E-05 0.428145 0.703237
-0.019782 -9E-05 -0.000227 0.0021999946760193263 0.9999975800087846 0 0.427943 0.715501
-0.019767 -9E-05 -0.002163 0.007199812087356748 0.9999739010217705 0.0005999843406130623 0.428147 0.690924
-0.01983 -9E-05 -0.001196 0.007299805170799953 0.9999733110684866 0.000299991993320546 0.427342 0.703204
-0.019845 -9E-05 -0.000226 0.007299805462776592 0.9999733510652865 -9.999733510652865E-05 0.427139 0.715507
-0.019611 -9E-05 0.001695 9.999999950000001E-05 0.999999995 0 0.4233875 0.740613
-0.019484 -9E-05 0.00265 9.999999950000001E-05 0.999999995 0 0.4250285 0.7530595
-0.019311 -9E-05 0.003598 9.999999950000001E-05 0.999999995 0 0.42727649999999995 0.7654125
-0.01967 -9E-05 0.001702 0.0021999946320196474 0.9999975600089305 -0.0001999995120017861 0.429345 0.739977
-0.019544 -9E-05 0.00266 0.0020999952750159465 0.9999977500075937 -0.0002999993250022781 0.430947 0.752132
-0.01937 -9E-05 0.00361 0.0020999952015164467 0.9999977150078319 -0.0003999990860031328 0.433142 0.764196
-0.019733 -9E-05 0.001709 0.007199811079435881 0.9999737610327613 -0.000799979008826209 0.428546 0.740063
-0.019606 -9E-05 0.002669 0.00719980902759828 0.9999734760553167 -0.0010999708236608485 0.430153 0.752257
-0.019432 -9E-05 0.003623 0.00709981306438299 0.9999736710398577 -0.0014999605065597866 0.432355 0.764359
-0.018827 -9E-05 0.005462 9.999999950000001E-05 0.999999995 0 0.433574 0.7897114999999999
-0.018517 -9E-05 0.006374 9.999999950000001E-05 0.999999995 0 0.4376115 0.801602
-0.018162 -9E-05 0.00727 9.999999950000001E-05 0.999999995 0 0.44222449999999996 0.8132809999999999
-0.018884 -9E-05 0.00548 0.0020999949915179177 0.9999976150085322 -0.0005999985690051193 0.439293 0.787926
-0.018573 -9E-05 0.006395 0.00199999551001512 0.99999775500756 -0.0006999984285052921 0.443235 0.799538
-0.018218 -9E-05 0.007293 0.001999995360016147 0.9999976800080737 -0.000799998144006459 0.44774 0.810943
-0.018945 -9E-05 0.005499 0.006999811567608866 0.9999730810869808 -0.002199940778391358 0.438526 0.788165
-0.018633 -9E-05 0.006417 0.006799821541025453 0.9999737560331549 -0.002499934390082887 0.442481 0.799815
-0.018276 -9E-05 0.007318 0.006699823361485581 0.999973636042624 -0.002799926180919347 0.447 0.811257
-0.017324 -9E-05 0.009003 9.999999950000001E-05 0.999999995 0 0.45313950000000003 0.8358835
-0.016841 -9E-05 0.009837 9.999999950000001E-05 0.999999995 0 0.45941750000000003 0.8467565
-0.016319 -9E-05 0.010647 0 1 0 0.466218 0.85731
-0.017376 -9E-05 0.009032 0.0018999956205151421 0.9999976950079695 -0.0009999976950079697 0.4584 0.833016
-0.016893 -9E-05 0.009869 0.0017999959950133666 0.9999977750074259 -0.0010999975525081687 0.464531 0.843635
-0.016369 -9E-05 0.01068 0.001799995788014784 0.9999976600082134 -0.001199997192009856 0.471172 0.853941
-0.017432 -9E-05 0.009062 0.006399829734794829 0.999973396061692 -0.003499906886215922 0.457694 0.8334
-0.016947 -9E-05 0.009902 0.006199836078501098 0.9999735610485643 -0.0037998995319845443 0.463845 0.844053
-0.016421 -9E-05 0.010716 0.00599984157627474 0.9999735960457901 -0.004099891743787739 0.470508 0.854392
-0.011681 -9E-05 0.009279 0 1 0 0.5226919999999999 0.842848
-0.011193 -9E-05 0.009835 0 1 0 0.5292269999999999 0.8503019999999999
-0.010677 -9E-05 0.010367 0 1 0 0.53612 0.8574249999999999
-0.009571 -9E-05 0.011353 0 1 0 0.55091 0.870614
-0.008983 -9E-05 0.011803 0 1 0 0.558773 0.8766469999999998
-0.008373 -9E-05 0.012225 0 1 0 0.566922 0.8822889999999999
-0.007096 -9E-05 0.012975 0 1 0 0.583999 0.892337
-0.006431 -9E-05 0.013302 0 1 0 0.592886 0.896721
-0.005751 -9E-05 0.013597 0 1 0 0.601978 0.900664
-0.004352 -9E-05 0.014083 0 1 0 0.6206859999999998 0.9071879999999999
-0.003637 -9E-05 0.014275 0 1 0 0.630258 0.9097529999999999
-0.002912 -9E-05 0.014431 0 1 0 0.639944 0.9118459999999999
-0.001445 -9E-05 0.014635 0 1 0 0.659566 0.9145949999999999
-0.000706 -9E-05 0.014683 0 1 0 0.669454 0.915244
3.5E-05 -9E-05 0.014695 0 1 0 0.679363 0.9154069999999999
0.001514 -9E-05 0.014609 0 1 0 0.699144 0.9142759999999999
0.002248 -9E-05 0.014512 0 1 0 0.70897 0.9129829999999999
0.002977 -9E-05 0.014379 0 1 0 0.718721 0.9112099999999999
0.004411 -9E-05 0.014007 0 1 0 0.7379029999999999 0.9062409999999999
0.005112 -9E-05 0.013768 0 1 0 0.747289 0.9030549999999999
0.005801 -9E-05 0.013495 0 1 0 0.7565079999999998 0.8994139999999999
0.007135 -9E-05 0.01285 0 1 0 0.774355 0.8907969999999998
0.007776 -9E-05 0.01248 0 1 0 0.782939 0.8858409999999999
0.008399 -9E-05 0.012078 0 1 0 0.7912709999999998 0.880471
0.009581 -9E-05 0.011185 0 1 0 0.8070939999999999 0.868537
0.010138 -9E-05 0.010696 0 1 0 0.8145479999999999 0.862002
0.01067 -9E-05 0.01018 0 1 0 0.821672 0.8551089999999999
0.011655 -9E-05 0.009074 0 1 0 0.834863 0.840317
0.012105 -9E-05 0.008486 0 1 0 0.840897 0.8324529999999999
0.012527 -9E-05 0.007877 0 1 0 0.846539 0.824303
0.013277 -9E-05 0.006599 0 1 0 0.85659 0.807223
0.013604 -9E-05 0.005935 0 1 0 0.860975 0.7983339999999999
0.013899 -9E-05 0.005255 0 1 0 0.864919 0.78924
0.014386 -9E-05 0.003856 0 1 0 0.871444 0.7705279999999999
0.014577 -9E-05 0.00314 0 1 0 0.8740099999999998 0.760954
0.014733 -9E-05 0.002416 0 1 0 0.876104 0.7512659999999999
0.014937 -9E-05 0.000949 0 1 0 0.878853 0.7316399999999998
0.014985 -9E-05 0.000209 0 1 0 0.879502 0.721749
0.014997 -9E-05 -0.000532 0 1 0 0.879666 0.711837
0.014912 -9E-05 -0.00201 0 1 0 0.878533 0.6920509999999999
0.014814 -9E-05 -0.002745 0 1 0 0.877239 0.682223
0.014681 -9E-05 -0.003474 0 1 0 0.875466 0.6724699999999999
0.014309 -9E-05 -0.004908 0 1 0 0.870494 0.653284
0.01407 -9E-05 -0.005609 0 1 0 0.867308 0.6438979999999999
0.013798 -9E-05 -0.006298 0 1 0 0.8636659999999999 0.6346779999999999
0.013153 -9E-05 -0.007631 0 1 0 0.855047 0.616832
0.012782 -9E-05 -0.008273 0 1 0 0.850091 0.608247
0.01238 -9E-05 -0.008895 0 1 0 0.844721 0.599916
0.011487 -9E-05 -0.010077 0 1 0 0.8327869999999999 0.584095
0.010998 -9E-05 -0.010634 0 1 0 0.8262509999999998 0.5766419999999999
0.010483 -9E-05 -0.011166 0 1 0 0.8193579999999999 0.569518
0.009376 -9E-05 -0.012151 0 1 0 0.804567 0.556329
0.008788 -9E-05 -0.012602 0 1 0 0.796703 0.550296
0.008179 -9E-05 -0.013023 0 1 0 0.788554 0.544654
0.006902 -9E-05 -0.013774 0 1 0 0.771474 0.534605
0.006237 -9E-05 -0.014101 0 1 0 0.7625849999999998 0.530221
0.005557 -9E-05 -0.014395 0 1 0 0.753491 0.526278
0.004158 -9E-05 -0.014882 0 1 0 0.73478 0.519754
0.003442 -9E-05 -0.015074 0 1 0 0.7252069999999999 0.517188
0.002718 -9E-05 -0.01523 0 1 0 0.715519 0.5150949999999999
0.001251 -9E-05 -0.015434 0 1 0 0.6958949999999999 0.5123469999999999
0.000511 -9E-05 -0.015482 0 1 0 0.686005 0.5116989999999999
-0.000229 -9E-05 -0.015494 0 1 0 0.6760959999999999 0.511536
-0.001708 -9E-05 -0.015408 0 1 0 0.6563139999999998 0.5126679999999999
-0.002443 -9E-05 -0.015311 0 1 0 0.646489 0.5139609999999999
-0.003172 -9E-05 -0.015178 0 1 0 0.636739 0.5157339999999999
-0.004605 -9E-05 -0.014805 0 1 0 0.617558 0.520704
-0.005307 -9E-05 -0.014567 0 1 0 0.608174 0.523889
-0.005996 -9E-05 -0.014294 0 1 0 0.598956 0.52753
-0.007329 -9E-05 -0.013649 0 1 0 0.581113 0.536146
-0.007971 -9E-05 -0.013278 0 1 0 0.572529 0.541102
-0.008593 -9E-05 -0.012876 0 1 0 0.564199 0.546471
-0.009775 -9E-05 -0.011984 0 1 0 0.548379 0.558404
-0.010332 -9E-05 -0.011495 0 1 0 0.540927 0.5649379999999999
-0.010864 -9E-05 -0.010979 0 1 0 0.533804 0.57183
-0.011849 -9E-05 -0.009873 0 1 0 0.520616 0.58662
-0.0123 -9E-05 -0.009285 0 1 0 0.514581 0.594483
-0.012721 -9E-05 -0.008675 0 1 0 0.50894 0.602632
-0.013472 -9E-05 -0.007398 0 1 0 0.49888899999999997 0.619712
-0.013799 -9E-05 -0.006733 0 1 0 0.49450399999999994 0.628602
-0.014093 -9E-05 -0.006054 0 1 0 0.490561 0.637696
-0.01458 -9E-05 -0.004654 0 1 0 0.484035 0.6564099999999999
-0.014771 -9E-05 -0.003939 0 1 0 0.481469 0.665985
-0.014927 -9E-05 -0.003214 0 1 0 0.47937499999999994 0.675674
-0.015132 -9E-05 -0.001747 0 1 0 0.476626 0.695303
-0.01518 -9E-05 -0.001008 0 1 0 0.475977 0.705196
-0.015192 -9E-05 -0.000267 0 1 0 0.475814 0.715108
-0.015106 -9E-05 0.001212 0 1 0 0.476947 0.734895
-0.015009 -9E-05 0.001946 0 1 0 0.47824 0.744723
-0.014876 -9E-05 0.002675 0 1 0 0.480014 0.754476
-0.014503 -9E-05 0.004109 0 1 0 0.484986 0.7736609999999999
-0.014265 -9E-05 0.00481 0 1 0 0.488171 0.783047
-0.013992 -9E-05 0.005499 0 1 0 0.49181299999999994 0.7922659999999999
-0.013347 -9E-05 0.006833 0 1 0 0.500431 0.810111
-0.012976 -9E-05 0.007474 0 1 0 0.505387 0.8186959999999999
-0.012574 -9E-05 0.008097 0 1 0 0.510758 0.8270269999999998
-0.010111 -0.001444 0.010846 -9.999999900000001E-05 -0.9999999900000002 9.999999900000001E-05 0.42182 0.44555799999999995
-0.012113 -0.001444 0.008676 -9.999999900000001E-05 -0.9999999900000002 9.999999900000001E-05 0.448584 0.416543
-0.007725 -0.001444 0.012584 -9.999999900000001E-05 -0.9999999900000002 9.999999900000001E-05 0.389908 0.46879499999999996
-0.005046 -0.001444 0.013822 0 -0.999999995 9.999999950000001E-05 0.354077 0.485359
-0.002176 -0.001444 0.014514 0 -0.999999995 9.999999950000001E-05 0.315702 0.494615
0.000773 -0.001444 0.014633 0 -0.999999995 9.999999950000001E-05 0.2762589999999999 0.496206
0.003689 -0.001444 0.014175 0 -0.999999995 9.999999950000001E-05 0.23726399999999997 0.49007199999999995
0.00646 -0.001444 0.013156 0 -0.999999995 9.999999950000001E-05 0.20021499999999998 0.47644899999999996
0.008978 -0.001444 0.011616 9.999999900000001E-05 -0.9999999900000002 9.999999900000001E-05 0.166535 0.455859
0.011148 -0.001444 0.009615 9.999999900000001E-05 -0.9999999900000002 9.999999900000001E-05 0.137519 0.4290939999999999
0.012886 -0.001444 0.007228 9.999999900000001E-05 -0.9999999900000002 9.999999900000001E-05 0.11428299999999998 0.397182
0.014124 -0.001444 0.004549 9.999999950000001E-05 -0.999999995 0 0.097718 0.361351
0.014816 -0.001444 0.00168 9.999999950000001E-05 -0.999999995 0 0.088462 0.322976
0.014935 -0.001444 -0.00127 9.999999950000001E-05 -0.999999995 0 0.08687099999999999 0.2835329999999999
0.014477 -0.001444 -0.004186 9.999999950000001E-05 -0.999999995 0 0.093005 0.24453799999999998
0.013458 -0.001444 -0.006956 9.999999950000001E-05 -0.999999995 0 0.106629 0.207488
0.011918 -0.001444 -0.009475 9.999999900000001E-05 -0.9999999900000002 -9.999999900000001E-05 0.127219 0.173809
0.009917 -0.001444 -0.011645 9.999999900000001E-05 -0.9999999900000002 -9.999999900000001E-05 0.153984 0.144793
0.007531 -0.001444 -0.013382 9.999999900000001E-05 -0.9999999900000002 -9.999999900000001E-05 0.18589499999999998 0.12155699999999998
0.004851 -0.001444 -0.014621 0 -0.999999995 -9.999999950000001E-05 0.221727 0.104992
0.001982 -0.001444 -0.015313 0 -0.999999995 -9.999999950000001E-05 0.260101 0.095736
-0.000968 -0.001444 -0.015432 0 -0.999999995 -9.999999950000001E-05 0.2995439999999999 0.09414499999999999
-0.003884 -0.001444 -0.014973 0 -0.999999995 -9.999999950000001E-05 0.33853999999999995 0.10027899999999998
-0.006654 -0.001444 -0.013955 0 -0.999999995 -9.999999950000001E-05 0.375589 0.113903
-0.009173 -0.001444 -0.012415 -9.999999900000001E-05 -0.9999999900000002 -9.999999900000001E-05 0.40926899999999994 0.134493
-0.011343 -0.001444 -0.010413 -9.999999900000001E-05 -0.9999999900000002 -9.999999900000001E-05 0.438284 0.161258
-0.01308 -0.001444 -0.008027 -9.999999900000001E-05 -0.9999999900000002 -9.999999900000001E-05 0.46152099999999996 0.19316899999999998
-0.014319 -0.001444 -0.005348 -9.999999950000001E-05 -0.999999995 0 0.4780849999999999 0.229001
-0.015011 -0.001444 -0.002478 -9.999999950000001E-05 -0.999999995 0 0.487341 0.267375
-0.01513 -0.001444 0.000471 -9.999999950000001E-05 -0.999999995 0 0.488932 0.3068179999999999
-0.014671 -0.001444 0.003387 -9.999999950000001E-05 -0.999999995 0 0.48279799999999995 0.34581399999999995
-0.013652 -0.001444 0.006158 -9.999999950000001E-05 -0.999999995 0 0.469174 0.382863
-0.010651 -0.001444 0.010341 -9.999999900000001E-05 -0.9999999900000002 9.999999900000001E-05 0.42903699999999995 0.4388059999999999
-0.011165 -0.001444 0.00981 -9.999999900000001E-05 -0.9999999900000002 9.999999900000001E-05 0.435914 0.43170699999999995
-0.011653 -0.001444 0.009255 -9.999999900000001E-05 -0.9999999900000002 9.999999900000001E-05 0.44243499999999997 0.42428
-0.008353 -0.001444 0.012194 -9.999999900000001E-05 -0.9999999900000002 9.999999900000001E-05 0.398304 0.46358
-0.008961 -0.001444 0.011773 -9.999999900000001E-05 -0.9999999900000002 9.999999900000001E-05 0.406434 0.45796
-0.009547 -0.001444 0.011324 -9.999999900000001E-05 -0.9999999900000002 9.999999900000001E-05 0.41427899999999995 0.451948
-0.005737 -0.001444 0.013562 0 -0.999999995 9.999999950000001E-05 0.363329 0.48188299999999995
-0.006416 -0.001444 0.013269 0 -0.999999995 9.999999950000001E-05 0.372399 0.47795599999999994
-0.007079 -0.001444 0.012942 -9.999999900000001E-05 -0.9999999900000002 9.999999900000001E-05 0.38126599999999994 0.47359
-0.002905 -0.001444 0.014394 0 -0.999999995 9.999999950000001E-05 0.32545499999999994 0.49301
-0.003628 -0.001444 0.014239 0 -0.999999995 9.999999950000001E-05 0.335117 0.490929
-0.004342 -0.001444 0.014048 0 -0.999999995 9.999999950000001E-05 0.344665 0.48837699999999995
3.5E-05 -0.001444 0.014658 0 -0.999999995 9.999999950000001E-05 0.286138 0.496535
-0.000704 -0.001444 0.014646 0 -0.999999995 9.999999950000001E-05 0.29602 0.49637899999999996
-0.001442 -0.001444 0.014598 0 -0.999999995 9.999999950000001E-05 0.305883 0.495738
0.00297 -0.001444 0.014343 0 -0.999999995 9.999999950000001E-05 0.246888 0.492322
0.002243 -0.001444 0.014476 0 -0.999999995 9.999999950000001E-05 0.256611 0.494096
0.00151 -0.001444 0.014572 0 -0.999999995 9.999999950000001E-05 0.266409 0.495393
0.005787 -0.001444 0.013461 0 -0.999999995 9.999999950000001E-05 0.20921499999999998 0.480532
0.0051 -0.001444 0.013733 0 -0.999999995 9.999999950000001E-05 0.218405 0.48417
0.0044 -0.001444 0.013971 0 -0.999999995 9.999999950000001E-05 0.22776199999999996 0.487353
0.008378 -0.001444 0.012047 9.999999900000001E-05 -0.9999999900000002 9.999999900000001E-05 0.174566 0.46162
0.007757 -0.001444 0.012448 9.999999900000001E-05 -0.9999999900000002 9.999999900000001E-05 0.182869 0.46698
0.007117 -0.001444 0.012818 9.999999900000001E-05 -0.9999999900000002 9.999999900000001E-05 0.191426 0.471927
0.010643 -0.001444 0.010154 9.999999900000001E-05 -0.9999999900000002 9.999999900000001E-05 0.144272 0.436311
0.010112 -0.001444 0.010669 9.999999900000001E-05 -0.9999999900000002 9.999999900000001E-05 0.15137 0.44318799999999997
0.009557 -0.001444 0.011156 9.999999900000001E-05 -0.9999999900000002 9.999999900000001E-05 0.158797 0.449709
0.012496 -0.001444 0.007856 9.999999900000001E-05 -0.9999999900000002 9.999999900000001E-05 0.11949699999999999 0.405578
0.012075 -0.001444 0.008464 9.999999900000001E-05 -0.9999999900000002 9.999999900000001E-05 0.125118 0.413708
0.011626 -0.001444 0.009051 9.999999900000001E-05 -0.9999999900000002 9.999999900000001E-05 0.13113 0.42155299999999996
0.013864 -0.001444 0.005241 9.999999950000001E-05 -0.999999995 0 0.101195 0.370603
0.013571 -0.001444 0.005919 9.999999950000001E-05 -0.999999995 0 0.10512099999999999 0.379673
0.013244 -0.001444 0.006582 9.999999900000001E-05 -0.9999999900000002 9.999999900000001E-05 0.109487 0.38854
0.014696 -0.001444 0.002409 9.999999950000001E-05 -0.999999995 0 0.09006699999999998 0.33272899999999994
0.014541 -0.001444 0.003131 9.999999950000001E-05 -0.999999995 0 0.09214799999999998 0.34239099999999995
0.01435 -0.001444 0.003845 9.999999950000001E-05 -0.999999995 0 0.094701 0.351939
0.01496 -0.001444 -0.000531 9.999999950000001E-05 -0.999999995 0 0.08654199999999998 0.293412
0.014948 -0.001444 0.000208 9.999999950000001E-05 -0.999999995 0 0.086699 0.303294
0.0149 -0.001444 0.000945 9.999999950000001E-05 -0.999999995 0 0.087339 0.313157
0.014645 -0.001444 -0.003466 9.999999950000001E-05 -0.999999995 0 0.090756 0.254162
0.014778 -0.001444 -0.002739 9.999999950000001E-05 -0.999999995 0 0.088981 0.263885
0.014875 -0.001444 -0.002007 9.999999950000001E-05 -0.999999995 0 0.08768499999999999 0.273683
0.013763 -0.001444 -0.006283 9.999999950000001E-05 -0.999999995 0 0.102545 0.216489
0.014035 -0.001444 -0.005596 9.999999950000001E-05 -0.999999995 0 0.098908 0.225679
0.014273 -0.001444 -0.004896 9.999999950000001E-05 -0.999999995 0 0.095725 0.23503599999999997
0.012349 -0.001444 -0.008874 9.999999900000001E-05 -0.9999999900000002 -9.999999900000001E-05 0.12145799999999998 0.18184
0.01275 -0.001444 -0.008253 9.999999900000001E-05 -0.9999999900000002 -9.999999900000001E-05 0.116097 0.190143
0.01312 -0.001444 -0.007614 9.999999900000001E-05 -0.9999999900000002 -9.999999900000001E-05 0.11115 0.1987
0.010457 -0.001444 -0.01114 9.999999900000001E-05 -0.9999999900000002 -9.999999900000001E-05 0.146767 0.151546
0.010971 -0.001444 -0.010609 9.999999900000001E-05 -0.9999999900000002 -9.999999900000001E-05 0.13988899999999999 0.158644
0.011459 -0.001444 -0.010054 9.999999900000001E-05 -0.9999999900000002 -9.999999900000001E-05 0.133368 0.166071
0.008158 -0.001444 -0.012992 9.999999900000001E-05 -0.9999999900000002 -9.999999900000001E-05 0.177499 0.126771
0.008766 -0.001444 -0.012572 9.999999900000001E-05 -0.9999999900000002 -9.999999900000001E-05 0.169369 0.132392
0.009353 -0.001444 -0.012122 9.999999900000001E-05 -0.9999999900000002 -9.999999900000001E-05 0.161524 0.138404
0.005543 -0.001444 -0.014361 0 -0.999999995 -9.999999950000001E-05 0.212475 0.108469
0.006221 -0.001444 -0.014067 0 -0.999999995 -9.999999950000001E-05 0.20340499999999997 0.11239499999999998
0.006884 -0.001444 -0.013741 9.999999900000001E-05 -0.9999999900000002 -9.999999900000001E-05 0.194537 0.116761
0.002711 -0.001444 -0.015193 0 -0.999999995 -9.999999950000001E-05 0.250349 0.09734099999999998
0.003433 -0.001444 -0.015037 0 -0.999999995 -9.999999950000001E-05 0.240687 0.09942199999999998
0.004147 -0.001444 -0.014847 0 -0.999999995 -9.999999950000001E-05 0.23113799999999998 0.101975
-0.000229 -0.001444 -0.015457 0 -0.999999995 -9.999999950000001E-05 0.289666 0.09381599999999998
0.00051 -0.001444 -0.015445 0 -0.999999995 -9.999999950000001E-05 0.2797839999999999 0.093973
0.001247 -0.001444 -0.015397 0 -0.999999995 -9.999999950000001E-05 0.26992099999999997 0.094613
-0.003164 -0.001444 -0.015142 0 -0.999999995 -9.999999950000001E-05 0.32891499999999996 0.09803
-0.002437 -0.001444 -0.015274 0 -0.999999995 -9.999999950000001E-05 0.319192 0.096255
-0.001704 -0.001444 -0.015371 0 -0.999999995 -9.999999950000001E-05 0.309394 0.09495899999999999
-0.005981 -0.001444 -0.01426 0 -0.999999995 -9.999999950000001E-05 0.36658899999999994 0.109819
-0.005294 -0.001444 -0.014532 0 -0.999999995 -9.999999950000001E-05 0.357399 0.106182
-0.004594 -0.001444 -0.01477 0 -0.999999995 -9.999999950000001E-05 0.348042 0.10299899999999998
-0.008572 -0.001444 -0.012846 -9.999999900000001E-05 -0.9999999900000002 -9.999999900000001E-05 0.401238 0.128732
-0.007951 -0.001444 -0.013247 -9.999999900000001E-05 -0.9999999900000002 -9.999999900000001E-05 0.392934 0.12337099999999998
-0.007312 -0.001444 -0.013616 -9.999999900000001E-05 -0.9999999900000002 -9.999999900000001E-05 0.384378 0.118424
-0.010838 -0.001444 -0.010953 -9.999999900000001E-05 -0.9999999900000002 -9.999999900000001E-05 0.431532 0.154041
-0.010307 -0.001444 -0.011467 -9.999999900000001E-05 -0.9999999900000002 -9.999999900000001E-05 0.42443299999999995 0.147163
-0.009751 -0.001444 -0.011955 -9.999999900000001E-05 -0.9999999900000002 -9.999999900000001E-05 0.417007 0.140642
-0.01269 -0.001444 -0.008655 -9.999999900000001E-05 -0.9999999900000002 -9.999999900000001E-05 0.45630599999999993 0.184774
-0.01227 -0.001444 -0.009263 -9.999999900000001E-05 -0.9999999900000002 -9.999999900000001E-05 0.450686 0.176643
-0.01182 -0.001444 -0.00985 -9.999999900000001E-05 -0.9999999900000002 -9.999999900000001E-05 0.444674 0.16879899999999998
-0.014059 -0.001444 -0.00604 -9.999999950000001E-05 -0.999999995 0 0.47460899999999995 0.219749
-0.013765 -0.001444 -0.006718 -9.999999950000001E-05 -0.999999995 0 0.470683 0.21067899999999998
-0.013439 -0.001444 -0.007381 -9.999999900000001E-05 -0.9999999900000002 -9.999999900000001E-05 0.4663169999999999 0.201812
-0.014891 -0.001444 -0.003207 -9.999999950000001E-05 -0.999999995 0 0.485736 0.257623
-0.014735 -0.001444 -0.00393 -9.999999950000001E-05 -0.999999995 0 0.483655 0.247961
-0.014544 -0.001444 -0.004644 -9.999999950000001E-05 -0.999999995 0 0.48110299999999995 0.238413
-0.015154 -0.001444 -0.000267 -9.999999950000001E-05 -0.999999995 0 0.489261 0.29694
-0.015143 -0.001444 -0.001006 -9.999999950000001E-05 -0.999999995 0 0.489105 0.2870579999999999
-0.015095 -0.001444 -0.001744 -9.999999950000001E-05 -0.999999995 0 0.488464 0.27719499999999997
-0.014839 -0.001444 0.002668 -9.999999950000001E-05 -0.999999995 0 0.485048 0.33619
-0.014972 -0.001444 0.00194 -9.999999950000001E-05 -0.999999995 0 0.4868219999999999 0.32646699999999995
-0.015069 -0.001444 0.001208 -9.999999950000001E-05 -0.999999995 0 0.488119 0.316668
-0.013958 -0.001444 0.005485 -9.999999950000001E-05 -0.999999995 0 0.473258 0.37386299999999995
-0.01423 -0.001444 0.004797 -9.999999950000001E-05 -0.999999995 0 0.476896 0.364673
-0.014468 -0.001444 0.004098 -9.999999950000001E-05 -0.999999995 0 0.480078 0.355316
-0.012544 -0.001444 0.008076 -9.999999900000001E-05 -0.9999999900000002 9.999999900000001E-05 0.45434599999999997 0.408512
-0.012944 -0.001444 0.007455 -9.999999900000001E-05 -0.9999999900000002 9.999999900000001E-05 0.459706 0.40020799999999995
-0.013314 -0.001444 0.006815 -9.999999900000001E-05 -0.9999999900000002 9.999999900000001E-05 0.464653 0.39165199999999994
-0.013286 -0.00159 0.014411 0.6566969595001161 -0.15809926800208368 -0.7373965858617112 0.281078 0.562749
-0.013419 -0.00181 0.01456 0.1584971716432078 -0.9711826693998954 -0.177996823675022 0.280969 0.566955
-0.013312 -0.001706 0.01444 0.5355395376658562 -0.5929437756901702 -0.6013443958888502 0.281035 0.564423
-0.013378 -0.001777 0.014514 0.3507034597066951 -0.8497083824145389 -0.3937038839079722 0.280991 0.566109
-0.016081 -0.00181 0.011674 0.19019748560586036 -0.9711871609905971 -0.1435981016456443 0.334214 0.563112
-0.015922 -0.00159 0.011554 0.7879291420982408 -0.15810584765291516 -0.5951220109946225 0.333502 0.558964
-0.016032 -0.001777 0.011637 0.4207051704983183 -0.8497104430055171 -0.3178039058340042 0.334071 0.562277
-0.015953 -0.001706 0.011577 0.6425092072229096 -0.5930084978726622 -0.48530695449848726 0.333785 0.560615
-0.010144 -0.00159 0.0167 0.50022317587662 -0.1581073252820744 -0.8513394434701451 0.228928 0.556243
-0.010244 -0.00181 0.016872 0.12069829937294269 -0.971186316081209 -0.20549710456619485 0.228 0.560347
-0.010163 -0.001706 0.016733 0.4079112075143918 -0.5930162933464926 -0.6942190739310881 0.228559 0.557876
-0.010213 -0.001777 0.016819 0.26710084671102613 -0.849702693561808 -0.4546014410888524 0.228187 0.559522
-0.006615 -0.00159 0.018331 0.3244937340864917 -0.15809694717742473 -0.9325819920155997 0.179044 0.539698
-0.00668 -0.00181 0.018519 0.07829881221602795 -0.9711852672312432 -0.22509658531070104 0.177335 0.543542
-0.006627 -0.001706 0.018367 0.26459703520683064 -0.5929933555466764 -0.7604914787407208 0.178364 0.541227
-0.00666 -0.001777 0.018461 0.17329766223030468 -0.8496885377789376 -0.4979932821159361 0.177679 0.542769
-0.002835 -0.00159 0.019243 0.13630942544109445 -0.15811093295845216 -0.9779676239093635 0.133343 0.513747
-0.002863 -0.00181 0.01944 0.03289987086826026 -0.9711961880624427 -0.23599907370545353 0.130917 0.517186
-0.00284 -0.001706 0.019281 0.1111000855470988 -0.5930004566105274 -0.7975006140757092 0.132378 0.515115
-0.002854 -0.001777 0.019379 0.07280062718010476 -0.8497073202600962 -0.522204498811136 0.131405 0.516494
0.001049 -0.00159 0.0194 -0.0571039828561813 -0.15811102783821826 -0.9857687548395431 0.093577 0.479389
0.001061 -0.00181 0.019598 -0.013799887600373241 -0.9711920896726444 -0.23789806232817348 0.090527 0.482288
0.001052 -0.001706 0.019438 -0.046498454882015976 -0.5929802955921607 -0.8038732877344654 0.092363 0.480543
0.001057 -0.001777 0.019537 -0.03049973617842308 -0.8496926501903637 -0.526395446699079 0.09114 0.481705
0.00489 -0.00159 0.018795 -0.248298635602746 -0.15809913124766067 -0.9556947484717856 0.061267 0.437934
0.00494 -0.00181 0.018988 -0.05989880383283108 -0.971180605716954 -0.2306953930590005 0.05771 0.440183
0.0049 -0.001706 0.018832 -0.2025036714248447 -0.5930107513823847 -0.7793141290932418 0.059852 0.438829
0.004925 -0.001777 0.018929 -0.1326013963000546 -0.8497089474823257 -0.5103053735438753 0.058426 0.439731
0.008539 -0.00159 0.017454 -0.4299916539429946 -0.15809693136834288 -0.8888827469533207 0.037654 0.390974
0.008626 -0.00181 0.017633 -0.10379926666077156 -0.9711931385447142 -0.21449848457355972 0.033727 0.392488
0.008555 -0.001706 0.017488 -0.3506167598816931 -0.5930283474325271 -0.724834647924276 0.036092 0.391576
0.008599 -0.001777 0.017578 -0.2295946803528836 -0.8496803131352143 -0.4746890015832485 0.034517 0.392183
0.011856 -0.00159 0.015426 -0.5951220109946225 -0.15810584765291516 -0.7879291420982408 0.023649 0.340321
0.011976 -0.00181 0.015585 -0.1435981016456443 -0.9711871609905971 -0.19019748560586036 0.019503 0.341038
0.011879 -0.001706 0.015456 -0.48530695449848726 -0.5930084978726622 -0.6425092072229096 0.021999 0.340606
0.011939 -0.001777 0.015536 -0.3178039058340042 -0.8497104430055171 -0.4207051704983183 0.020337 0.340894
0.014714 -0.00159 0.01279 -0.7373965858617112 -0.15809926800208368 -0.6566969595001161 0.019784 0.287907
0.014862 -0.00181 0.012922 -0.177996823675022 -0.9711826693998954 -0.1584971716432078 0.015578 0.287804
0.014742 -0.001706 0.012815 -0.6013087370794251 -0.5930086164777967 -0.5355077809845871 0.018111 0.287866
0.014816 -0.001777 0.012881 -0.3937038839079722 -0.8497083824145389 -0.3507034597066951 0.016424 0.287825
0.017002 -0.00159 0.009647 -0.8513394434701451 -0.1581073252820744 -0.50022317587662 0.026209 0.235747
0.017174 -0.00181 0.009748 -0.20549710456619485 -0.971186316081209 -0.12069829937294269 0.022103 0.234826
0.017035 -0.001706 0.009666 -0.6942190739310881 -0.5930162933464926 -0.4079112075143918 0.024576 0.23538
0.017121 -0.001777 0.009717 -0.4546014410888524 -0.849702693561808 -0.26710084671102613 0.022929 0.235011
0.018633 -0.00159 0.006118 -0.9325819920155997 -0.15809694717742473 -0.3244937340864917 0.042675 0.18583
0.018822 -0.00181 0.006183 -0.22509658531070104 -0.9711852672312432 -0.07829881221602795 0.038825 0.184129
0.018669 -0.001706 0.006131 -0.7604914787407208 -0.5929933555466764 -0.26459703520683064 0.041143 0.185153
0.018763 -0.001777 0.006163 -0.4979932821159361 -0.8496885377789376 -0.17329766223030468 0.0396 0.184471
0.019545 -0.00159 0.002339 -0.9779676239093638 -0.1581109329584522 -0.13630942544109448 0.068558 0.140063
0.019742 -0.00181 0.002366 -0.23599907370545353 -0.9711961880624427 -0.03289987086826026 0.065106 0.137639
0.019583 -0.001706 0.002344 -0.7975006140757092 -0.5930004566105274 -0.1111000855470988 0.067184 0.139099
0.019681 -0.001777 0.002358 -0.522204498811136 -0.8497073202600962 -0.07280062718010476 0.065801 0.138127
0.019702 -0.00159 -0.001546 -0.9857687548395431 -0.15811102783821826 0.0571039828561813 0.102917 0.100248
0.019901 -0.00181 -0.001557 -0.23789806232817348 -0.9711920896726444 0.013799887600373241 0.100006 0.097183
0.01974 -0.001706 -0.001548 -0.8038732877344654 -0.5929802955921607 0.046498454882015976 0.101759 0.099029
0.019839 -0.001777 -0.001554 -0.526395446699079 -0.8496926501903637 0.03049973617842308 0.100592 0.097799
0.019098 -0.00159 -0.005387 -0.9556947484717856 -0.15809913124766067 0.248298635602746 0.144433 0.067981
0.01929 -0.00181 -0.005437 -0.23069539305900044 -0.9711806057169537 0.05989880383283107 0.14219 0.064417
0.019134 -0.001706 -0.005396 -0.7793603443108278 -0.5929459106145127 0.20251568038360407 0.143541 0.066563
0.019231 -0.001777 -0.005421 -0.5103053735438753 -0.8497089474823257 0.1326013963000546 0.142642 0.065134
0.017756 -0.00159 -0.009035 -0.8888827469533207 -0.15809693136834288 0.4299916539429946 0.191427 0.044449
0.017935 -0.00181 -0.009122 -0.21449848457355972 -0.9711931385447142 0.10379926666077156 0.189922 0.040521
0.01779 -0.001706 -0.009052 -0.724834647924276 -0.5930283474325271 0.3506167598816931 0.190828 0.042886
0.01788 -0.001777 -0.009095 -0.4746890015832485 -0.8496803131352143 0.2295946803528836 0.190225 0.041311
0.015728 -0.00159 -0.012352 -0.7879291420982408 -0.15810584765291516 0.5951220109946225 0.242105 0.030524
0.015887 -0.00181 -0.012472 -0.19019748560586036 -0.9711871609905971 0.1435981016456443 0.241392 0.026377
0.015758 -0.001706 -0.012375 -0.6425092072229096 -0.5930084978726622 0.48530695449848726 0.241821 0.028874
0.015838 -0.001777 -0.012435 -0.4207051704983183 -0.8497104430055171 0.3178039058340042 0.241536 0.027211
0.013092 -0.00159 -0.01521 -0.6566969595001161 -0.15809926800208368 0.7373965858617112 0.29453 0.026739
0.013224 -0.00181 -0.015359 -0.1584971716432078 -0.9711826693998954 0.177996823675022 0.294639 0.022532
0.013117 -0.001706 -0.015239 -0.535507780984587 -0.5930086164777966 0.601308737079425 0.294573 0.025065
0.013183 -0.001777 -0.015313 -0.3507034597066951 -0.8497083824145389 0.3937038839079722 0.294617 0.023378
0.009949 -0.00159 -0.017499 -0.50022317587662 -0.1581073252820744 0.8513394434701451 0.346683 0.033244
0.01005 -0.00181 -0.01767 -0.12069829937294269 -0.971186316081209 0.20549710456619485 0.34761 0.029139
0.009968 -0.001706 -0.017531 -0.4079112075143918 -0.5930162933464926 0.6942190739310881 0.347052 0.031611
0.010019 -0.001777 -0.017617 -0.26710084671102613 -0.849702693561808 0.4546014410888524 0.347424 0.029965
0.00642 -0.00159 -0.01913 -0.3244937340864917 -0.15809694717742473 0.9325819920155997 0.396572 0.049791
0.006486 -0.00181 -0.019318 -0.07829881221602795 -0.9711852672312432 0.22509658531070104 0.398282 0.045946
0.006433 -0.001706 -0.019166 -0.26459703520683064 -0.5929933555466764 0.7604914787407208 0.397252 0.048261
0.006465 -0.001777 -0.01926 -0.17329766223030468 -0.8496885377789376 0.4979932821159361 0.397938 0.04672
0.002641 -0.00159 -0.020042 -0.13630942544109445 -0.15811093295845216 0.9779676239093635 0.44228 0.075745
0.002668 -0.00181 -0.020239 -0.03289987086826026 -0.9711961880624427 0.23599907370545353 0.444706 0.072307
0.002646 -0.001706 -0.020079 -0.1111000855470988 -0.5930004566105274 0.7975006140757092 0.443245 0.074377
0.00266 -0.001777 -0.020178 -0.07280062718010476 -0.8497073202600962 0.522204498811136 0.444218 0.072999
-0.001244 -0.00159 -0.020198 0.0571039828561813 -0.15811102783821826 0.9857687548395431 0.482053 0.110111
-0.001255 -0.00181 -0.020397 0.013799887600373241 -0.9711920896726444 0.23789806232817348 0.485102 0.107211
-0.001246 -0.001706 -0.020236 0.046498454882015976 -0.5929802955921607 0.8038732877344654 0.483266 0.108957
-0.001252 -0.001777 -0.020336 0.03049973617842308 -0.8496926501903637 0.526395446699079 0.484489 0.107794
-0.005084 -0.00159 -0.019594 0.248298635602746 -0.15809913124766067 0.9556947484717856 0.51436 0.151562
-0.005134 -0.00181 -0.019787 0.05989880383283108 -0.971180605716954 0.2306953930590005 0.517917 0.149313
-0.005094 -0.001706 -0.019631 0.2025036714248447 -0.5930107513823847 0.7793141290932418 0.515775 0.150667
-0.005119 -0.001777 -0.019727 0.1326013963000546 -0.8497089474823257 0.5103053735438753 0.517201 0.149766
-0.008733 -0.00159 -0.018252 0.4299916539429946 -0.15809693136834288 0.8888827469533207 0.537968 0.198516
-0.00882 -0.00181 -0.018432 0.10379926666077156 -0.9711931385447142 0.21449848457355972 0.541895 0.197004
-0.00875 -0.001706 -0.018287 0.3506167598816931 -0.5930283474325271 0.724834647924276 0.53953 0.197914
-0.008793 -0.001777 -0.018376 0.2295946803528836 -0.8496803131352143 0.4746890015832485 0.541105 0.197308
-0.01205 -0.00159 -0.016225 0.5951220109946225 -0.15810584765291516 0.7879291420982408 0.551974 0.249175
-0.01217 -0.00181 -0.016383 0.1435981016456443 -0.9711871609905971 0.19019748560586036 0.55612 0.248456
-0.012073 -0.001706 -0.016255 0.48530695449848726 -0.5930084978726622 0.6425092072229096 0.553624 0.248889
-0.012133 -0.001777 -0.016334 0.3178039058340042 -0.8497104430055171 0.4207051704983183 0.555286 0.248601
-0.014908 -0.00159 -0.013589 0.7373965858617112 -0.15809926800208368 0.6566969595001161 0.555837 0.301593
-0.015057 -0.00181 -0.013721 0.177996823675022 -0.9711826693998954 0.1584971716432078 0.560044 0.301696
-0.014936 -0.001706 -0.013614 0.6013087370794251 -0.5930086164777967 0.5355077809845871 0.557511 0.301634
-0.015011 -0.001777 -0.01368 0.3937038839079722 -0.8497083824145389 0.3507034597066951 0.559197 0.301675
-0.017196 -0.00159 -0.010446 0.8513394434701451 -0.1581073252820744 0.50022317587662 0.549408 0.35376
-0.017368 -0.00181 -0.010547 0.20549710456619485 -0.971186316081209 0.12069829937294269 0.553513 0.35468
-0.017229 -0.001706 -0.010465 0.6942190739310881 -0.5930162933464926 0.4079112075143918 0.551041 0.354126
-0.017315 -0.001777 -0.010515 0.4546014410888524 -0.849702693561808 0.26710084671102613 0.552687 0.354495
-0.018828 -0.00159 -0.006917 0.9325819920155997 -0.15809694717742473 0.3244937340864917 0.532941 0.403669
-0.019016 -0.00181 -0.006982 0.22509658531070104 -0.9711852672312432 0.07829881221602795 0.53679 0.405371
-0.018864 -0.001706 -0.006929 0.7604914787407208 -0.5929933555466764 0.26459703520683064 0.534473 0.404346
-0.018958 -0.001777 -0.006962 0.4979932821159361 -0.8496885377789376 0.17329766223030468 0.536015 0.405029
-0.019739 -0.00159 -0.003137 0.9779676239093638 -0.1581109329584522 0.13630942544109448 0.507057 0.44942
-0.019937 -0.00181 -0.003165 0.23599907370545353 -0.9711961880624427 0.03289987086826026 0.510507 0.451845
-0.019777 -0.001706 -0.003143 0.7975006140757092 -0.5930004566105274 0.1111000855470988 0.508429 0.450385
-0.019876 -0.001777 -0.003156 0.522204498811136 -0.8497073202600962 0.07280062718010476 0.509813 0.451357
-0.019896 -0.00159 0.000747 0.9857687548395431 -0.15811102783821826 -0.0571039828561813 0.4727 0.489227
-0.020095 -0.00181 0.000759 0.23789806232817348 -0.9711920896726444 -0.013799887600373241 0.47561 0.492292
-0.019934 -0.001706 0.000749 0.8038732877344654 -0.5929802955921607 -0.046498454882015976 0.473858 0.490447
-0.020034 -0.001777 0.000755 0.526395446699079 -0.8496926501903637 -0.03049973617842308 0.475025 0.491676
-0.019292 -0.00159 0.004588 0.9556947484717856 -0.15809913124766067 -0.248298635602746 0.431188 0.521497
-0.019485 -0.00181 0.004638 0.23069539305900044 -0.9711806057169537 -0.05989880383283107 0.433431 0.525061
-0.019329 -0.001706 0.004597 0.7793141290932418 -0.5930107513823847 -0.2025036714248447 0.43208 0.522915
-0.019425 -0.001777 0.004622 0.5103053735438753 -0.8497089474823257 -0.1326013963000546 0.43298 0.524344
-0.01795 -0.00159 0.008237 0.8888827469533207 -0.15809693136834288 -0.4299916539429946 0.384188 0.545034
-0.01813 -0.00181 0.008323 0.21449848457355972 -0.9711931385447142 -0.10379926666077156 0.385693 0.548963
-0.017985 -0.001706 0.008253 0.724834647924276 -0.5930283474325271 -0.3506167598816931 0.384787 0.546597
-0.018074 -0.001777 0.008297 0.4746890015832485 -0.8496803131352143 -0.2295946803528836 0.385391 0.548172
-0.015317 -0.00159 0.012316 0.7577301165819873 -0.15810628405914237 -0.6331251640597283 0.32048 0.560874
-0.01547 -0.00181 0.012443 0.18289728490995816 -0.971185582857033 -0.1527977317345085 0.320989 0.565051
-0.015346 -0.001706 0.01234 0.6179319757173968 -0.5929306819919801 -0.5163267180173037 0.320683 0.562536
-0.015422 -0.001777 0.012404 0.4045994214232411 -0.8496987849316064 -0.3380995165180371 0.320887 0.56421
-0.014675 -0.00159 0.013047 0.7257958266859947 -0.15809909093284066 -0.6694961504082027 0.307381 0.562142
-0.014821 -0.00181 0.013182 0.17519658019613152 -0.971181042731067 -0.16159684566035876 0.307685 0.566339
-0.014703 -0.001706 0.013073 0.5918697086006145 -0.5929698381705042 -0.5459643020024932 0.307502 0.563812
-0.014776 -0.001777 0.013141 0.3875941667516853 -0.8496872123036816 -0.35749461974645896 0.307624 0.565495
-0.013997 -0.00159 0.013746 0.6921361096827877 -0.15810824872250936 -0.7042367409891911 0.294237 0.562768
-0.014137 -0.00181 0.013888 0.16699846028129428 -0.9711910456598383 -0.16999843262167683 0.294334 0.566975
-0.014024 -0.001706 0.013773 0.5644287132189808 -0.5929301631246167 -0.5743292168704122 0.294276 0.564442
-0.014094 -0.001777 0.013845 0.36959159927842145 -0.8496806869774749 -0.37609145153845863 0.294315 0.566129
-0.012544 -0.00159 0.015041 0.6196144960507046 -0.1581036988793034 -0.7688179867072009 0.267936 0.562084
-0.012669 -0.00181 0.015196 0.14949797805352014 -0.97118686478648 -0.18559748981092533 0.267621 0.56628
-0.012568 -0.001706 0.01507 0.5053348415117634 -0.5929408817184337 -0.6269432260908856 0.267811 0.563753
-0.01263 -0.001777 0.015148 0.3309008024354189 -0.8497020605299953 -0.410500995466121 0.267684 0.565436
-0.011771 -0.00159 0.015633 0.5812254902028215 -0.15810693393163466 -0.7982350073638886 0.254843 0.560775
-0.011888 -0.00181 0.015794 0.14029671569232802 -0.9711772650063362 -0.19269548905140135 0.254322 0.56495
-0.011794 -0.001706 0.015664 0.4740291015398427 -0.5929364014830648 -0.6509399624309781 0.254636 0.562436
-0.011852 -0.001777 0.015744 0.3103891458813495 -0.8496702875495576 -0.4262850930709385 0.254427 0.56411
-0.01097 -0.00159 0.016186 0.5414297632121481 -0.158108691473662 -0.8257453924718705 0.24183 0.558827
-0.01108 -0.00181 0.016353 0.13069788140451352 -0.9711842572307844 -0.19929676942555122 0.241105 0.562972
-0.010991 -0.001706 0.016218 0.4415176124888503 -0.5929236521962385 -0.6734268635333902 0.241542 0.560476
-0.011046 -0.001777 0.016301 0.2891055349784513 -0.8497162679736772 -0.44090844127291307 0.241251 0.562138
-0.009292 -0.00159 0.017172 0.45779394342619245 -0.15809790837850812 -0.8748884253026994 0.216168 0.553029
-0.009385 -0.00181 0.017349 0.11049750665189331 -0.9711780856137445 -0.21119523443330196 0.21504 0.557083
-0.00931 -0.001706 0.017206 0.37333306757425744 -0.5929525201306649 -0.7134631942337939 0.215719 0.554642
-0.009356 -0.001777 0.017294 0.24449435469052452 -0.8496803811064977 -0.4671892127256158 0.215267 0.556267
-0.008419 -0.00159 0.017602 0.4143012864074914 -0.15810049090278636 -0.8963027830244619 0.20358 0.549193
-0.008503 -0.00181 0.017783 0.09999924350858429 -0.9711926529553705 -0.2162983637090678 0.202255 0.553187
-0.008435 -0.001706 0.017637 0.33791324138980083 -0.5929232341521543 -0.7309286420000162 0.203053 0.550782
-0.008477 -0.001777 0.017727 0.22120248964803155 -0.8497095635349566 -0.47860538673394165 0.202522 0.552384
-0.007526 -0.00159 0.017989 0.3699070523451801 -0.15810301426270065 -0.9155174545066569 0.191195 0.544746
-0.0076 -0.00181 0.018174 0.08929799394309887 -0.9711781827271848 -0.22099503540229393 0.189677 0.54867
-0.00754 -0.001706 0.018024 0.30161439790693434 -0.5929283041081611 -0.7466356415030412 0.190591 0.546307
-0.007577 -0.001777 0.018116 0.19749806946580642 -0.849691694304282 -0.4888952210725709 0.189982 0.547881
-0.005688 -0.00159 0.018628 0.2782981548893496 -0.15809895180742425 -0.9473937188004664 0.167156 0.534058
-0.005744 -0.00181 0.01882 0.06719835466842866 -0.9711762210413382 -0.2286944004861553 0.16526 0.537815
-0.005698 -0.001706 0.018665 0.2269126098841066 -0.5930329557570525 -0.7725429314035803 0.166401 0.535553
-0.005726 -0.001777 0.01876 0.14859949030462238 -0.8496970855439948 -0.5058982647719277 0.165641 0.537059
-0.004747 -0.00159 0.01888 0.23150047804898077 -0.15810032647751124 -0.9599019821996398 0.155557 0.527843
-0.004794 -0.00181 0.019073 0.055898906069112235 -0.9711809941739141 -0.23169546576410205 0.15348 0.531502
-0.004756 -0.001706 0.018917 0.18880456062924364 -0.5929143220184245 -0.782818909219131 0.154731 0.529299
-0.00478 -0.001777 0.019014 0.12359840497287568 -0.8496890348337578 -0.512593385025049 0.153898 0.530766
-0.003796 -0.00159 0.019085 0.18419822617962278 -0.1580984775189922 -0.9700906580719438 0.144277 0.521068
-0.003833 -0.00181 0.01928 0.04439991985821699 -0.9711982469887462 -0.23409957745064405 0.142023 0.52462
-0.003803 -0.001706 0.019122 0.15019637655612286 -0.5929856943926821 -0.7910809154031212 0.14338 0.522481
-0.003821 -0.001777 0.01922 0.09830113145253457 -0.8497097802158557 -0.518005962282939 0.142476 0.523906
-0.001868 -0.00159 0.019353 0.08809870187519173 -0.15809767044798878 -0.9834855084477988 0.122781 0.5059
-0.001886 -0.00181 0.019552 0.021299553885515753 -0.9711796588550656 -0.23739502781321314 0.12019 0.509215
-0.001872 -0.001706 0.019391 0.07179970418582814 -0.5929975568550986 -0.8019966957804201 0.12175 0.507219
-0.00188 -0.001777 0.019491 0.04709897466648215 -0.8496815026350293 -0.5251885667693508 0.120711 0.508548
-0.000897 -0.00159 0.019417 0.03980081174583342 -0.15810322454814732 -0.9866201223225943 0.112618 0.497544
-0.000905 -0.00181 0.019616 0.009599936592628207 -0.9711935852875537 -0.23809842736508088 0.109867 0.500728
-0.000898 -0.001706 0.019455 0.03240062647216931 -0.5929114640539873 -0.8046155573922047 0.111523 0.498811
-0.000902 -0.001777 0.019554 0.021200447652178312 -0.8497179419837695 -0.5268111237343177 0.11042 0.500087
7.7E-05 -0.00159 0.019432 -0.008599878183588287 -0.15809776056108235 -0.9873860137761715 0.102874 0.4887
7.8E-05 -0.00181 0.019631 -0.0020999782233387357 -0.9711899288126572 -0.23829752886743844 0.099971 0.491745
7.7E-05 -0.001706 0.01947 -0.00699984236532488 -0.5929866460910933 -0.8051818675085133 0.101719 0.489911
7.8E-05 -0.001777 0.01957 -0.004600112497126693 -0.849720780175772 -0.5272128931489549 0.100555 0.491132
0.00202 -0.00159 0.019319 -0.10540845093428067 -0.15811267640142102 -0.9817787123546807 0.084747 0.469632
0.002041 -0.00181 0.019517 -0.02539944629810599 -0.9711788285323046 -0.23699483356894172 0.081559 0.472379
0.002024 -0.001706 0.019357 -0.08599976952092651 -0.5929984107663887 -0.8005978544006253 0.083478 0.470725
0.002034 -0.001777 0.019456 -0.056301536489896505 -0.8497231892622569 -0.524214306003619 0.0822 0.471826
0.002985 -0.00159 0.019192 -0.15340519055243498 -0.15810534958500633 -0.9754330043340619 0.076406 0.459455
0.003015 -0.00181 0.019389 -0.03699891428279032 -0.9711715013904314 -0.23549308955667894 0.073087 0.462041
0.00299 -0.001706 0.019229 -0.1251024914409258 -0.5930118099477938 -0.7954158408642077 0.075085 0.460484
0.003006 -0.001777 0.019328 -0.0818985868520757 -0.8496853388059673 -0.5208910121031286 0.073754 0.461521
0.003942 -0.00159 0.019017 -0.20110545908178115 -0.15810429179925212 -0.9667262421400191 0.068572 0.44888
0.003983 -0.00181 0.019212 -0.048499743437035836 -0.971194862392767 -0.233298765852793 0.06513 0.451301
0.00395 -0.001706 0.019054 -0.16391553091274932 -0.5929561822951134 -0.7883746980995747 0.067203 0.449843
0.00397 -0.001777 0.019152 -0.10740068253350626 -0.8497053998949746 -0.5162032804822713 0.065823 0.450814
0.005826 -0.00159 0.018528 -0.29491608663668034 -0.15810862427012262 -0.942351401959118 0.054507 0.426642
0.005885 -0.00181 0.018718 -0.07119803745314604 -0.9711732299788683 -0.22749372922177985 0.050844 0.428714
0.005837 -0.001706 0.018564 -0.24050446019657193 -0.5929109956363722 -0.7685142522289626 0.05305 0.427466
0.005867 -0.001777 0.018659 -0.1574994818275572 -0.8496972045007959 -0.50319834448017 0.051581 0.428297
0.006747 -0.00159 0.018214 -0.34081480190827723 -0.15810686673033636 -0.9267402492030532 0.048308 0.415032
0.006816 -0.00181 0.018401 -0.08219885045711449 -0.9711864180529147 -0.22369687162112545 0.044549 0.416923
0.00676 -0.001706 0.01825 -0.27792205260018 -0.5929470492502581 -0.7557599681538542 0.046813 0.415784
0.006795 -0.001777 0.018343 -0.18199635100974298 -0.8496829640273551 -0.4948900775534165 0.045305 0.416542
0.007652 -0.00159 0.017856 -0.3858122574501319 -0.15810502307637597 -0.908928877129147 0.042686 0.403134
0.00773 -0.00181 0.018039 -0.09309844480346924 -0.9711837765105189 -0.21939633501483513 0.038838 0.404838
0.007667 -0.001706 0.017891 -0.3146187187975289 -0.5929352777338045 -0.7412441016297788 0.041155 0.403812
0.007706 -0.001777 0.017983 -0.20600595571827096 -0.849724565892305 -0.4853140306314413 0.039613 0.404495
0.009404 -0.00159 0.017008 -0.4731028126045814 -0.15810093991288166 -0.8667051525774481 0.033225 0.378583
0.0095 -0.00181 0.017183 -0.11419796044263958 -0.9711826548326756 -0.20919626378809283 0.029229 0.379902
0.009423 -0.001706 0.017042 -0.385816295295355 -0.5930250469417976 -0.7067298493655453 0.031635 0.379107
0.00947 -0.001777 0.017129 -0.25260243888832123 -0.8497082039723142 -0.46280446839871364 0.030033 0.379636
0.010247 -0.00159 0.016521 -0.5150364735993626 -0.1581111970408917 -0.842459660893404 0.029409 0.365989
0.010351 -0.00181 0.016691 -0.124299327542457 -0.9711947458506375 -0.20329890015592528 0.025353 0.367111
0.010267 -0.001706 0.016554 -0.4200211254937734 -0.5929298221553768 -0.687034555271958 0.027795 0.366436
0.010319 -0.001777 0.016639 -0.27500892005898553 -0.8497275613604363 -0.4498145899728424 0.026169 0.366885
0.011065 -0.00159 0.015993 -0.5557054070399159 -0.15810153833545204 -0.8162079417419099 0.026214 0.353225
0.011177 -0.00181 0.016158 -0.13409857521020757 -0.9711896811644563 -0.1969979069083586 0.022108 0.354146
0.011086 -0.001706 0.016025 -0.4532126878667977 -0.5929165989325339 -0.6656186342545025 0.02458 0.353592
0.011142 -0.001777 0.016107 -0.29670851268934534 -0.8497243789421528 -0.4358125036400967 0.022934 0.353961
0.012618 -0.00159 0.01482 -0.6331251640597283 -0.15810628405914237 -0.7577301165819873 0.02172 0.327302
0.012746 -0.00181 0.014973 -0.1527977317345085 -0.971185582857033 -0.18289728490995816 0.017544 0.327817
0.012642 -0.001706 0.014849 -0.5163267180173037 -0.5929306819919801 -0.6179319757173968 0.020058 0.327507
0.012706 -0.001777 0.014926 -0.3380995165180371 -0.8496987849316064 -0.4045994214232411 0.018384 0.327714
0.013349 -0.00159 0.014178 -0.6694961504082027 -0.15809909093284066 -0.7257958266859947 0.020431 0.314207
0.013484 -0.00181 0.014324 -0.16159684566035876 -0.971181042731067 -0.17519658019613152 0.016235 0.314517
0.013375 -0.001706 0.014206 -0.5459643020024934 -0.5929698381705043 -0.5918697086006147 0.018762 0.314331
0.013443 -0.001777 0.014279 -0.35749461974645896 -0.8496872123036816 -0.3875941667516853 0.017079 0.314455
0.014049 -0.00159 0.013501 -0.7042367409891911 -0.15810824872250936 -0.6921361096827877 0.019785 0.301066
0.014191 -0.00181 0.01364 -0.16999843262167683 -0.9711910456598383 -0.16699846028129428 0.015579 0.301169
0.014076 -0.001706 0.013527 -0.5742951615836455 -0.5929950040381363 -0.5643952449900913 0.018112 0.301107
0.014147 -0.001777 0.013597 -0.37609145153845863 -0.8496806869774749 -0.36959159927842145 0.016425 0.301148
0.015343 -0.00159 0.012047 -0.7688179867072009 -0.1581036988793034 -0.6196144960507046 0.02043 0.274765
0.015498 -0.00181 0.012172 -0.18559748981092533 -0.97118686478648 -0.14949797805352014 0.016233 0.274456
0.015372 -0.001706 0.012071 -0.6269432260908856 -0.5929408817184337 -0.5053348415117634 0.01876 0.274642
0.01545 -0.001777 0.012134 -0.410500995466121 -0.8497020605299953 -0.3309008024354189 0.017078 0.274518
0.015935 -0.00159 0.011275 -0.7982350073638889 -0.1581069339316347 -0.5812254902028217 0.021718 0.26167
0.016096 -0.00181 0.011392 -0.19269548905140135 -0.9711772650063362 -0.14029671569232802 0.017542 0.261155
0.015966 -0.001706 0.011297 -0.6509399624309781 -0.5929364014830648 -0.4740291015398427 0.020056 0.261465
0.016046 -0.001777 0.011356 -0.4262032625984629 -0.8497065045281884 -0.3104023761392841 0.018382 0.261259
0.016488 -0.00159 0.010474 -0.8257453924718706 -0.15810869147366205 -0.5414297632121482 0.023646 0.248653
0.016655 -0.00181 0.010583 -0.19929676942555122 -0.9711842572307844 -0.13069788140451352 0.0195 0.247935
0.01652 -0.001706 0.010495 -0.673386933053345 -0.592988493169934 -0.4414914329418649 0.021996 0.248367
0.016604 -0.001777 0.010549 -0.44090844127291307 -0.8497162679736772 -0.2891055349784513 0.020334 0.248079
0.017474 -0.00159 0.008796 -0.8748884253026994 -0.15809790837850812 -0.45779394342619245 0.029403 0.222982
0.017651 -0.00181 0.008888 -0.2111952344333019 -0.9711780856137443 -0.11049750665189328 0.025347 0.221861
0.017508 -0.001706 0.008813 -0.7134208857021479 -0.5930173608373615 -0.3733109288374149 0.027789 0.222536
0.017596 -0.001777 0.00886 -0.4671892127256158 -0.8496803811064977 -0.24449435469052452 0.026163 0.222086
0.017904 -0.00159 0.007923 -0.8963027830244619 -0.15810049090278636 -0.4143012864074914 0.033218 0.210387
0.018085 -0.00181 0.008006 -0.2162983637090678 -0.9711926529553705 -0.09999924350858429 0.029222 0.209069
0.017939 -0.001706 0.007939 -0.7309286420000162 -0.5929232341521543 -0.33791324138980083 0.031628 0.209863
0.018029 -0.001777 0.00798 -0.47860538673394165 -0.8497095635349566 -0.22120248964803155 0.030026 0.209335
0.018291 -0.00159 0.007029 -0.9155174545066569 -0.15810301426270065 -0.3699070523451801 0.037645 0.197994
0.018476 -0.00181 0.007104 -0.22099503540229393 -0.9711781827271848 -0.08929799394309887 0.033718 0.196482
0.018326 -0.001706 0.007043 -0.7465913694536535 -0.5929931450388648 -0.30159651356445466 0.036083 0.197392
0.018419 -0.001777 0.007081 -0.4888952210725709 -0.849691694304282 -0.19749806946580642 0.034508 0.196786
0.018931 -0.00159 0.005191 -0.9473937188004664 -0.15809895180742425 -0.2782981548893496 0.048294 0.173929
0.019122 -0.00181 0.005247 -0.22859962966889993 -0.9711984266598233 -0.06719989113626454 0.044532 0.172041
0.018967 -0.001706 0.005202 -0.7725429314035803 -0.5930329557570525 -0.2269126098841066 0.046797 0.173178
0.019063 -0.001777 0.00523 -0.5058982647719277 -0.8496970855439948 -0.14859949030462238 0.045289 0.172421
0.019182 -0.00159 0.004251 -0.9599019821996398 -0.15810032647751124 -0.23150047804898077 0.054492 0.162315
0.019376 -0.00181 0.004297 -0.23169546576410205 -0.9711809941739141 -0.055898906069112235 0.050825 0.160245
0.019219 -0.001706 0.00426 -0.7827724938578403 -0.5929791630783077 -0.18879336591768042 0.053033 0.161491
0.019316 -0.001777 0.004283 -0.512593385025049 -0.8496890348337578 -0.12359840497287568 0.051562 0.160661
0.019387 -0.00159 0.003299 -0.9700906580719438 -0.1580984775189922 -0.18419822617962278 0.061252 0.151017
0.019583 -0.00181 0.003336 -0.23409957745064405 -0.9711982469887462 -0.04439991985821699 0.057688 0.148768
0.019424 -0.001706 0.003306 -0.7910809154031212 -0.5929856943926821 -0.15019637655612286 0.059834 0.150122
0.019522 -0.001777 0.003325 -0.518005962282939 -0.8497097802158557 -0.09830113145253457 0.058405 0.14922
0.019656 -0.00159 0.001372 -0.9834855084477988 -0.15809767044798878 -0.08809870187519173 0.076396 0.129483
0.019854 -0.00181 0.001389 -0.23739502781321314 -0.9711796588550656 -0.021299553885515753 0.073065 0.126887
0.019694 -0.001706 0.001375 -0.8020442540126064 -0.5929327159651799 -0.07180396189289917 0.075071 0.12845
0.019793 -0.001777 0.001384 -0.5251885667693508 -0.8496815026350293 -0.04709897466648215 0.073736 0.12741
0.019719 -0.00159 0.0004 -0.9866201223225943 -0.15810322454814732 -0.03980081174583342 0.084748 0.119303
0.019918 -0.00181 0.000408 -0.23809842736508088 -0.9711935852875537 -0.009599936592628207 0.081547 0.116542
0.019757 -0.001706 0.000402 -0.8046155573922047 -0.5929114640539873 -0.03240062647216931 0.083475 0.118204
0.019856 -0.001777 0.000406 -0.5268111237343177 -0.8497179419837695 -0.021200447652178312 0.082191 0.117097
0.019734 -0.00159 -0.000573 -0.9873860137761715 -0.15809776056108235 0.008599878183588287 0.093594 0.10955
0.019933 -0.00181 -0.000575 -0.23829752886743844 -0.9711899288126572 0.0020999782233387357 0.090533 0.10663
0.019772 -0.001706 -0.000573 -0.8051818675085133 -0.5929866460910933 0.00699984236532488 0.092377 0.108389
0.019872 -0.001777 -0.000574 -0.5272128931489549 -0.849720780175772 0.004600112497126693 0.091149 0.107218
0.019622 -0.00159 -0.002516 -0.9817787123546807 -0.15811267640142102 0.10540845093428067 0.112689 0.091421
0.01982 -0.00181 -0.002537 -0.23699483356894172 -0.9711788285323046 0.02539944629810599 0.109937 0.088219
0.019659 -0.001706 -0.00252 -0.8005978544006253 -0.5929984107663887 0.08599976952092651 0.111594 0.090147
0.019758 -0.001777 -0.002531 -0.524214306003619 -0.8497231892622569 0.056301536489896505 0.110491 0.088863
0.019494 -0.00159 -0.003481 -0.9754330043340619 -0.15810534958500633 0.15340519055243498 0.122883 0.083089
0.019691 -0.00181 -0.003512 -0.23549308955667894 -0.9711715013904314 0.03699891428279032 0.120297 0.079758
0.019532 -0.001706 -0.003487 -0.7954158408642077 -0.5930118099477938 0.1251024914409258 0.121854 0.081764
0.01963 -0.001777 -0.003502 -0.5208910121031286 -0.8496853388059673 0.0818985868520757 0.120817 0.080428
0.019319 -0.00159 -0.004439 -0.9667262421400191 -0.15810429179925212 0.20110545908178115 0.133473 0.07527
0.019514 -0.00181 -0.004479 -0.233298765852793 -0.971194862392767 0.048499743437035836 0.131057 0.071818
0.019356 -0.001706 -0.004446 -0.7883746980995747 -0.5929561822951134 0.16391553091274932 0.132512 0.073896
0.019454 -0.001777 -0.004467 -0.5162032804822713 -0.8497053998949746 0.10740068253350626 0.131543 0.072512
0.01883 -0.00159 -0.006322 -0.942351401959118 -0.15810862427012262 0.29491608663668034 0.155736 0.061241
0.01902 -0.00181 -0.006382 -0.2273989039399245 -0.9711953188498448 0.07119965681848121 0.153671 0.057573
0.018866 -0.001706 -0.006334 -0.7685142522289626 -0.5929109956363722 0.24050446019657193 0.154914 0.059781
0.018961 -0.001777 -0.006363 -0.50319834448017 -0.8496972045007959 0.1574994818275572 0.154087 0.058311
0.018516 -0.00159 -0.007244 -0.9267402492030532 -0.15810686673033636 0.34081480190827723 0.167354 0.055063
0.018703 -0.00181 -0.007313 -0.22369687162112545 -0.9711864180529147 0.08219885045711449 0.165472 0.051299
0.018552 -0.001706 -0.007257 -0.7557599681538542 -0.5929470492502581 0.27792205260018 0.166606 0.053565
0.018645 -0.001777 -0.007291 -0.4948900775534165 -0.8496829640273551 0.18199635100974298 0.165851 0.052057
0.018158 -0.00159 -0.008149 -0.908928877129147 -0.15810502307637597 0.3858122574501319 0.179261 0.049461
0.018341 -0.00181 -0.008227 -0.21939633501483513 -0.9711837765105189 0.09309844480346924 0.177565 0.045611
0.018193 -0.001706 -0.008164 -0.7412441016297788 -0.5929352777338045 0.3146187187975289 0.178586 0.047929
0.018285 -0.001777 -0.008203 -0.4853140306314413 -0.849724565892305 0.20600595571827096 0.177906 0.046385
0.017311 -0.00159 -0.009901 -0.8667051525774481 -0.15810093991288166 0.4731028126045814 0.203825 0.040041
0.017485 -0.00181 -0.009996 -0.20919626378809283 -0.9711826548326756 0.11419796044263958 0.202513 0.036043
0.017344 -0.001706 -0.009919 -0.7067298493655453 -0.5930250469417976 0.385816295295355 0.203303 0.03845
0.017431 -0.001777 -0.009967 -0.46280446839871364 -0.8497082039723142 0.25260243888832123 0.202777 0.036848
0.016823 -0.00159 -0.010744 -0.842459660893404 -0.1581111970408917 0.5150364735993626 0.216424 0.036245
0.016993 -0.00181 -0.010848 -0.20329890015592528 -0.9711947458506375 0.124299327542457 0.215309 0.032188
0.016856 -0.001706 -0.010764 -0.687034555271958 -0.5929298221553768 0.4200211254937734 0.215981 0.03463
0.016941 -0.001777 -0.010815 -0.4498145899728424 -0.8497275613604363 0.27500892005898553 0.215534 0.033004
0.016295 -0.00159 -0.011562 -0.8162079417419099 -0.15810153833545204 0.5557054070399159 0.229194 0.033069
0.01646 -0.00181 -0.011674 -0.1969979069083586 -0.9711896811644563 0.13409857521020757 0.228279 0.028963
0.016327 -0.001706 -0.011583 -0.6656186342545025 -0.5929165989325339 0.4532126878667977 0.22883 0.031435
0.016409 -0.001777 -0.011639 -0.4358125036400967 -0.8497243789421528 0.29670851268934534 0.228463 0.029789
0.015122 -0.00159 -0.013115 -0.7577301165819873 -0.15810628405914237 0.6331251640597283 0.255125 0.028615
0.015275 -0.00181 -0.013242 -0.18289728490995816 -0.971185582857033 0.1527977317345085 0.254617 0.024438
0.015152 -0.001706 -0.013139 -0.6179319757173968 -0.5929306819919801 0.5163267180173037 0.254923 0.026953
0.015228 -0.001777 -0.013203 -0.4045994214232411 -0.8496987849316064 0.3380995165180371 0.254719 0.025278
0.01448 -0.00159 -0.013846 -0.7257958266859947 -0.15809909093284066 0.6694961504082027 0.268224 0.027346
0.014627 -0.00181 -0.013981 -0.17519658019613152 -0.971181042731067 0.16159684566035876 0.267921 0.023149
0.014508 -0.001706 -0.013872 -0.5918697086006145 -0.5929698381705042 0.5459643020024932 0.268103 0.025676
0.014581 -0.001777 -0.013939 -0.3875941667516853 -0.8496872123036816 0.35749461974645896 0.267982 0.023993
0.013803 -0.00159 -0.014545 -0.6921361096827877 -0.15810824872250936 0.7042367409891911 0.28137 0.02672
0.013942 -0.00181 -0.014687 -0.16699846028129428 -0.9711910456598383 0.16999843262167683 0.281272 0.022513
0.013829 -0.001706 -0.014572 -0.5644287132189808 -0.5929301631246167 0.5743292168704122 0.281331 0.025046
0.013899 -0.001777 -0.014643 -0.36951915267403745 -0.8497440433751817 0.3760194895952316 0.281292 0.023359
0.012349 -0.00159 -0.015839 -0.6196144960507046 -0.1581036988793034 0.7688179867072009 0.307672 0.027404
0.012474 -0.00181 -0.015994 -0.14949797805352014 -0.97118686478648 0.18559748981092533 0.307987 0.023208
0.012373 -0.001706 -0.015869 -0.5053348415117634 -0.5929408817184337 0.6269432260908856 0.307797 0.025734
0.012436 -0.001777 -0.015947 -0.3309008024354189 -0.8497020605299953 0.410500995466121 0.307924 0.024052
0.011577 -0.00159 -0.016432 -0.5812254902028215 -0.15810693393163466 0.7982350073638886 0.320766 0.028712
0.011694 -0.00181 -0.016593 -0.14029671569232802 -0.9711772650063362 0.19269548905140135 0.321287 0.024536
0.011599 -0.001706 -0.016462 -0.4740291015398427 -0.5929364014830648 0.6509399624309781 0.320973 0.027051
0.011658 -0.001777 -0.016543 -0.3104023761392841 -0.8497065045281884 0.4262032625984629 0.321182 0.025377
0.010776 -0.00159 -0.016985 -0.5414297632121481 -0.158108691473662 0.8257453924718705 0.33378 0.03066
0.010885 -0.00181 -0.017152 -0.13059958926493764 -0.9711969455904093 0.19929937320445693 0.334505 0.026515
0.010797 -0.001706 -0.017017 -0.4415176124888503 -0.5929236521962385 0.6734268635333902 0.334068 0.029011
0.010851 -0.001777 -0.0171 -0.2891055349784513 -0.8497162679736772 0.44090844127291307 0.334359 0.027349
0.009098 -0.00159 -0.017971 -0.45779394342619245 -0.15809790837850812 0.8748884253026994 0.359444 0.036458
0.00919 -0.00181 -0.018147 -0.11049750665189331 -0.9711780856137445 0.21119523443330196 0.360572 0.032404
0.009116 -0.001706 -0.018005 -0.37333306757425744 -0.5929525201306649 0.7134631942337939 0.359893 0.034845
0.009162 -0.001777 -0.018093 -0.24449435469052452 -0.8496803811064977 0.4671892127256158 0.360345 0.033219
0.008225 -0.00159 -0.018401 -0.4143012864074914 -0.15810049090278636 0.8963027830244619 0.372032 0.040294
0.008308 -0.00181 -0.018582 -0.09999924350858429 -0.9711926529553705 0.2162983637090678 0.373357 0.0363
0.008241 -0.001706 -0.018435 -0.33791324138980083 -0.5929232341521543 0.7309286420000162 0.37256 0.038705
0.008282 -0.001777 -0.018526 -0.22120248964803155 -0.8497095635349566 0.47860538673394165 0.373091 0.037103
0.007331 -0.00159 -0.018788 -0.3699070523451801 -0.15810301426270065 0.9155174545066569 0.384419 0.044742
0.007406 -0.00181 -0.018972 -0.08929799394309887 -0.9711781827271848 0.22099503540229393 0.385938 0.040817
0.007346 -0.001706 -0.018823 -0.30161439790693434 -0.5929283041081611 0.7466356415030412 0.385023 0.04318
0.007383 -0.001777 -0.018915 -0.19749806946580642 -0.849691694304282 0.4888952210725709 0.385632 0.041607
0.005493 -0.00159 -0.019427 -0.2782981548893496 -0.15809895180742425 0.9473937188004664 0.408463 0.055431
0.005549 -0.00181 -0.019618 -0.06719989113626454 -0.9711984266598233 0.22859962966889993 0.410358 0.051674
0.005504 -0.001706 -0.019464 -0.22692606735992693 -0.5929681151948024 0.7725887485039381 0.409217 0.053936
0.005532 -0.001777 -0.019559 -0.14859949030462238 -0.8496970855439948 0.5058982647719277 0.409977 0.05243
0.004553 -0.00159 -0.019679 -0.23150047804898077 -0.15810032647751124 0.9599019821996398 0.420061 0.061647
0.0046 -0.00181 -0.019872 -0.055898906069112235 -0.9711809941739141 0.23169546576410205 0.42214 0.057987
0.004562 -0.001706 -0.019716 -0.18880456062924364 -0.5929143220184245 0.782818909219131 0.420888 0.060191
0.004585 -0.001777 -0.019812 -0.12359840497287568 -0.8496890348337578 0.512593385025049 0.421722 0.058724
0.003601 -0.00159 -0.019884 -0.18419822617962278 -0.1580984775189922 0.9700906580719438 0.431343 0.068424
0.003638 -0.00181 -0.020079 -0.04439991985821699 -0.9711982469887462 0.23409957745064405 0.433598 0.06487
0.003608 -0.001706 -0.019921 -0.1502052828126964 -0.5929208533931272 0.7911278244548877 0.43224 0.06701
0.003627 -0.001777 -0.020019 -0.09830113145253457 -0.8497097802158557 0.518005962282939 0.433145 0.065585
0.001674 -0.00159 -0.020152 -0.08809870187519173 -0.15809767044798878 0.9834855084477988 0.452843 0.083595
0.001691 -0.00181 -0.020351 -0.021299553885515753 -0.9711796588550656 0.23739502781321314 0.455435 0.08028
0.001677 -0.001706 -0.02019 -0.07180396189289917 -0.5929327159651799 0.8020442540126064 0.453874 0.082276
0.001686 -0.001777 -0.020289 -0.04709897466648215 -0.8496815026350293 0.5251885667693508 0.454913 0.080947
0.000702 -0.00159 -0.020215 -0.03980081174583342 -0.15810322454814732 0.9866201223225943 0.463009 0.091953
0.00071 -0.00181 -0.020414 -0.009599936592628207 -0.9711935852875537 0.23809842736508088 0.46576 0.088769
0.000704 -0.001706 -0.020253 -0.03240062647216931 -0.5929114640539873 0.8046155573922047 0.464104 0.090686
0.000708 -0.001777 -0.020353 -0.021200447652178312 -0.8497179419837695 0.5268111237343177 0.465207 0.089409
-0.000271 -0.00159 -0.020231 0.008599878183588287 -0.15809776056108235 0.9873860137761715 0.472754 0.100799
-0.000273 -0.00181 -0.02043 0.0020999782233387357 -0.9711899288126572 0.23829752886743844 0.475657 0.097753
-0.000271 -0.001706 -0.020269 0.007000257439201077 -0.5929218051003312 0.8052296128635297 0.473909 0.099587
-0.000272 -0.001777 -0.020368 0.004600112497126693 -0.849720780175772 0.5272128931489549 0.475073 0.098366
-0.002214 -0.00159 -0.020118 0.10540845093428067 -0.15811267640142102 0.9817787123546807 0.490883 0.119867
-0.002235 -0.00181 -0.020316 0.02539944629810599 -0.9711788285323046 0.23699483356894172 0.494071 0.117121
-0.002218 -0.001706 -0.020156 0.08599976952092651 -0.5929984107663887 0.8005978544006253 0.492151 0.118775
-0.002229 -0.001777 -0.020255 0.056301536489896505 -0.8497231892622569 0.524214306003619 0.493429 0.117673
-0.003179 -0.00159 -0.019991 0.15340519055243498 -0.15810534958500633 0.9754330043340619 0.499224 0.130045
-0.00321 -0.00181 -0.020187 0.036999785401867005 -0.9711943670890064 0.23539863469187822 0.502542 0.127458
-0.003185 -0.001706 -0.020028 0.1251099103485136 -0.5929469691897179 0.7954630111207651 0.500544 0.129016
-0.0032 -0.001777 -0.020126 0.0818985868520757 -0.8496853388059673 0.5208910121031286 0.501875 0.127979
-0.004137 -0.00159 -0.019816 0.20110545908178115 -0.15810429179925212 0.9667262421400191 0.507056 0.140619
-0.004177 -0.00181 -0.020011 0.048499743437035836 -0.971194862392767 0.233298765852793 0.510498 0.138197
-0.004144 -0.001706 -0.019853 0.16390581056397854 -0.5930210229679028 0.7883279467210756 0.508425 0.139655
-0.004165 -0.001777 -0.01995 0.10740068253350626 -0.8497053998949746 0.5162032804822713 0.509805 0.138685
-0.00602 -0.00159 -0.019326 0.29491608663668034 -0.15810862427012262 0.942351401959118 0.521118 0.162852
-0.00608 -0.00181 -0.019516 0.07119965681848121 -0.9711953188498448 0.2273989039399245 0.524781 0.16078
-0.006032 -0.001706 -0.019363 0.24050446019657193 -0.5929109956363722 0.7685142522289626 0.522575 0.162028
-0.006061 -0.001777 -0.019458 0.1574994818275572 -0.8496972045007959 0.50319834448017 0.524044 0.161197
-0.006942 -0.00159 -0.019013 0.34081480190827723 -0.15810686673033636 0.9267402492030532 0.527316 0.17446
-0.007011 -0.00181 -0.0192 0.08219885045711449 -0.9711864180529147 0.22369687162112545 0.531075 0.17257
-0.006955 -0.001706 -0.019049 0.27792205260018 -0.5929470492502581 0.7557599681538542 0.528811 0.173708
-0.006989 -0.001777 -0.019142 0.18199635100974298 -0.8496829640273551 0.4948900775534165 0.530319 0.17295
-0.007847 -0.00159 -0.018655 0.3858122574501319 -0.15810502307637597 0.908928877129147 0.532937 0.186357
-0.007925 -0.00181 -0.018838 0.09309844480346924 -0.9711837765105189 0.21939633501483513 0.536784 0.184654
-0.007862 -0.001706 -0.01869 0.3146187187975289 -0.5929352777338045 0.7412441016297788 0.534468 0.18568
-0.007901 -0.001777 -0.018781 0.20600595571827096 -0.849724565892305 0.4853140306314413 0.53601 0.184997
-0.009599 -0.00159 -0.017807 0.4731028126045814 -0.15810093991288166 0.8667051525774481 0.542397 0.210908
-0.009694 -0.00181 -0.017982 0.11419796044263958 -0.9711826548326756 0.20919626378809283 0.546393 0.20959
-0.009617 -0.001706 -0.017841 0.3858391762404465 -0.5929602063062746 0.7067717621802062 0.543987 0.210384
-0.009665 -0.001777 -0.017928 0.25260243888832123 -0.8497082039723142 0.46280446839871364 0.545589 0.209855
-0.010442 -0.00159 -0.01732 0.5150364735993626 -0.1581111970408917 0.842459660893404 0.546214 0.223504
-0.010545 -0.00181 -0.01749 0.124299327542457 -0.9711947458506375 0.20329890015592528 0.550269 0.222382
-0.010461 -0.001706 -0.017352 0.4200211254937734 -0.5929298221553768 0.687034555271958 0.547827 0.223058
-0.010513 -0.001777 -0.017437 0.27500892005898553 -0.8497275613604363 0.4498145899728424 0.549453 0.222608
-0.011259 -0.00159 -0.016792 0.5557054070399159 -0.15810153833545204 0.8162079417419099 0.549409 0.236269
-0.011371 -0.00181 -0.016957 0.13409857521020757 -0.9711896811644563 0.1969979069083586 0.553515 0.235347
-0.011281 -0.001706 -0.016823 0.4532126878667977 -0.5929165989325339 0.6656186342545025 0.551042 0.235902
-0.011337 -0.001777 -0.016906 0.29670851268934534 -0.8497243789421528 0.4358125036400967 0.552689 0.235533
-0.012812 -0.00159 -0.015619 0.6331251640597283 -0.15810628405914237 0.7577301165819873 0.553903 0.262192
-0.01294 -0.00181 -0.015772 0.1527977317345085 -0.971185582857033 0.18289728490995816 0.558079 0.261678
-0.012837 -0.001706 -0.015648 0.5163267180173037 -0.5929306819919801 0.6179319757173968 0.555564 0.261988
-0.012901 -0.001777 -0.015725 0.3380995165180371 -0.8496987849316064 0.4045994214232411 0.557239 0.261781
-0.013544 -0.00159 -0.014977 0.6694961504082027 -0.15809909093284066 0.7257958266859947 0.555191 0.275289
-0.013679 -0.00181 -0.015123 0.16159684566035876 -0.971181042731067 0.17519658019613152 0.559388 0.27498
-0.01357 -0.001706 -0.015005 0.5459643020024934 -0.5929698381705043 0.5918697086006147 0.556861 0.275166
-0.013637 -0.001777 -0.015078 0.35749461974645896 -0.8496872123036816 0.3875941667516853 0.558543 0.275042
-0.014243 -0.00159 -0.014299 0.7042367409891911 -0.15810824872250936 0.6921361096827877 0.555836 0.288434
-0.014385 -0.00181 -0.014439 0.16999843262167683 -0.9711910456598383 0.16699846028129428 0.560043 0.28833
-0.01427 -0.001706 -0.014326 0.5742951615836455 -0.5929950040381363 0.5643952449900913 0.55751 0.288393
-0.014341 -0.001777 -0.014396 0.3761053501366588 -0.8497120872404121 0.36950525624965547 0.559197 0.288351
-0.015537 -0.00159 -0.012846 0.7688179867072009 -0.1581036988793034 0.6196144960507046 0.555191 0.314736
-0.015692 -0.00181 -0.012971 0.18559748981092533 -0.97118686478648 0.14949797805352014 0.559388 0.315046
-0.015567 -0.001706 -0.01287 0.6269432260908856 -0.5929408817184337 0.5053348415117634 0.556861 0.314859
-0.015644 -0.001777 -0.012932 0.410500995466121 -0.8497020605299953 0.3309008024354189 0.558543 0.314984
-0.016129 -0.00159 -0.012073 0.7982350073638889 -0.1581069339316347 0.5812254902028217 0.553902 0.327832
-0.01629 -0.00181 -0.012191 0.19269548905140135 -0.9711772650063362 0.14029671569232802 0.558078 0.328348
-0.01616 -0.001706 -0.012096 0.6509399624309781 -0.5929364014830648 0.4740291015398427 0.555563 0.328037
-0.016241 -0.001777 -0.012154 0.4262032625984629 -0.8497065045281884 0.3104023761392841 0.557238 0.328244
-0.016683 -0.00159 -0.011273 0.8257453924718706 -0.15810869147366205 0.5414297632121482 0.551973 0.34085
-0.016849 -0.00181 -0.011382 0.19929937320445693 -0.9711969455904093 0.13059958926493764 0.556118 0.34157
-0.016715 -0.001706 -0.011293 0.6734268635333902 -0.5929236521962385 0.4415176124888503 0.553622 0.341136
-0.016798 -0.001777 -0.011348 0.44090844127291307 -0.8497162679736772 0.2891055349784513 0.555284 0.341425
-0.017669 -0.00159 -0.009595 0.8748884253026994 -0.15809790837850812 0.45779394342619245 0.546213 0.366526
-0.017845 -0.00181 -0.009687 0.2111952344333019 -0.9711780856137443 0.11049750665189328 0.550269 0.367646
-0.017702 -0.001706 -0.009612 0.7134631942337939 -0.5929525201306649 0.37333306757425744 0.547827 0.366972
-0.017791 -0.001777 -0.009658 0.4671892127256158 -0.8496803811064977 0.24449435469052452 0.549453 0.367421
-0.018099 -0.00159 -0.008721 0.8963027830244619 -0.15810049090278636 0.4143012864074914 0.542397 0.37912
-0.01828 -0.00181 -0.008805 0.2162983637090678 -0.9711926529553705 0.09999924350858429 0.546393 0.380437
-0.018133 -0.001706 -0.008737 0.7309286420000162 -0.5929232341521543 0.33791324138980083 0.543987 0.379644
-0.018224 -0.001777 -0.008779 0.47860538673394165 -0.8497095635349566 0.22120248964803155 0.545589 0.380172
-0.018485 -0.00159 -0.007828 0.9155174545066569 -0.15810301426270065 0.3699070523451801 0.53797 0.391511
-0.01867 -0.00181 -0.007903 0.22099503540229393 -0.9711781827271848 0.08929799394309887 0.541897 0.393022
-0.018521 -0.001706 -0.007842 0.7465913694536535 -0.5929931450388648 0.30159651356445466 0.539532 0.392112
-0.018613 -0.001777 -0.007879 0.4888952210725709 -0.849691694304282 0.19749806946580642 0.541107 0.392718
-0.019125 -0.00159 -0.00599 0.9473937188004664 -0.15809895180742425 0.2782981548893496 0.527321 0.415567
-0.019316 -0.00181 -0.006046 0.22859962966889993 -0.9711984266598233 0.06719989113626454 0.531083 0.417455
-0.019162 -0.001706 -0.006001 0.7726290591253808 -0.5929223002270753 0.2269085341904594 0.528818 0.416318
-0.019257 -0.001777 -0.006029 0.5058982647719277 -0.8496970855439948 0.14859949030462238 0.530326 0.417076
-0.019376 -0.00159 -0.005049 0.9599019821996398 -0.15810032647751124 0.23150047804898077 0.521124 0.427177
-0.01957 -0.00181 -0.005096 0.23169546576410205 -0.9711809941739141 0.055898906069112235 0.52479 0.429248
-0.019413 -0.001706 -0.005058 0.782818909219131 -0.5929143220184245 0.18880456062924364 0.522582 0.428001
-0.01951 -0.001777 -0.005082 0.512593385025049 -0.8496890348337578 0.12359840497287568 0.524052 0.428831
-0.019581 -0.00159 -0.004098 0.9700906580719438 -0.1580984775189922 0.18419822617962278 0.514364 0.438471
-0.019777 -0.00181 -0.004135 0.23409957745064405 -0.9711982469887462 0.04439991985821699 0.517926 0.44072
-0.019619 -0.001706 -0.004105 0.7911278244548877 -0.5929208533931272 0.1502052828126964 0.515781 0.439366
-0.019717 -0.001777 -0.004123 0.518005962282939 -0.8497097802158557 0.09830113145253457 0.517209 0.440268
-0.01985 -0.00159 -0.00217 0.9834855084477988 -0.15809767044798878 0.08809870187519173 0.499217 0.459997
-0.020048 -0.00181 -0.002188 0.23739502781321314 -0.9711796588550656 0.021299553885515753 0.502547 0.462593
-0.019888 -0.001706 -0.002174 0.8020442540126064 -0.5929327159651799 0.07180396189289917 0.500542 0.46103
-0.019987 -0.001777 -0.002183 0.5251885667693508 -0.8496815026350293 0.04709897466648215 0.501877 0.46207
-0.019913 -0.00159 -0.001199 0.9866201223225943 -0.15810322454814732 0.03980081174583342 0.490865 0.470175
-0.020112 -0.00181 -0.001207 0.23809842736508088 -0.9711935852875537 0.009599936592628207 0.494066 0.472936
-0.019951 -0.001706 -0.0012 0.8046155573922047 -0.5929114640539873 0.03240062647216931 0.492139 0.471273
-0.020051 -0.001777 -0.001204 0.5268111237343177 -0.8497179419837695 0.021200447652178312 0.493422 0.472381
-0.019929 -0.00159 -0.000226 0.9873860137761715 -0.15809776056108235 -0.008599878183588287 0.48202 0.479926
-0.020128 -0.00181 -0.000224 0.23829752886743844 -0.9711899288126572 -0.0020999782233387357 0.485081 0.482846
-0.019967 -0.001706 -0.000225 0.8051818675085133 -0.5929866460910933 -0.00699984236532488 0.483238 0.481088
-0.020066 -0.001777 -0.000224 0.5272128931489549 -0.849720780175772 -0.004600112497126693 0.484465 0.482258
-0.019816 -0.00159 0.001717 0.9817787123546807 -0.15811267640142102 -0.10540845093428067 0.46293 0.498053
-0.020014 -0.00181 0.001739 0.23690044892677609 -0.9712018404292314 -0.02540004813313682 0.465681 0.501256
-0.019854 -0.001706 0.001721 0.8005978544006253 -0.5929984107663887 -0.08599976952092651 0.464025 0.499327
-0.019953 -0.001777 0.001732 0.524214306003619 -0.8497231892622569 -0.056301536489896505 0.465128 0.500611
-0.019688 -0.00159 0.002682 0.9754330043340619 -0.15810534958500633 -0.15340519055243498 0.452737 0.506386
-0.019885 -0.00181 0.002713 0.23549308955667894 -0.9711715013904314 -0.03699891428279032 0.455323 0.509717
-0.019726 -0.001706 0.002688 0.7954158408642077 -0.5930118099477938 -0.1251024914409258 0.453766 0.507711
-0.019824 -0.001777 0.002704 0.5208910121031286 -0.8496853388059673 -0.0818985868520757 0.454803 0.509047
-0.019514 -0.00159 0.00364 0.9667262421400191 -0.15810429179925212 -0.20110545908178115 0.442148 0.514207
-0.019709 -0.00181 0.003681 0.233298765852793 -0.971194862392767 -0.048499743437035836 0.444564 0.517658
-0.019551 -0.001706 0.003648 0.7883746980995747 -0.5929561822951134 -0.16391553091274932 0.443109 0.51558
-0.019648 -0.001777 0.003668 0.5162032804822713 -0.8497053998949746 -0.10740068253350626 0.444078 0.516964
-0.019024 -0.00159 0.005524 0.942351401959118 -0.15810862427012262 -0.29491608663668034 0.419885 0.528238
-0.019214 -0.00181 0.005583 0.22749372922177985 -0.9711732299788683 -0.07119803745314604 0.42195 0.531906
-0.01906 -0.001706 0.005535 0.7685142522289626 -0.5929109956363722 -0.24050446019657193 0.420707 0.529698
-0.019155 -0.001777 0.005565 0.50319834448017 -0.8496972045007959 -0.1574994818275572 0.421535 0.531168
-0.018711 -0.00159 0.006445 0.9267402492030532 -0.15810686673033636 -0.34081480190827723 0.408266 0.534417
-0.018898 -0.00181 0.006514 0.22369687162112545 -0.9711864180529147 -0.08219885045711449 0.410148 0.538181
-0.018746 -0.001706 0.006458 0.7557599681538542 -0.5929470492502581 -0.27792205260018 0.409015 0.535915
-0.01884 -0.001777 0.006493 0.4948900775534165 -0.8496829640273551 -0.18199635100974298 0.40977 0.537424
-0.018352 -0.00159 0.00735 0.908928877129147 -0.15810502307637597 -0.3858122574501319 0.396358 0.54002
-0.018536 -0.00181 0.007428 0.21939633501483513 -0.9711837765105189 -0.09309844480346924 0.398053 0.543871
-0.018387 -0.001706 0.007365 0.7412441016297788 -0.5929352777338045 -0.3146187187975289 0.397032 0.541552
-0.018479 -0.001777 0.007404 0.4853140306314413 -0.849724565892305 -0.20600595571827096 0.397712 0.543096
-0.017505 -0.00159 0.009102 0.8667051525774481 -0.15810093991288166 -0.4731028126045814 0.371786 0.549444
-0.01768 -0.00181 0.009198 0.20919626378809283 -0.9711826548326756 -0.11419796044263958 0.373099 0.553442
-0.017538 -0.001706 0.009121 0.7067717621802062 -0.5929602063062746 -0.3858391762404465 0.372308 0.551035
-0.017626 -0.001777 0.009168 0.46280446839871364 -0.8497082039723142 -0.25260243888832123 0.372835 0.552638
-0.017018 -0.00159 0.009945 0.842459660893404 -0.1581111970408917 -0.5150364735993626 0.359184 0.553242
-0.017188 -0.00181 0.010049 0.20329890015592528 -0.9711947458506375 -0.124299327542457 0.3603 0.5573
-0.01705 -0.001706 0.009965 0.687034555271958 -0.5929298221553768 -0.4200211254937734 0.359628 0.554857
-0.017135 -0.001777 0.010017 0.4498145899728424 -0.8497275613604363 -0.27500892005898553 0.360075 0.556483
-0.01649 -0.00159 0.010763 0.8162079417419099 -0.15810153833545204 -0.5557054070399159 0.346412 0.556418
-0.016654 -0.00181 0.010875 0.1969979069083586 -0.9711896811644563 -0.13409857521020757 0.347328 0.560526
-0.016521 -0.001706 0.010784 0.6655791676980715 -0.5929814399713887 -0.45318581550595854 0.346777 0.558052
-0.016604 -0.001777 0.01084 0.4358125036400967 -0.8497243789421528 -0.29670851268934534 0.347144 0.559699
-0.013286 -0.001493 0.014411 0.6521153542367754 -0.19610461733757345 -0.7323172426124683 0.21409999999999998 0.540446
-0.01323 -0.001443 0.014347 0.05700081226736226 -0.996314197578474 -0.06410091344452493 0.463519 0.492384
-0.013276 -0.001455 0.014399 0.41712077104595424 -0.7788387832428415 -0.4684233257202708 0.147395 0.518955
-0.015922 -0.001493 0.011554 0.7824833880540056 -0.19609583692957253 -0.590987453469543 0.2634325 0.550235
-0.015909 -0.001455 0.011544 0.5005216004757628 -0.7788336112897585 -0.37801631364603067 0.193789 0.542248
-0.015854 -0.001443 0.011502 0.06850072508401256 -0.9963105460029447 -0.05170054725318904 0.498618 0.454334
-0.010144 -0.001493 0.0167 0.4966909727236053 -0.1960964359796638 -0.8454846334564291 0.16762 0.5212285
-0.0101 -0.001443 0.016626 0.04350039281032062 -0.9963089967108606 -0.07400066822905117 0.421671 0.522856
-0.010135 -0.001455 0.016686 0.3177115379040023 -0.7788282836626913 -0.5408196402218585 0.106423 0.487063
-0.006615 -0.001493 0.018331 0.32221139681866173 -0.19610693642501417 -0.9261327578949803 0.125779 0.493314
-0.006586 -0.001443 0.01825 0.028200423996562207 -0.9963149797083306 -0.08100121786246592 0.374682 0.544578
-0.006609 -0.001455 0.018316 0.2061057287883486 -0.7788216476485487 -0.5924164664445304 0.072455 0.447785
-0.002835 -0.001493 0.019243 0.13530062644335067 -0.19610090794930574 -0.9712044966872295 0.09018599999999999 0.45776950000000005
-0.002823 -0.001443 0.019158 0.011800130215155389 -0.9963109943524843 -0.08500093799052612 0.324359 0.556716
-0.002833 -0.001455 0.019227 0.08660353176403945 -0.7788317614068584 -0.6212253340856965 0.046807 0.402617
0.001049 -0.001493 0.0194 -0.05670240111401383 -0.1961083043819773 -0.9789414541535828 0.062208000000000006 0.41596150000000004
0.001044 -0.001443 0.019314 -0.004900043635082856 -0.9963088721700101 -0.08570076316869403 0.272634 0.558803
0.001048 -0.001455 0.019383 -0.03630047971400915 -0.7788102920460146 -0.6262082753970394 0.03046 0.353301
0.00489 -0.001493 0.018795 -0.2465929006925821 -0.19609435452479865 -0.9490726765909557 0.042923 0.36951199999999995
0.004868 -0.001443 0.018713 -0.021600332107659253 -0.996315318465783 -0.0830012761544314 0.221496 0.550759
0.004886 -0.001455 0.01878 -0.15771200786084513 -0.7788593007103753 -0.6070462192234177 0.024056 0.301768
0.008539 -0.001493 0.017454 -0.4270120632611831 -0.19610554005976114 -0.8827249373317244 0.033064500000000004 0.3201995
0.008502 -0.001443 0.017377 -0.037400518187769266 -0.9963138040233829 -0.07720106962822962 0.172911 0.532893
0.008532 -0.001455 0.017439 -0.2731155393506796 -0.77884431360787 -0.56463212565871 0.027832 0.249989
0.011856 -0.001493 0.015426 -0.590987453469543 -0.19609583692957253 -0.7824833880540056 0.0330155 0.2699185
0.011804 -0.001443 0.015358 -0.05170054725318904 -0.9963105460029447 -0.06850072508401256 0.128744 0.505892
0.011846 -0.001455 0.015413 -0.37801631364603067 -0.7788336112897585 -0.5005216004757628 0.04164 0.199944
0.014714 -0.001493 0.01279 -0.7323172426124683 -0.19610461733757345 -0.6521153542367754 0.0427805 0.2205895
0.01465 -0.001443 0.012733 -0.06410091344452493 -0.996314197578474 -0.05700081226736226 0.090693 0.470793
0.014701 -0.001455 0.012779 -0.4684233257202708 -0.7788387832428415 -0.41712077104595424 0.064965 0.153547
0.017002 -0.001493 0.009647 -0.8454846334564291 -0.1960964359796638 -0.4966909727236053 0.0619705 0.174128
0.016928 -0.001443 0.009604 -0.07400066822905117 -0.9963089967108606 -0.04350039281032062 0.060221 0.428945
0.016988 -0.001455 0.009639 -0.5408196402218585 -0.7788282836626913 -0.3177115379040023 0.096882 0.112621
0.018633 -0.001493 0.006118 -0.9261327578949803 -0.19610693642501417 -0.32221139681866173 0.08985499999999999 0.132301
0.018553 -0.001443 0.00609 -0.08100121786246592 -0.9963149797083306 -0.028200423996562207 0.038499 0.381956
0.018618 -0.001455 0.006113 -0.5924164664445304 -0.7788216476485487 -0.2061057287883486 0.136179 0.078718
0.019545 -0.001493 0.002339 -0.9712044966872295 -0.19610090794930574 -0.13530062644335067 0.1253795 0.0967115
0.01946 -0.001443 0.002327 -0.08500093799052612 -0.9963109943524843 -0.011800130215155389 0.026361 0.331633
0.019529 -0.001455 0.002336 -0.6212253340856966 -0.7788317614068585 -0.08660353176403948 0.18137 0.053138
0.019702 -0.001493 -0.001546 -0.978941454153583 -0.19610830438197735 0.056702401114013846 0.16717100000000001 0.0687645
0.019616 -0.001443 -0.001541 -0.08570076316869403 -0.9963088721700101 0.004900043635082856 0.024274 0.279908
0.019686 -0.001455 -0.001545 -0.6262082753970394 -0.7788102920460146 0.03630047971400915 0.230654 0.036895
0.019098 -0.001493 -0.005387 -0.9490726765909557 -0.19609435452479865 0.2465929006925821 0.21354 0.049549499999999996
0.019015 -0.001443 -0.005365 -0.0830012761544314 -0.996315318465783 0.021600332107659253 0.032318 0.22877
0.019082 -0.001455 -0.005382 -0.6070462192234177 -0.7788593007103753 0.15771200786084513 0.281973 0.030592
0.017756 -0.001493 -0.009035 -0.8827249373317244 -0.19610554005976114 0.4270120632611831 0.2627515 0.039782
0.017679 -0.001443 -0.008998 -0.07720106962822962 -0.9963138040233829 0.037400518187769266 0.050184 0.180184
0.017741 -0.001455 -0.009028 -0.56463212565871 -0.77884431360787 0.2731155393506796 0.333514 0.034465
0.015728 -0.001493 -0.012352 -0.7824446123513962 -0.19611118159778732 0.5910336987470285 0.31324850000000004 0.039780499999999996
0.01566 -0.001443 -0.012301 -0.06850072508401256 -0.9963105460029447 0.05170054725318904 0.077186 0.136018
0.015715 -0.001455 -0.012343 -0.5005216004757628 -0.7788336112897585 0.37801631364603067 0.383966 0.048302
0.013092 -0.001493 -0.01521 -0.6521153542367754 -0.19610461733757345 0.7323172426124683 0.3626645 0.0496075
0.013035 -0.001443 -0.015146 -0.05700081226736226 -0.996314197578474 0.06410091344452493 0.112285 0.097967
0.013081 -0.001455 -0.015198 -0.41712077104595424 -0.7788387832428415 0.4684233257202708 0.430526 0.071664
0.009949 -0.001493 -0.017499 -0.4966909727236053 -0.1960964359796638 0.8454846334564291 0.409119 0.068815
0.009906 -0.001443 -0.017425 -0.04350039281032062 -0.9963089967108606 0.07400066822905117 0.154133 0.067495
0.009941 -0.001455 -0.017485 -0.3177115379040023 -0.7788282836626913 0.5408196402218585 0.471446 0.103537
0.00642 -0.001493 -0.01913 -0.32221139681866173 -0.19610693642501417 0.9261327578949803 0.45093099999999997 0.0967075
0.006392 -0.001443 -0.019049 -0.028200423996562207 -0.9963149797083306 0.08100121786246592 0.201121 0.045773
0.006415 -0.001455 -0.019115 -0.2061057287883486 -0.7788216476485487 0.5924164664445304 0.505349 0.142769
0.002641 -0.001493 -0.020042 -0.13530062644335067 -0.19610090794930574 0.9712044966872295 0.48650249999999995 0.1322175
0.002629 -0.001443 -0.019957 -0.011800130215155389 -0.9963109943524843 0.08500093799052612 0.251445 0.033635
0.002639 -0.001455 -0.020026 -0.08660353176403945 -0.7788317614068584 0.6212253340856965 0.530949 0.187863
-0.001244 -0.001493 -0.020198 0.05670240111401383 -0.1961083043819773 0.9789414541535828 0.514475 0.17400549999999998
-0.001239 -0.001443 -0.020113 0.004900043635082856 -0.9963088721700101 0.08570076316869403 0.303169 0.031548
-0.001243 -0.001455 -0.020182 0.03630047971400915 -0.7788102920460146 0.6262082753970394 0.547278 0.237132
-0.005084 -0.001493 -0.019594 0.2465929006925821 -0.19609435452479865 0.9490726765909557 0.5337495000000001 0.2204255
-0.005063 -0.001443 -0.019511 0.021600332107659253 -0.996315318465783 0.0830012761544314 0.354307 0.039592
-0.00508 -0.001455 -0.019579 0.15770243336732043 -0.7788120171621379 0.6071093677698175 0.553661 0.288611
-0.008733 -0.001493 -0.018252 0.4270120632611831 -0.19610554005976114 0.8827249373317244 0.543595 0.2697015
-0.008696 -0.001443 -0.018175 0.037400518187769266 -0.9963138040233829 0.07720106962822962 0.402893 0.057458
-0.008726 -0.001455 -0.018238 0.2731155393506796 -0.77884431360787 0.56463212565871 0.549867 0.340323
-0.01205 -0.001493 -0.016225 0.590987453469543 -0.19609583692957253 0.7824833880540056 0.543646 0.319942
-0.011999 -0.001443 -0.016156 0.05170054725318904 -0.9963105460029447 0.06850072508401256 0.44706 0.08446
-0.012041 -0.001455 -0.016212 0.37801631364603067 -0.7788336112897585 0.5005216004757628 0.536061 0.390281
-0.014908 -0.001493 -0.013589 0.7323172426124683 -0.19610461733757345 0.6521153542367754 0.5338995000000001 0.3692445
-0.014844 -0.001443 -0.013532 0.06410091344452493 -0.996314197578474 0.05700081226736226 0.48511 0.119559
-0.014896 -0.001455 -0.013578 0.4684233257202708 -0.7788387832428415 0.41712077104595424 0.512774 0.436621
-0.017196 -0.001493 -0.010446 0.8454846334564291 -0.1960964359796638 0.4966909727236053 0.514718 0.4157115
-0.017123 -0.001443 -0.010402 0.07400066822905117 -0.9963089967108606 0.04350039281032062 0.515582 0.161407
-0.017183 -0.001455 -0.010437 0.5408196402218585 -0.7788282836626913 0.3177115379040023 0.480878 0.477552
-0.018828 -0.001493 -0.006917 0.9261327578949803 -0.19610693642501417 0.32221139681866173 0.486843 0.457553
-0.018747 -0.001443 -0.006889 0.08100121786246592 -0.9963149797083306 0.028200423996562207 0.537305 0.208395
-0.018813 -0.001455 -0.006911 0.5924164664445304 -0.7788216476485487 0.2061057287883486 0.4416 0.511493
-0.019739 -0.001493 -0.003137 0.9712044966872295 -0.19610090794930574 0.13530062644335067 0.45133100000000004 0.493159
-0.019655 -0.001443 -0.003126 0.08500093799052612 -0.9963109943524843 0.011800130215155389 0.549442 0.258719
-0.019723 -0.001455 -0.003135 0.6212253340856966 -0.7788317614068585 0.08660353176403948 0.396434 0.53712
-0.019896 -0.001493 0.000747 0.978941454153583 -0.19610830438197735 -0.056702401114013846 0.4095355 0.5211395000000001
-0.019811 -0.001443 0.000742 0.08570076316869403 -0.9963088721700101 -0.004900043635082856 0.551529 0.310444
-0.01988 -0.001455 0.000746 0.6262082753970394 -0.7788102920460146 -0.03630047971400915 0.347141 0.553436
-0.019292 -0.001493 0.004588 0.9490726765909557 -0.19609435452479865 -0.2465929006925821 0.36307049999999996 0.5403985
-0.019209 -0.001443 0.004566 0.0830012761544314 -0.996315318465783 -0.021600332107659253 0.543485 0.361581
-0.019276 -0.001455 0.004584 0.6070462192234177 -0.7788593007103753 -0.15771200786084513 0.29563 0.559824
-0.01795 -0.001493 0.008237 0.8827249373317244 -0.19610554005976114 -0.4270120632611831 0.3137275 0.550218
-0.017873 -0.001443 0.008199 0.07720106962822962 -0.9963138040233829 -0.037400518187769266 0.525619 0.410167
-0.017936 -0.001455 0.00823 0.56463212565871 -0.77884431360787 -0.2731155393506796 0.24383 0.556047
-0.015317 -0.001493 0.012316 0.7525093499867608 -0.19610243658791202 -0.6287078117430918 0.250935 0.5486975000000001
-0.015251 -0.001443 0.012261 0.0658010419677494 -0.9963157767852391 -0.055000870945687196 0.490554 0.464481
-0.015304 -0.001455 0.012305 0.4813328424602998 -0.7788531429629784 -0.40212743809118334 0.181778 0.537284
-0.014675 -0.001493 0.013047 0.7208119331403307 -0.19610324651611938 -0.6648110060373082 0.23852600000000002 0.54655
-0.014612 -0.001443 0.012989 0.06310055087021366 -0.996308697812898 -0.05820050809265349 0.482002 0.47422
-0.014663 -0.001455 0.013036 0.46101601366935707 -0.7788270530275386 -0.42531477356524416 0.170022 0.531739
-0.013997 -0.001493 0.013746 0.6873010790635412 -0.19610030787772503 -0.6994010980605859 0.2262385 0.5437975
-0.013937 -0.001443 0.013685 0.06010086726177194 -0.9963143769201893 -0.061200883135115514 0.472983 0.483529
-0.013986 -0.001455 0.013735 0.4396318986496518 -0.778856511984415 -0.44733245738396094 0.158552 0.525624
-0.012544 -0.001493 0.015041 0.6154147916722789 -0.19610471343343175 -0.7634183489805293 0.20214100000000002 0.536503
-0.01249 -0.001443 0.014974 0.053800797064712816 -0.9963147605125163 -0.06680098966399287 0.45363 0.500763
-0.012534 -0.001455 0.015028 0.39362218320321923 -0.7788438929844185 -0.4883275204728962 0.136578 0.511746
-0.011771 -0.001493 0.015633 0.5772033651054279 -0.1961011432729979 -0.7927046214814147 0.1903895 0.531979
-0.011721 -0.001443 0.015564 0.05050084766384213 -0.9963167233165526 -0.06930116322978731 0.443343 0.508647
-0.011762 -0.001455 0.01562 0.36922084679753187 -0.7788439747722585 -0.507028627644498 0.126128 0.504017
-0.01097 -0.001493 0.016186 0.5376352243256203 -0.196112848754193 -0.8200537275800012 0.1788745 0.5268835
-0.010924 -0.001443 0.016115 0.0470008558933788 -0.9963181431185808 -0.07170130569266511 0.432681 0.516018
-0.010962 -0.001455 0.016173 0.34391772941593884 -0.7788401502446444 -0.524527040065891 0.116069 0.495783
-0.009292 -0.001493 0.017172 0.45461595502691743 -0.19610688249181368 -0.868830492141192 0.1566575 0.5150285
-0.009253 -0.001443 0.017096 0.03980052278330016 -0.9963130866583404 -0.07600099827966865 0.410338 0.529145
-0.009285 -0.001455 0.017158 0.2908150398886918 -0.7788402787665515 -0.5557287402549725 0.097215 0.477882
-0.008419 -0.001493 0.017602 0.4114865302088968 -0.1960935809816881 -0.8900708640071423 0.14601250000000002 0.5082985
-0.008383 -0.001443 0.017525 0.03600039420647485 -0.9963109096641916 -0.07790085301901087 0.39871 0.534871
-0.008412 -0.001455 0.017587 0.26321234889702955 -0.7788365399734294 -0.5693267105892056 0.088472 0.468259
-0.007526 -0.001493 0.017989 0.36729832145050645 -0.19609910382914322 -0.9091958449844826 0.135711 0.5010545
-0.007494 -0.001443 0.01791 0.03210057219779918 -0.9963177595223466 -0.07950141712539051 0.386815 0.540019
-0.00752 -0.001455 0.017974 0.23499847251489295 -0.7787949378493559 -0.5815962196368585 0.080212 0.458219
-0.005688 -0.001493 0.018628 0.2764059690513531 -0.19610423491668 -0.9408203172341282 0.11623700000000001 0.485094
-0.005664 -0.001443 0.018546 0.024200331304803358 -0.9963136396270903 -0.08230112671013703 0.36234 0.548536
-0.005683 -0.001455 0.018613 0.17680433883171306 -0.7788191124555324 -0.6018147687156387 0.065219 0.43698
-0.004747 -0.001493 0.01888 0.2299115579445341 -0.19610985869040076 -0.9532479209775115 0.1071095 0.47641600000000006
-0.004727 -0.001443 0.018797 0.020100268742389644 -0.9963133207981494 -0.083401115080363 0.349818 0.551882
-0.004743 -0.001455 0.018864 0.14710721284347292 -0.7788381873725133 -0.6097298957897038 0.058521 0.425833
-0.003796 -0.001493 0.019085 0.182913306512491 -0.196114266851282 -0.9633700829058642 0.098419 0.4673
-0.00378 -0.001443 0.019001 0.016000190563404425 -0.9963118661449891 -0.08430100403093706 0.337148 0.554612
-0.003793 -0.001455 0.019069 0.1170046287946745 -0.7788308111563461 -0.616224378318619 0.052379 0.414369
-0.001868 -0.001493 0.019353 0.08749762228442118 -0.19609467119971422 -0.976673459259362 0.0824305 0.44784550000000006
-0.00186 -0.001443 0.019268 0.007600069540954452 -0.9963091162701212 -0.0855007823357376 0.311482 0.558189
-0.001867 -0.001455 0.019337 0.05600236530984934 -0.7788328947019763 -0.624726385876123 0.041817 0.390605
-0.000897 -0.001493 0.019417 0.039499535883180045 -0.1960976958656103 -0.9797884875529065 0.0751715 0.4375525
-0.000893 -0.001443 0.019331 0.003400051443167505 -0.9963150743611134 -0.085701296670428 0.298548 0.559029
-0.000896 -0.001455 0.0194 0.025300981444105693 -0.7788302114098623 -0.626724311107551 0.037423 0.378362
7.7E-05 -0.001493 0.019432 -0.008500392259651442 -0.19610904966089973 -0.9805452483044987 0.068424 0.426916
7.6E-05 -0.001443 0.019346 -0.0007000084631534797 -0.9963120454854454 -0.08580103734081222 0.285588 0.559234
7.6E-05 -0.001455 0.019416 -0.005500166300042161 -0.7788235480859701 -0.6272189642520807 0.033633 0.365918
0.00202 -0.001493 0.019319 -0.10469778566524951 -0.19609585261657525 -0.9749793794041859 0.056538000000000005 0.4047155
0.00201 -0.001443 0.019234 -0.00920011767025751 -0.9963127429214735 -0.08530109100793104 0.259717 0.557736
0.002018 -0.001455 0.019303 -0.06700350437492061 -0.7788407344356444 -0.6236326168388133 0.027912 0.340546
0.002985 -0.001493 0.019192 -0.1522977010835531 -0.19609703993752306 -0.9686853778045823 0.051426 0.393206
0.002971 -0.001443 0.019107 -0.013300234950725624 -0.9963176001058601 -0.0847014962651474 0.246868 0.556036
0.002982 -0.001455 0.019176 -0.09740387869967627 -0.7788310136684587 -0.6196246739457846 0.025993 0.327684
0.003942 -0.001493 0.019017 -0.1997064606085027 -0.1961063441428512 -0.9600310575070736 0.046884999999999996 0.38146199999999997
0.003925 -0.001443 0.018933 -0.017500210528799003 -0.9963119857052826 -0.08400101053823522 0.234117 0.553709
0.003939 -0.001455 0.019001 -0.12770283886566233 -0.7788173133013141 -0.6141136518982242 0.024708 0.314748
0.005826 -0.001493 0.018528 -0.29290479489073884 -0.19610321023582752 -0.9358153194221693 0.039553 0.35738200000000003
0.0058 -0.001443 0.018446 -0.02560029875722976 -0.9963116270245315 -0.08190095578973114 0.209036 0.547192
0.005821 -0.001455 0.018512 -0.18730630389973837 -0.7788262118372464 -0.5986201469000716 0.024043 0.288775
0.006747 -0.001493 0.018214 -0.33841322206288404 -0.19610766207603889 -0.9203359582283457 0.0367815 0.3451005
0.006718 -0.001443 0.018134 -0.029600442529923762 -0.9963148950190217 -0.08050120350198861 0.196765 0.543019
0.006742 -0.001455 0.018199 -0.21650331469112208 -0.7788119237018286 -0.5887090132039888 0.024669 0.275794
0.007652 -0.001493 0.017856 -0.3831177042781815 -0.1961090624091657 -0.902641712037292 0.0346175 0.332696
0.007619 -0.001443 0.017777 -0.033500386261680414 -0.9963114875376774 -0.07900091088575381 0.184713 0.538249
0.007646 -0.001455 0.017841 -0.2451007095675813 -0.7788022546357907 -0.5774016715802588 0.025933 0.262854
0.009404 -0.001493 0.017008 -0.46980663841470144 -0.19610277095173043 -0.860712161948773 0.0321275 0.3076425
0.009363 -0.001443 0.016933 -0.04110055506674429 -0.9963134553040713 -0.07530101694710085 0.161385 0.526964
0.009397 -0.001455 0.016994 -0.3005180406394856 -0.7788467555741477 -0.5505330494909711 0.030359 0.237234
0.010247 -0.001493 0.016521 -0.511503319667317 -0.19610127270138977 -0.8366054295868571 0.031807 0.2950565
0.010203 -0.001443 0.016448 -0.04470067006806652 -0.9963149348728116 -0.0732010972926727 0.150164 0.520477
0.010239 -0.001455 0.016507 -0.3272128777162087 -0.7788306514834455 -0.5351210601037387 0.033508 0.224623
0.011065 -0.001493 0.015993 -0.5519112949802287 -0.19610401330969895 -0.8105165873916931 0.0321025 0.28247249999999996
0.011017 -0.001443 0.015923 -0.048300642644325605 -0.9963132560360579 -0.07090094334332682 0.139275 0.513447
0.011056 -0.001455 0.01598 -0.3530217115029067 -0.7788479006188774 -0.518431884541379 0.037271 0.212183
0.012618 -0.001493 0.01482 -0.6287078117430916 -0.196102436587912 -0.7525093499867606 0.0345445 0.257421
0.012563 -0.001443 0.014755 -0.055000870945687196 -0.9963157767852391 -0.0658010419677494 0.118596 0.497828
0.012608 -0.001455 0.014808 -0.40212743809118334 -0.7788531429629784 -0.4813328424602998 0.046607 0.187932
0.013349 -0.001493 0.014178 -0.6648110060373082 -0.19610324651611938 -0.7208119331403307 0.036685999999999996 0.24501399999999998
0.013291 -0.001443 0.014115 -0.05820050809265349 -0.996308697812898 -0.06310055087021366 0.108857 0.489276
0.013338 -0.001455 0.014166 -0.42531477356524416 -0.7788270530275386 -0.46101601366935707 0.052161 0.176174
0.014049 -0.001493 0.013501 -0.6994010980605859 -0.19610030787772503 -0.6873010790635412 0.039434 0.2327265
0.013987 -0.001443 0.013441 -0.061200883135115514 -0.9963143769201893 -0.06010086726177194 0.099548 0.480257
0.014037 -0.001455 0.013489 -0.44733245738396094 -0.778856511984415 -0.4396318986496518 0.058286 0.164702
0.015343 -0.001493 0.012047 -0.7634183489805293 -0.19610471343343175 -0.6154147916722789 0.046719 0.208633
0.015276 -0.001443 0.011993 -0.06680098966399287 -0.9963147605125163 -0.053800797064712816 0.082314 0.460904
0.01533 -0.001455 0.012037 -0.4883275204728962 -0.7788438929844185 -0.39362218320321923 0.072185 0.142736
0.015935 -0.001493 0.011275 -0.7927046214814147 -0.1961011432729979 -0.5772033651054279 0.051237000000000005 0.196886
0.015866 -0.001443 0.011224 -0.06930116322978731 -0.9963167233165526 -0.05050084766384213 0.07443 0.450617
0.015922 -0.001455 0.011265 -0.507028627644498 -0.7788439747722585 -0.36922084679753187 0.079921 0.132295
0.016488 -0.001493 0.010474 -0.8200537275800012 -0.196112848754193 -0.5376352243256203 0.0563245 0.1853745
0.016417 -0.001443 0.010427 -0.07170130569266511 -0.9963181431185808 -0.0470008558933788 0.06706 0.439955
0.016475 -0.001455 0.010465 -0.524527040065891 -0.7788401502446444 -0.34391772941593884 0.08816 0.12225
0.017474 -0.001493 0.008796 -0.868830492141192 -0.19610688249181368 -0.45461595502691743 0.0681625 0.163172
0.017399 -0.001443 0.008756 -0.07600099827966865 -0.9963130866583404 -0.03980052278330016 0.053932 0.417612
0.01746 -0.001455 0.008788 -0.5557287402549725 -0.7788402787665515 -0.2908150398886918 0.106068 0.103432
0.017904 -0.001493 0.007923 -0.8900500845274243 -0.1961110354784583 -0.41152315705959 0.0748845 0.152532
0.017827 -0.001443 0.007887 -0.07790085301901087 -0.9963109096641916 -0.03600039420647485 0.048207 0.405984
0.01789 -0.001455 0.007916 -0.5693267105892056 -0.7788365399734294 -0.26321234889702955 0.115694 0.094705
0.018291 -0.001493 0.007029 -0.9091958449844826 -0.19609910382914322 -0.36729832145050645 0.082121 0.142234
0.018212 -0.001443 0.006997 -0.07950141712539051 -0.9963177595223466 -0.03210057219779918 0.043058 0.394089
0.018276 -0.001455 0.007023 -0.5815300397100719 -0.7788402320313053 -0.2350121398656352 0.125739 0.08646
0.018931 -0.001493 0.005191 -0.9408203172341284 -0.19610423491668005 -0.2764059690513532 0.0980675 0.12276200000000001
0.018849 -0.001443 0.005167 -0.08230112671013703 -0.9963136396270903 -0.024200331304803358 0.034542 0.369614
0.018915 -0.001455 0.005187 -0.6018147687156387 -0.7788191124555324 -0.17680433883171306 0.146988 0.071498
0.019182 -0.001493 0.004251 -0.9532479209775115 -0.19610985869040076 -0.2299115579445341 0.10674049999999999 0.1136355
0.019099 -0.001443 0.004231 -0.083401115080363 -0.9963133207981494 -0.020100268742389644 0.031195 0.357092
0.019166 -0.001455 0.004247 -0.6097388629449342 -0.778849641563908 -0.14700936994079927 0.158142 0.064817
0.019387 -0.001493 0.003299 -0.9633700829058642 -0.196114266851282 -0.182913306512491 0.1158525 0.104945
0.019303 -0.001443 0.003283 -0.08430100403093706 -0.9963118661449891 -0.016000190563404425 0.028466 0.344422
0.019371 -0.001455 0.003296 -0.616224378318619 -0.7788308111563461 -0.1170046287946745 0.169612 0.058692
0.019656 -0.001493 0.001372 -0.9766734592593622 -0.19609467119971427 -0.0874976222844212 0.1353005 0.0889585
0.01957 -0.001443 0.001364 -0.0855007823357376 -0.9963091162701212 -0.007600069540954452 0.024888 0.318756
0.01964 -0.001455 0.00137 -0.624726385876123 -0.7788328947019763 -0.05600236530984934 0.193385 0.048171
0.019719 -0.001493 0.0004 -0.9797884875529065 -0.1960976958656103 -0.039499535883180045 0.1455895 0.081705
0.019633 -0.001443 0.000397 -0.085701296670428 -0.9963150743611134 -0.003400051443167505 0.024048 0.305822
0.019703 -0.001455 0.0004 -0.626724311107551 -0.7788302114098623 -0.025300981444105693 0.205625 0.043802
0.019734 -0.001493 -0.000573 -0.9805452483044987 -0.19610904966089973 0.008500392259651442 0.156222 0.074968
0.019649 -0.001443 -0.000572 -0.08580103734081222 -0.9963120454854454 0.0007000084631534797 0.023843 0.292862
0.019718 -0.001455 -0.000573 -0.6272189642520807 -0.7788235480859701 0.005500166300042161 0.218059 0.04004
0.019622 -0.001493 -0.002516 -0.9749793794041861 -0.19609585261657528 0.10469778566524952 0.1784075 0.06311
0.019537 -0.001443 -0.002507 -0.08530109100793104 -0.9963127429214735 0.00920011767025751 0.025341 0.266991
0.019605 -0.001455 -0.002514 -0.6236326168388133 -0.7788407344356444 0.06700350437492061 0.243377 0.034375
0.019494 -0.001493 -0.003481 -0.9686853778045823 -0.19609703993752306 0.1522977010835531 0.18990200000000002 0.0580165
0.019409 -0.001443 -0.003468 -0.0847014962651474 -0.9963176001058601 0.013300234950725624 0.027041 0.254142
0.019478 -0.001455 -0.003479 -0.6196246739457846 -0.7788310136684587 0.09740387869967627 0.256196 0.032483
0.019319 -0.001493 -0.004439 -0.9600310575070736 -0.1961063441428512 0.1997064606085027 0.2016225 0.0534925
0.019235 -0.001443 -0.004421 -0.08400101053823522 -0.9963119857052826 0.017500210528799003 0.029368 0.241391
0.019303 -0.001455 -0.004435 -0.6141136518982242 -0.7788173133013141 0.12770283886566233 0.269072 0.031221
0.01883 -0.001493 -0.006322 -0.9358153194221696 -0.19610321023582758 0.2929047948907389 0.2256285 0.046199000000000004
0.018748 -0.001443 -0.006297 -0.08190095578973114 -0.9963116270245315 0.02560029875722976 0.035885 0.21631
0.018814 -0.001455 -0.006318 -0.5986201469000716 -0.7788262118372464 0.18730630389973837 0.294874 0.030602
0.018516 -0.001493 -0.007244 -0.9203359582283457 -0.19610766207603889 0.33841322206288404 0.237858 0.043449
0.018436 -0.001443 -0.007214 -0.08050120350198861 -0.9963148950190217 0.029600442529923762 0.040059 0.204039
0.018501 -0.001455 -0.007238 -0.5887090132039888 -0.7788119237018286 0.21650331469112208 0.307736 0.031251
0.018158 -0.001493 -0.008149 -0.902641712037292 -0.1961090624091657 0.3831177042781815 0.250208 0.0413135
0.018079 -0.001443 -0.008116 -0.07900091088575381 -0.9963114875376774 0.033500386261680414 0.044829 0.191987
0.018143 -0.001455 -0.008143 -0.5773350048825512 -0.7788472229387335 0.24511486176461683 0.320536 0.032545
0.017311 -0.001493 -0.009901 -0.8607121619487732 -0.19610277095173048 0.46980663841470155 0.275352 0.0388535
0.017235 -0.001443 -0.00986 -0.07530101694710085 -0.9963134553040713 0.04110055506674429 0.056113 0.168659
0.017296 -0.001455 -0.009893 -0.5506027392554417 -0.778803874558914 0.3005014949986564 0.346355 0.036994
0.016823 -0.001493 -0.010744 -0.8366054295868571 -0.19610127270138977 0.511503319667317 0.2879825 0.038539500000000004
0.01675 -0.001443 -0.010699 -0.0732010972926727 -0.9963149348728116 0.04470067006806652 0.062601 0.157438
0.01681 -0.001455 -0.010735 -0.5351210601037387 -0.7788306514834455 0.3272128777162087 0.359049 0.040141
0.016295 -0.001493 -0.011562 -0.8105165873916933 -0.196104013309699 0.5519112949802288 0.300623 0.038847
0.016225 -0.001443 -0.011513 -0.07090094334332682 -0.9963132560360579 0.048300642644325605 0.06963 0.146549
0.016282 -0.001455 -0.011552 -0.518431884541379 -0.7788479006188774 0.3530217115029067 0.371593 0.04391
0.015122 -0.001493 -0.013115 -0.7525093499867608 -0.19610243658791202 0.6287078117430918 0.325803 0.041337
0.015057 -0.001443 -0.01306 -0.0658010419677494 -0.9963157767852391 0.055000870945687196 0.085249 0.12587
0.01511 -0.001455 -0.013104 -0.4813328424602998 -0.7788531429629784 0.40212743809118334 0.39609 0.053302
0.01448 -0.001493 -0.013846 -0.7208119331403307 -0.19610324651611938 0.6648110060373082 0.3382365 0.043497999999999995
0.014417 -0.001443 -0.013788 -0.06310055087021366 -0.996308697812898 0.05820050809265349 0.093801 0.116131
0.014468 -0.001455 -0.013835 -0.4610356209881695 -0.7788601770620096 0.42523285475958716 0.407896 0.058871
0.013803 -0.001493 -0.014545 -0.6873010790635412 -0.19610030787772503 0.6994010980605859 0.3505295 0.0462555
0.013743 -0.001443 -0.014484 -0.06010086726177194 -0.9963143769201893 0.061200883135115514 0.10282 0.106822
0.013791 -0.001455 -0.014534 -0.4396318986496518 -0.778856511984415 0.44733245738396094 0.419376 0.064994
0.012349 -0.001493 -0.015839 -0.6154147916722789 -0.19610471343343175 0.7634183489805293 0.374618 0.0535495
0.012296 -0.001443 -0.015773 -0.053800797064712816 -0.9963147605125163 0.06680098966399287 0.122173 0.089588
0.012339 -0.001455 -0.015827 -0.39362218320321923 -0.7788438929844185 0.4883275204728962 0.441332 0.078871
0.011577 -0.001493 -0.016432 -0.5772033651054279 -0.1961011432729979 0.7927046214814147 0.3863645 0.058073
0.011526 -0.001443 -0.016362 -0.05050084766384213 -0.9963167233165526 0.06930116322978731 0.132461 0.081704
0.011567 -0.001455 -0.016418 -0.36922084679753187 -0.7788439747722585 0.507028627644498 0.45177 0.086599
0.010776 -0.001493 -0.016985 -0.5376352243256203 -0.196112848754193 0.8200537275800012 0.39787350000000005 0.063165
0.010729 -0.001443 -0.016913 -0.0470008558933788 -0.9963181431185808 0.07170130569266511 0.143122 0.074334
0.010767 -0.001455 -0.016971 -0.34391772941593884 -0.7788401502446444 0.524527040065891 0.461817 0.094827
0.009098 -0.001493 -0.017971 -0.45461595502691743 -0.19610688249181368 0.868830492141192 0.4200725 0.0750105
0.009058 -0.001443 -0.017895 -0.03980052278330016 -0.9963130866583404 0.07600099827966865 0.165466 0.061206
0.00909 -0.001455 -0.017957 -0.2908150398886918 -0.7788402787665515 0.5557287402549725 0.480634 0.112709
0.008225 -0.001493 -0.018401 -0.4114865302088968 -0.1960935809816881 0.8900708640071423 0.43070949999999997 0.0817355
0.008189 -0.001443 -0.018323 -0.03600039420647485 -0.9963109096641916 0.07790085301901087 0.177094 0.055481
0.008218 -0.001455 -0.018386 -0.26321234889702955 -0.7788365399734294 0.5693267105892056 0.489361 0.122321
0.007331 -0.001493 -0.018788 -0.36729832145050645 -0.19609910382914322 0.9091958449844826 0.44100399999999995 0.088974
0.007299 -0.001443 -0.018708 -0.03210057219779918 -0.9963177595223466 0.07950141712539051 0.188988 0.050332
0.007325 -0.001455 -0.018773 -0.2350121398656352 -0.7788402320313053 0.5815300397100719 0.497606 0.132349
0.005493 -0.001493 -0.019427 -0.2764059690513531 -0.19610423491668 0.9408203172341282 0.4604655 0.10491800000000001
0.005469 -0.001443 -0.019345 -0.024200331304803358 -0.9963136396270903 0.08230112671013703 0.213464 0.041816
0.005489 -0.001455 -0.019412 -0.17680433883171306 -0.7788191124555324 0.6018147687156387 0.512569 0.153555
0.004553 -0.001493 -0.019679 -0.2299115579445341 -0.19610985869040076 0.9532479209775115 0.46958599999999995 0.113587
0.004533 -0.001443 -0.019595 -0.020100268742389644 -0.9963133207981494 0.083401115080363 0.225985 0.038469
0.004549 -0.001455 -0.019663 -0.14700936994079927 -0.778849641563908 0.6097388629449342 0.519252 0.164683
0.003601 -0.001493 -0.019884 -0.182913306512491 -0.196114266851282 0.9633700829058642 0.47827200000000003 0.122694
0.003585 -0.001443 -0.019799 -0.016000190563404425 -0.9963118661449891 0.08430100403093706 0.238656 0.03574
0.003598 -0.001455 -0.019868 -0.1170046287946745 -0.7788308111563461 0.616224378318619 0.525384 0.176127
0.001674 -0.001493 -0.020152 -0.08749762228442118 -0.19609467119971422 0.976673459259362 0.4942559999999999 0.14213699999999999
0.001666 -0.001443 -0.020067 -0.007600069540954452 -0.9963091162701212 0.0855007823357376 0.264322 0.032162
0.001672 -0.001455 -0.020136 -0.05600236530984934 -0.7788328947019763 0.624726385876123 0.535934 0.199864
0.000702 -0.001493 -0.020215 -0.039499535883180045 -0.1960976958656103 0.9797884875529065 0.5015155 0.1524255
0.000699 -0.001443 -0.02013 -0.003400051443167505 -0.9963150743611134 0.085701296670428 0.277256 0.031322
0.000702 -0.001455 -0.020199 -0.025300981444105693 -0.7788302114098623 0.626724311107551 0.540325 0.212097
-0.000271 -0.001493 -0.020231 0.008500392259651442 -0.19610904966089973 0.9805452483044987 0.508261 0.1630575
-0.00027 -0.001443 -0.020145 0.0007000084631534797 -0.9963120454854454 0.08580103734081222 0.290215 0.031117
-0.000271 -0.001455 -0.020214 0.005500166300042161 -0.7788235480859701 0.6272189642520807 0.544109 0.22453
-0.002214 -0.001493 -0.020118 0.10469778566524951 -0.19609585261657525 0.9749793794041859 0.5201439999999999 0.1852435
-0.002205 -0.001443 -0.020033 0.00920011767025751 -0.9963127429214735 0.08530109100793104 0.316086 0.032615
-0.002212 -0.001455 -0.020102 0.06700350437492061 -0.7788407344356444 0.6236326168388133 0.549822 0.249871
-0.003179 -0.001493 -0.019991 0.1522977010835531 -0.19609703993752306 0.9686853778045823 0.5252535 0.196745
-0.003166 -0.001443 -0.019906 0.013300234950725624 -0.9963176001058601 0.0847014962651474 0.328936 0.034315
-0.003176 -0.001455 -0.019975 0.09740387869967627 -0.7788310136684587 0.6196246739457846 0.551737 0.262717
-0.004137 -0.001493 -0.019816 0.1997064606085027 -0.1961063441428512 0.9600310575070736 0.529792 0.2084815
-0.004119 -0.001443 -0.019732 0.017500210528799003 -0.9963119857052826 0.08400101053823522 0.341686 0.036642
-0.004133 -0.001455 -0.0198 0.12770283886566233 -0.7788173133013141 0.6141136518982242 0.553017 0.27564
-0.00602 -0.001493 -0.019326 0.29290479489073884 -0.19610321023582752 0.9358153194221693 0.537115 0.2325505
-0.005995 -0.001443 -0.019245 0.02560029875722976 -0.9963116270245315 0.08190095578973114 0.366768 0.043159
-0.006015 -0.001455 -0.019311 0.18730630389973837 -0.7788262118372464 0.5986201469000716 0.553667 0.301596
-0.006942 -0.001493 -0.019013 0.33841322206288404 -0.19610766207603889 0.9203359582283457 0.5398825 0.244824
-0.006912 -0.001443 -0.018933 0.029600442529923762 -0.9963148950190217 0.08050120350198861 0.379039 0.047333
-0.006936 -0.001455 -0.018998 0.21650331469112208 -0.7788119237018286 0.5887090132039888 0.553036 0.314563
-0.007847 -0.001493 -0.018655 0.3831177042781815 -0.1961090624091657 0.902641712037292 0.542044 0.2572175
-0.007813 -0.001443 -0.018576 0.033500386261680414 -0.9963114875376774 0.07900091088575381 0.39109 0.052103
-0.007841 -0.001455 -0.01864 0.24511486176461683 -0.7788472229387335 0.5773350048825512 0.551768 0.327482
-0.009599 -0.001493 -0.017807 0.46980663841470144 -0.19610277095173043 0.860712161948773 0.544532 0.2822475
-0.009558 -0.001443 -0.017732 0.04110055506674429 -0.9963134553040713 0.07530101694710085 0.414418 0.063387
-0.009591 -0.001455 -0.017793 0.3005180406394856 -0.7788467555741477 0.5505330494909711 0.547339 0.353055
-0.010442 -0.001493 -0.01732 0.511503319667317 -0.19610127270138977 0.8366054295868571 0.544853 0.29482349999999996
-0.010397 -0.001443 -0.017247 0.04470067006806652 -0.9963149348728116 0.0732010972926727 0.425639 0.069875
-0.010433 -0.001455 -0.017306 0.3272128777162087 -0.7788306514834455 0.5351210601037387 0.544191 0.365644
-0.011259 -0.001493 -0.016792 0.5519112949802287 -0.19610401330969895 0.8105165873916931 0.5445575 0.30739700000000003
-0.011211 -0.001443 -0.016721 0.048300642644325605 -0.9963132560360579 0.07090094334332682 0.436529 0.076904
-0.01125 -0.001455 -0.016779 0.3530217115029067 -0.7788479006188774 0.518431884541379 0.540428 0.378061
-0.012812 -0.001493 -0.015619 0.6287078117430916 -0.196102436587912 0.7525093499867606 0.5421199999999999 0.3324295
-0.012758 -0.001443 -0.015553 0.055000870945687196 -0.9963157767852391 0.0658010419677494 0.457207 0.092523
-0.012802 -0.001455 -0.015607 0.40212743809118334 -0.7788531429629784 0.4813328424602998 0.5311 0.402276
-0.013544 -0.001493 -0.014977 0.6648110060373082 -0.19610324651611938 0.7208119331403307 0.539984 0.3448285
-0.013486 -0.001443 -0.014914 0.05820050809265349 -0.996308697812898 0.06310055087021366 0.466947 0.101075
-0.013533 -0.001455 -0.014965 0.42523285475958716 -0.7788601770620096 0.4610356209881695 0.525558 0.414015
-0.014243 -0.001493 -0.014299 0.6994010980605859 -0.19610030787772503 0.6873010790635412 0.5372414999999999 0.3571105
-0.014182 -0.001443 -0.014239 0.061200883135115514 -0.9963143769201893 0.06010086726177194 0.476255 0.110094
-0.014231 -0.001455 -0.014288 0.44733245738396094 -0.778856511984415 0.4396318986496518 0.519444 0.425472
-0.015537 -0.001493 -0.012846 0.7634183489805293 -0.19610471343343175 0.6154147916722789 0.529965 0.3812
-0.015471 -0.001443 -0.012792 0.06680098966399287 -0.9963147605125163 0.053800797064712816 0.49349 0.129447
-0.015525 -0.001455 -0.012836 0.4883275204728962 -0.7788438929844185 0.39362218320321923 0.505563 0.447429
-0.016129 -0.001493 -0.012073 0.7927046214814147 -0.1961011432729979 0.5772033651054279 0.5254485 0.3929475
-0.01606 -0.001443 -0.012023 0.06930116322978731 -0.9963167233165526 0.05050084766384213 0.501373 0.139735
-0.016116 -0.001455 -0.012064 0.507028627644498 -0.7788439747722585 0.36922084679753187 0.49783 0.457869
-0.016683 -0.001493 -0.011273 0.8200537275800012 -0.196112848754193 0.5376352243256203 0.5203625000000001 0.4044605
-0.016611 -0.001443 -0.011226 0.07170130569266511 -0.9963181431185808 0.0470008558933788 0.508744 0.150397
-0.016669 -0.001455 -0.011264 0.524527040065891 -0.7788401502446444 0.34391772941593884 0.489595 0.467918
-0.017669 -0.001493 -0.009595 0.868830492141192 -0.19610688249181368 0.45461595502691743 0.5085284999999999 0.4266715
-0.017593 -0.001443 -0.009555 0.07600099827966865 -0.9963130866583404 0.03980052278330016 0.521871 0.17274
-0.017654 -0.001455 -0.009587 0.5557287402549725 -0.7788402787665515 0.2908150398886918 0.471698 0.486747
-0.018099 -0.001493 -0.008721 0.8900500845274243 -0.1961110354784583 0.41152315705959 0.501808 0.43731549999999997
-0.018021 -0.001443 -0.008685 0.07790085301901087 -0.9963109096641916 0.03600039420647485 0.527597 0.184368
-0.018084 -0.001455 -0.008714 0.5693267105892056 -0.7788365399734294 0.26321234889702955 0.462075 0.495483
-0.018485 -0.001493 -0.007828 0.9091785064076 -0.1961169344478389 0.36733171862667635 0.49457399999999996 0.44761799999999996
-0.018406 -0.001443 -0.007796 0.07950141712539051 -0.9963177595223466 0.03210057219779918 0.532745 0.196263
-0.01847 -0.001455 -0.007822 0.5815300397100719 -0.7788402320313053 0.2350121398656352 0.452035 0.503739
-0.019125 -0.001493 -0.00599 0.9408203172341284 -0.19610423491668005 0.2764059690513532 0.478633 0.467097
-0.019043 -0.001443 -0.005966 0.08230112671013703 -0.9963136396270903 0.024200331304803358 0.541262 0.220738
-0.01911 -0.001455 -0.005985 0.6018147687156387 -0.7788191124555324 0.17680433883171306 0.430796 0.518724
-0.019376 -0.001493 -0.005049 0.9532479209775115 -0.19610985869040076 0.2299115579445341 0.4699635 0.476227
-0.019293 -0.001443 -0.005029 0.083401115080363 -0.9963133207981494 0.020100268742389644 0.544609 0.233259
-0.019361 -0.001455 -0.005046 0.6097388629449342 -0.778849641563908 0.14700936994079927 0.419649 0.525416
-0.019581 -0.001493 -0.004098 0.9633700829058642 -0.196114266851282 0.182913306512491 0.4608555 0.4849215
-0.019497 -0.001443 -0.004082 0.08430100403093706 -0.9963118661449891 0.016000190563404425 0.547338 0.24593
-0.019565 -0.001455 -0.004095 0.616224378318619 -0.7788308111563461 0.1170046287946745 0.408186 0.531552
-0.01985 -0.001493 -0.00217 0.9766734592593622 -0.19609467119971427 0.0874976222844212 0.441411 0.5009184999999999
-0.019765 -0.001443 -0.002163 0.0855007823357376 -0.9963091162701212 0.007600069540954452 0.550916 0.271596
-0.019834 -0.001455 -0.002169 0.624726385876123 -0.7788328947019763 0.05600236530984934 0.384423 0.542103
-0.019913 -0.001493 -0.001199 0.9797884875529065 -0.1960976958656103 0.039499535883180045 0.43112199999999995 0.5081800000000001
-0.019828 -0.001443 -0.001195 0.085701296670428 -0.9963150743611134 0.003400051443167505 0.551755 0.28453
-0.019897 -0.001455 -0.001198 0.626724311107551 -0.7788302114098623 0.025300981444105693 0.372183 0.54649
-0.019929 -0.001493 -0.000226 0.9805452483044987 -0.19610904966089973 -0.008500392259651442 0.4204885 0.514926
-0.019843 -0.001443 -0.000226 0.08580103734081222 -0.9963120454854454 -0.0007000084631534797 0.55196 0.29749
-0.019912 -0.001455 -0.000226 0.6272189642520807 -0.7788235480859701 -0.005500166300042161 0.359746 0.550271
-0.019816 -0.001493 0.001717 0.9749793794041861 -0.19609585261657528 -0.10469778566524952 0.39829000000000003 0.5268055
-0.019731 -0.001443 0.001708 0.08530109100793104 -0.9963127429214735 -0.00920011767025751 0.550462 0.323361
-0.0198 -0.001455 0.001716 0.6236326168388133 -0.7788407344356444 -0.06700350437492061 0.334399 0.555978
-0.019688 -0.001493 0.002682 0.9686853778045823 -0.19609703993752306 -0.1522977010835531 0.386779 0.531911
-0.019604 -0.001443 0.002669 0.0847014962651474 -0.9963176001058601 -0.013300234950725624 0.548762 0.33621
-0.019672 -0.001455 0.00268 0.6196246739457846 -0.7788310136684587 -0.09740387869967627 0.321547 0.557893
-0.019514 -0.001493 0.00364 0.9600310575070736 -0.1961063441428512 -0.1997064606085027 0.37503049999999993 0.536446
-0.01943 -0.001443 0.003623 0.08400101053823522 -0.9963119857052826 -0.017500210528799003 0.546435 0.34896
-0.019498 -0.001455 0.003637 0.6141136518982242 -0.7788173133013141 -0.12770283886566233 0.308615 0.559176
-0.019024 -0.001493 0.005524 0.9358153194221696 -0.19610321023582758 -0.2929047948907389 0.350931 0.5437575
-0.018943 -0.001443 0.005498 0.08190095578973114 -0.9963116270245315 -0.02560029875722976 0.539918 0.374042
-0.019009 -0.001455 0.005519 0.5986201469000716 -0.7788262118372464 -0.18730630389973837 0.282626 0.559833
-0.018711 -0.001493 0.006445 0.9203359582283457 -0.19610766207603889 -0.33841322206288404 0.33864000000000005 0.5465180000000001
-0.01863 -0.001443 0.006416 0.08050120350198861 -0.9963148950190217 -0.029600442529923762 0.535745 0.386313
-0.018695 -0.001455 0.00644 0.5887090132039888 -0.7788119237018286 -0.21650331469112208 0.269636 0.559205
-0.018352 -0.001493 0.00735 0.902641712037292 -0.1961090624091657 -0.3831177042781815 0.326229 0.548673
-0.018274 -0.001443 0.007317 0.07900091088575381 -0.9963114875376774 -0.033500386261680414 0.530975 0.398364
-0.018338 -0.001455 0.007344 0.5774016715802588 -0.7788022546357907 -0.2451007095675813 0.256693 0.557943
-0.017505 -0.001493 0.009102 0.8607121619487732 -0.19610277095173048 -0.46980663841470155 0.301166 0.551146
-0.01743 -0.001443 0.009061 0.07530101694710085 -0.9963134553040713 -0.04110055506674429 0.51969 0.421692
-0.017491 -0.001455 0.009095 0.5505330494909711 -0.7788467555741477 -0.3005180406394856 0.231076 0.553519
-0.017018 -0.001493 0.009945 0.8366054295868571 -0.19610127270138977 -0.511503319667317 0.288576 0.55146
-0.016945 -0.001443 0.0099 0.0732010972926727 -0.9963149348728116 -0.04470067006806652 0.513202 0.432913
-0.017004 -0.001455 0.009937 0.5351210601037387 -0.7788306514834455 -0.3272128777162087 0.218464 0.550375
-0.01649 -0.001493 0.010763 0.8105165873916933 -0.196104013309699 -0.5519112949802288 0.27598849999999997 0.5511565
-0.016419 -0.001443 0.010715 0.07090094334332682 -0.9963132560360579 -0.048300642644325605 0.506173 0.443802
-0.016476 -0.001455 0.010754 0.518431884541379 -0.7788479006188774 -0.3530217115029067 0.206026 0.546616
-0.016896 -0.00181 0.012289 0 -1 0 0.651138 0.48813049999999997
-0.016951 -0.00181 0.01233 -0.2020975283623421 -0.9673881689150408 0.15269813251325898 0.966377 0.399466
-0.017014 -0.001766 0.012379 -0.5372299003621802 -0.7394411547427328 0.4057225811186458 0.967239 0.399466
-0.017051 -0.0017 0.012406 -0.7344306814825918 -0.3910163350486021 0.5547231740446537 0.967991 0.399466
-0.014098 -0.00181 0.015322 0 -1 0 0.623159 0.47470999999999997
-0.014227 -0.0017 0.015468 -0.6121218225319668 -0.39101393989544037 0.6873245035553354 0.967991 0.368586
-0.014197 -0.001766 0.015433 -0.44770996389612105 -0.7394164558963411 0.5028111901875579 0.967239 0.368586
-0.014143 -0.00181 0.015374 -0.16839848778836944 -0.9673913128650155 0.1891983010068854 0.966377 0.368586
-0.010761 -0.00181 0.017752 0 -1 0 0.5953259999999999 0.45579749999999997
-0.01086 -0.0017 0.017919 -0.4662313108150519 -0.39102626025029025 0.7935532928608832 0.967991 0.337707
-0.010837 -0.001766 0.01788 -0.3410242954362412 -0.7394526804855035 0.5804413521149395 0.967239 0.337707
-0.010796 -0.00181 0.017811 -0.12829857525223268 -0.9673892572019478 0.2183975747083992 0.966377 0.337707
-0.007015 -0.00181 0.019483 0 -1 0 0.5687030000000001 0.43152700000000005
-0.007079 -0.0017 0.019667 -0.30239860140970276 -0.39099819163754557 0.8692959795153922 0.967991 0.306827
-0.007064 -0.001766 0.019624 -0.22121289266308758 -0.7394430959994889 0.6358370576636124 0.967239 0.306827
-0.007038 -0.00181 0.019548 -0.08319993177608391 -0.9673992067329757 0.23919980385624126 0.966377 0.306827
-0.003004 -0.00181 0.020451 0 -1 0 0.5443125000000001 0.402238
-0.00303 -0.0017 0.020644 -0.12699844046872652 -0.3909951986084415 0.9115888057581976 0.967991 0.275948
-0.003024 -0.001766 0.020598 -0.09290162532815281 -0.7394129361424778 0.6668116659721453 0.967239 0.275948
-0.003013 -0.00181 0.020519 -0.034899448942051776 -0.9673847251157848 0.2508960383828307 0.966376 0.275948
0.00112 -0.00181 0.020617 0 -1 0 0.5230885 0.36846100000000004
0.001131 -0.0017 0.020811 0.053202535693278145 -0.39101863639232626 0.9188437931387963 0.967991 0.245068
0.001129 -0.001766 0.020766 0.038901089634781214 -0.7394207114641962 0.6721188263119913 0.967239 0.245068
0.001124 -0.00181 0.020686 0.014599749397452372 -0.9673833950065359 0.25289565908326744 0.966377 0.245068
0.005197 -0.00181 0.019976 0 -1 0 0.5058435 0.3308965
0.005246 -0.0017 0.020164 0.23140560008328384 -0.3910094625434917 0.8908215581425638 0.967991 0.214188
0.005234 -0.001766 0.02012 0.1693036053586646 -0.7394157460259692 0.6516138762652441 0.967239 0.214188
0.005214 -0.00181 0.020043 0.06369861488867871 -0.9673789645731206 0.2451946682999061 0.966377 0.214189
0.00907 -0.00181 0.018552 0 -1 0 0.49324199999999996 0.2903945
0.009155 -0.0017 0.018727 0.40081324910092714 -0.3910129251458646 0.8285273874254445 0.967991 0.183309
0.009135 -0.001766 0.018686 0.29321252044194007 -0.7394315744023549 0.6060258778574886 0.967239 0.183309
0.0091 -0.00181 0.018614 0.1102992913293298 -0.9673937845149017 0.22799853511411783 0.966376 0.183309
0.012591 -0.00181 0.016399 0 -1 0 0.4857675 0.247919
0.012708 -0.0017 0.016554 0.5547231740446537 -0.3910163350486021 0.7344306814825918 0.967991 0.152429
0.012681 -0.001766 0.016518 0.4057225811186458 -0.7394411547427328 0.5372299003621802 0.967239 0.152429
0.012633 -0.00181 0.016454 0.15269813251325898 -0.9673881689150408 0.2020975283623421 0.966376 0.152429
0.015624 -0.00181 0.013601 0 -1 0 0.4837055 0.204507
0.01577 -0.0017 0.01373 0.6873245035553354 -0.39101393989544037 0.6121218225319668 0.967991 0.12155
0.015736 -0.001766 0.0137 0.5028111901875579 -0.7394164558963411 0.44770996389612105 0.967239 0.12155
0.015676 -0.00181 0.013647 0.18919511409926676 -0.9673750178627413 0.16849564865605945 0.966376 0.12155
0.018054 -0.00181 0.010265 0 -1 0 0.4871345 0.1612295
0.018221 -0.0017 0.010363 0.7935532928608832 -0.39102626025029025 0.4662313108150519 0.967991 0.09067
0.018182 -0.001766 0.01034 0.5804413521149395 -0.7394526804855035 0.3410242954362412 0.967239 0.09067
0.018113 -0.00181 0.0103 0.2183975747083992 -0.9673892572019478 0.12829857525223268 0.966376 0.09067
0.019785 -0.00181 0.006519 0 -1 0 0.49591949999999996 0.11915200000000001
0.019969 -0.0017 0.006583 0.8692959795153922 -0.39099819163754557 0.30239860140970276 0.967991 0.059791
0.019926 -0.001766 0.006568 0.6358370576636124 -0.7394430959994889 0.22121289266308758 0.967239 0.059791
0.01985 -0.00181 0.006541 0.2391998038562412 -0.9673992067329755 0.0831999317760839 0.966376 0.059791
0.020753 -0.00181 0.002507 0 -1 0 0.509722 0.07927999999999999
0.020946 -0.0017 0.002534 0.9115888057581976 -0.3909951986084415 0.12699844046872652 0.967991 0.028911
0.0209 -0.001766 0.002528 0.6668116659721453 -0.7394129361424778 0.09290162532815281 0.967239 0.028911
0.020821 -0.00181 0.002517 0.2508960383828307 -0.9673847251157848 0.034899448942051776 0.966376 0.028911
0.020919 -0.00181 -0.001617 0 -1 0 0.5280699999999999 0.5366345
0.021114 -0.0017 -0.001628 0.9188437931387963 -0.39101863639232626 -0.053202535693278145 0.967991 0.986179
0.021068 -0.001766 -0.001625 0.6721188263119913 -0.7394207114641962 -0.038901089634781214 0.967239 0.986179
0.020988 -0.00181 -0.00162 0.25289565908326744 -0.9673833950065359 -0.014599749397452372 0.966376 0.986179
0.020278 -0.00181 -0.005693 0 -1 0 0.5502515 0.5039825
0.020466 -0.0017 -0.005742 0.8908215581425638 -0.3910094625434917 -0.23140560008328384 0.967991 0.955299
0.020422 -0.001766 -0.005731 0.6516138762652441 -0.7394157460259692 -0.1693036053586646 0.967239 0.955299
0.020345 -0.00181 -0.005711 0.2451946682999061 -0.9673789645731206 -0.06369861488867871 0.966376 0.955299
0.018854 -0.00181 -0.009567 0 -1 0 0.5753315 0.4759905
0.019029 -0.0017 -0.009651 0.8285273874254445 -0.3910129251458646 -0.40081324910092714 0.967991 0.92442
0.018988 -0.001766 -0.009631 0.6060258778574886 -0.7394315744023549 -0.29321252044194007 0.967239 0.92442
0.018916 -0.00181 -0.009597 0.22799853511411783 -0.9673937845149017 -0.1102992913293298 0.966376 0.92442
0.016701 -0.00181 -0.013088 0 -1 0 0.6023759999999999 0.453117
0.016856 -0.0017 -0.013205 0.7344306814825918 -0.3910163350486021 -0.5547231740446537 0.967991 0.89354
0.01682 -0.001766 -0.013177 0.5372299003621802 -0.7394411547427328 -0.4057225811186458 0.967239 0.89354
0.016756 -0.00181 -0.013129 0.2020975283623421 -0.9673881689150408 -0.15269813251325898 0.966377 0.89354
0.013903 -0.00181 -0.016121 0 -1 0 0.630355 0.4356565
0.014032 -0.0017 -0.016266 0.6121218225319668 -0.39101393989544037 -0.6873245035553354 0.967991 0.86266
0.014002 -0.001766 -0.016232 0.44770996389612105 -0.7394164558963411 -0.5028111901875579 0.967239 0.86266
0.013949 -0.00181 -0.016172 0.16839848778836944 -0.9673913128650155 -0.1891983010068854 0.966377 0.862661
0.010567 -0.00181 -0.01855 0 -1 0 0.6581905 0.42368900000000004
0.010666 -0.0017 -0.018718 0.4662313108150519 -0.39102626025029025 -0.7935532928608832 0.967991 0.831781
0.010642 -0.001766 -0.018679 0.3410242954362412 -0.7394526804855035 -0.5804413521149395 0.967239 0.831781
0.010602 -0.00181 -0.01861 0.12829857525223268 -0.9673892572019478 -0.2183975747083992 0.966377 0.831781
0.006821 -0.00181 -0.020282 0 -1 0 0.6848165 0.41707999999999995
0.006885 -0.0017 -0.020466 0.30239860140970276 -0.39099819163754557 -0.8692959795153922 0.967991 0.800901
0.00687 -0.001766 -0.020423 0.22121289266308758 -0.7394430959994889 -0.6358370576636124 0.967239 0.800901
0.006844 -0.00181 -0.020347 0.08319993177608391 -0.9673992067329757 -0.23919980385624126 0.966377 0.800901
0.002809 -0.00181 -0.02125 0 -1 0 0.7092109999999999 0.415492
0.002836 -0.0017 -0.021442 0.12699844046872652 -0.3909951986084415 -0.9115888057581976 0.967991 0.770022
0.00283 -0.001766 -0.021397 0.09290162532815281 -0.7394129361424778 -0.6668116659721453 0.967239 0.770022
0.002819 -0.00181 -0.021318 0.034899448942051776 -0.9673847251157848 -0.2508960383828307 0.966376 0.770022
-0.001314 -0.00181 -0.021416 0 -1 0 0.7304375 0.4183935
-0.001326 -0.0017 -0.02161 -0.053202535693278145 -0.39101863639232626 -0.9188437931387963 0.967991 0.739142
-0.001323 -0.001766 -0.021565 -0.038901089634781214 -0.7394207114641962 -0.6721188263119913 0.967239 0.739142
-0.001318 -0.00181 -0.021485 -0.014600118553443982 -0.9674078553836787 -0.25280205276100265 0.966377 0.739142
-0.005391 -0.00181 -0.020775 0 -1 0 0.74768 0.425078
-0.00544 -0.0017 -0.020963 -0.23140560008328384 -0.3910094625434917 -0.8908215581425638 0.967991 0.708263
-0.005429 -0.001766 -0.020919 -0.1693036053586646 -0.7394157460259692 -0.6516138762652441 0.967239 0.708263
-0.005408 -0.00181 -0.020841 -0.06370017644973315 -0.9674026797091341 -0.24510067892982093 0.966376 0.708263
-0.009264 -0.00181 -0.01935 0 -1 0 0.76028 0.4346975
-0.009349 -0.0017 -0.019526 -0.40081324910092714 -0.3910129251458646 -0.8285273874254445 0.967991 0.677383
-0.009329 -0.001766 -0.019484 -0.29321252044194007 -0.7394315744023549 -0.6060258778574886 0.967239 0.677383
-0.009294 -0.00181 -0.019412 -0.1102992913293298 -0.9673937845149017 -0.22799853511411783 0.966377 0.677383
-0.012785 -0.00181 -0.017198 0 -1 0 0.7677554999999999 0.44629399999999997
-0.012903 -0.0017 -0.017353 -0.5547231740446537 -0.3910163350486021 -0.7344306814825918 0.967991 0.646503
-0.012875 -0.001766 -0.017317 -0.4057225811186458 -0.7394411547427328 -0.5372299003621802 0.967239 0.646503
-0.012827 -0.00181 -0.017253 -0.15269813251325898 -0.9673881689150408 -0.2020975283623421 0.966377 0.646503
-0.015819 -0.00181 -0.0144 0 -1 0 0.769817 0.45882999999999996
-0.015964 -0.0017 -0.014529 -0.6873245035553354 -0.39101393989544037 -0.6121218225319668 0.967991 0.615623
-0.01593 -0.001766 -0.014499 -0.5028111901875579 -0.7394164558963411 -0.44770996389612105 0.967239 0.615623
-0.01587 -0.00181 -0.014445 -0.1891018787364979 -0.967409611262232 -0.16840167307893308 0.966377 0.615623
-0.018248 -0.00181 -0.011064 0 -1 0 0.7663855 0.4712315
-0.018416 -0.0017 -0.011162 -0.7935532928608832 -0.39102626025029025 -0.4662313108150519 0.967991 0.584744
-0.018376 -0.001766 -0.011139 -0.5804413521149395 -0.7394526804855035 -0.3410242954362412 0.967239 0.584744
-0.018307 -0.00181 -0.011098 -0.2183975747083992 -0.9673892572019478 -0.12829857525223268 0.966377 0.584744
-0.01998 -0.00181 -0.007318 0 -1 0 0.7575975 0.482426
-0.020164 -0.0017 -0.007381 -0.8692959795153922 -0.39099819163754557 -0.30239860140970276 0.967991 0.553864
-0.02012 -0.001766 -0.007367 -0.6358370576636124 -0.7394430959994889 -0.22121289266308758 0.967239 0.553864
-0.020045 -0.00181 -0.00734 -0.2391998038562412 -0.9673992067329755 -0.0831999317760839 0.966377 0.553864
-0.020948 -0.00181 -0.003306 0 -1 0 0.7437935 0.4914095
-0.02114 -0.0017 -0.003333 -0.9115888057581976 -0.3909951986084415 -0.12699844046872652 0.967991 0.522984
-0.021095 -0.001766 -0.003326 -0.6668116659721453 -0.7394129361424778 -0.09290162532815281 0.967239 0.522984
-0.021016 -0.00181 -0.003315 -0.2508023312185031 -0.9674089921083727 -0.034900324400022956 0.966376 0.522984
-0.021114 -0.00181 0.000818 0 -1 0 0.7254489999999999 0.4972435
-0.021308 -0.0017 0.000829 -0.9188593643431479 -0.39098270917202177 0.05319764738606536 0.967991 0.492104
-0.021262 -0.001766 0.000826 -0.6721188263119913 -0.7394207114641962 0.038901089634781214 0.967239 0.492104
-0.021183 -0.00181 0.000822 -0.25280205276100265 -0.9674078553836787 0.014600118553443982 0.966376 0.492104
-0.020473 -0.00181 0.004895 0 -1 0 0.703271 0.4990184999999999
-0.020661 -0.0017 0.004943 -0.8908215581425638 -0.3910094625434917 0.23140560008328384 0.967991 0.461225
-0.020617 -0.001766 0.004932 -0.6516138762652441 -0.7394157460259692 0.1693036053586646 0.967239 0.461225
-0.020539 -0.00181 0.004912 -0.24510067892982093 -0.9674026797091341 0.06370017644973315 0.966377 0.461225
-0.019048 -0.00181 0.008768 0 -1 0 0.6781879999999999 0.49613550000000006
-0.019223 -0.0017 0.008853 -0.8285273874254445 -0.3910129251458646 0.40081324910092714 0.967991 0.430345
-0.019182 -0.001766 0.008833 -0.6060258778574886 -0.7394315744023549 0.29321252044194007 0.967239 0.430345
-0.01911 -0.00181 0.008798 -0.22799853511411783 -0.9673937845149017 0.1102992913293298 0.966376 0.430345
-0.016253 -0.00181 0.013098 0 -1 0 0.6441884999999999 0.48528950000000004
-0.016402 -0.0017 0.013223 -0.7063145855467889 -0.39100807440010543 0.5901121859424608 0.967991 0.391746
-0.016367 -0.001766 0.013193 -0.5166344916700343 -0.7394493672876953 0.43162881650171664 0.967239 0.391746
-0.016306 -0.00181 0.013142 -0.19430106768730038 -0.9674053159068163 0.16240089239535554 0.966376 0.391746
-0.015571 -0.00181 0.013874 0 -1 0 0.6371975 0.4821065
-0.015714 -0.0017 0.014006 -0.6765306982769174 -0.39101774283263074 0.6240283159272675 0.967991 0.384026
-0.015681 -0.001766 0.013975 -0.49483949966535784 -0.739459025975274 0.456436434210326 0.967239 0.384026
-0.015622 -0.00181 0.013921 -0.18619868823486208 -0.9673931847390203 0.17169879038628258 0.966377 0.384026
-0.014852 -0.00181 0.014616 0 -1 0 0.6301825000000001 0.4785805
-0.014988 -0.0017 0.014755 -0.645091207466763 -0.3909946707789557 0.6564910520879397 0.967991 0.376306
-0.014956 -0.001766 0.014723 -0.47184633522594294 -0.7394726160789787 0.4801471503645087 0.967239 0.376306
-0.0149 -0.00181 0.014665 -0.177501298426747 -0.9674070766086482 0.18060132110349583 0.966376 0.376306
-0.013309 -0.00181 0.01599 0 -1 0 0.6161454999999999 0.470495
-0.013431 -0.0017 0.016142 -0.5775947092566948 -0.3909964184892099 0.7165934360341888 0.967991 0.360867
-0.013403 -0.001766 0.016106 -0.4225212491279414 -0.7394371872312423 0.5241263589774061 0.967239 0.360867
-0.013352 -0.00181 0.016044 -0.15890001509550214 -0.967400091903013 0.19720001873400264 0.966377 0.360867
-0.012489 -0.00181 0.016619 0 -1 0 0.6091575 0.4659365
-0.012604 -0.0017 0.016776 -0.5418096876438233 -0.3910069912675064 0.7440133030767896 0.967991 0.353147
-0.012577 -0.001766 0.016739 -0.3963159143850696 -0.7394296923954591 0.5442218536673098 0.967239 0.353147
-0.01253 -0.00181 0.016674 -0.14910032354805317 -0.9674020992648331 0.20470044420044586 0.966377 0.353147
-0.011639 -0.00181 0.017206 0 -1 0 0.6022120000000001 0.4610365
-0.011746 -0.0017 0.017369 -0.5046150756005787 -0.39101168164848643 0.7697229958180052 0.967991 0.345427
-0.011721 -0.001766 0.017331 -0.3691154717992575 -0.7394309938996776 0.563023599628778 0.967239 0.345427
-0.011677 -0.00181 0.017264 -0.13889894367754999 -0.9673926430069248 0.21179838927937428 0.966376 0.345427
-0.009858 -0.00181 0.018253 0 -1 0 0.588516 0.45022249999999997
-0.009948 -0.0017 0.018425 -0.4267012502364948 -0.3910011456350351 0.8155023894255016 0.967991 0.329987
-0.009927 -0.001766 0.018385 -0.31211076488592454 -0.7394255032254168 0.5965205743494201 0.967239 0.329987
-0.00989 -0.00181 0.018314 -0.11739994834403408 -0.9673995743442808 0.22439990126406512 0.966376 0.329987
-0.008931 -0.00181 0.018709 0 -1 0 0.5817979999999999 0.4443155
-0.009013 -0.0017 0.018886 -0.38621456056340503 -0.39101474153363897 0.8354314963611305 0.967991 0.322267
-0.008993 -0.001766 0.018844 -0.28250539307943134 -0.7394141155502001 0.6111116662330637 0.967239 0.322267
-0.00896 -0.00181 0.018772 -0.10629912516179986 -0.9673920383962858 0.22989810794635734 0.966377 0.322267
-0.007983 -0.00181 0.01912 0 -1 0 0.5751885 0.438082
-0.008056 -0.0017 0.0193 -0.3447897254192715 -0.3909883487208096 0.8533745698167237 0.967991 0.314547
-0.008038 -0.001766 0.019258 -0.25220720818501635 -0.7394211329579742 0.6242178404008216 0.967239 0.314547
-0.008008 -0.00181 0.019184 -0.09490000901550127 -0.967400091903013 0.23480002230600316 0.966377 0.314547
-0.006032 -0.00181 0.019799 0 -1 0 0.562358 0.424658
-0.006086 -0.0017 0.019985 -0.2593954645099542 -0.39099316354430264 0.883084559401467 0.967991 0.299108
-0.006073 -0.001766 0.019942 -0.1897108840256338 -0.7394424230287486 0.6459370584720974 0.967239 0.299108
-0.006051 -0.00181 0.019865 -0.07139965299852964 -0.9673952984702741 0.24299881902860923 0.966376 0.299108
-0.005033 -0.00181 0.020066 0 -1 0 0.556168 0.417481
-0.005079 -0.0017 0.020255 -0.21580661133680898 -0.39101197883546024 0.8947274103940825 0.967991 0.291388
-0.005068 -0.001766 0.02021 -0.157811634302537 -0.7394545145962982 0.6544482477032967 0.967239 0.291388
-0.005049 -0.00181 0.020132 -0.05939983486868859 -0.9673973106392145 0.24619931556685407 0.966376 0.291388
-0.004023 -0.00181 0.020283 0 -1 0 0.550148 0.41000499999999995
-0.004059 -0.0017 0.020474 -0.17170519158495257 -0.3910118224211791 0.9042273397269314 0.967991 0.283668
-0.004051 -0.001766 0.020429 -0.12560391387893566 -0.7394230407809317 0.6614206101873251 0.967239 0.283668
-0.004036 -0.00181 0.020351 -0.04720018785712151 -0.9674038502749862 0.24880099022991167 0.966376 0.283668
-0.001977 -0.00181 0.020568 0 -1 0 0.5386755 0.3941895
-0.001994 -0.0017 0.020762 -0.08210162973352549 -0.3910077615811019 0.9167181970368186 0.967991 0.268228
-0.00199 -0.001766 0.020717 -0.06010316691929968 -0.739438962065394 0.6705353314374448 0.967239 0.268228
-0.001983 -0.00181 0.020637 -0.022599674454034213 -0.9673860649041017 0.252296365697028 0.966377 0.268228
-0.000946 -0.00181 0.020635 0 -1 0 0.533251 0.38587000000000005
-0.000954 -0.0017 0.02083 -0.03710145496208506 -0.3910153339669882 0.9196360642354022 0.967991 0.260508
-0.000952 -0.001766 0.020784 -0.027100378594933475 -0.739410329634458 0.6727093978159316 0.967239 0.260508
-0.000949 -0.00181 0.020704 -0.010199865311667833 -0.9673872257360256 0.25309665788069885 0.966376 0.260508
8.7E-05 -0.00181 0.020652 0 -1 0 0.5280509999999999 0.37729
8.9E-05 -0.0017 0.020846 0.00800041167177413 -0.3910201204579606 0.9203473576917164 0.967991 0.252788
8.9E-05 -0.001766 0.0208 0.005900161047093701 -0.739420182749336 0.6732183757463525 0.967239 0.252788
8.8E-05 -0.00181 0.02072 0.00219996866166962 -0.9673862196814503 0.25329639181859764 0.966377 0.252788
0.00215 -0.00181 0.020532 0 -1 0 0.5183755 0.359394
0.00217 -0.0017 0.020726 0.09830236420028887 -0.3910094038892467 0.9151220089489761 0.967991 0.237348
0.002166 -0.001766 0.02068 0.07190077904916152 -0.7394080115292075 0.6694072530668806 0.967239 0.237348
0.002157 -0.00181 0.020601 0.027000067500253126 -0.9674024185090695 0.25180062950236065 0.966376 0.237348
0.003174 -0.00181 0.020397 0 -1 0 0.5139235 0.350102
0.003204 -0.0017 0.020589 0.14300181327448852 -0.39100495797430085 0.9092115288752796 0.967991 0.229628
0.003197 -0.001766 0.020544 0.10460635398291726 -0.7394449152482697 0.6650403957804969 0.967239 0.229628
0.003185 -0.00181 0.020465 0.0392998567522832 -0.9673964738462791 0.25019908802598617 0.966377 0.229628
0.004191 -0.00181 0.020211 0 -1 0 0.509743 0.3405985
0.00423 -0.0017 0.020402 0.18740178313644987 -0.3910037204180998 0.9011085740888739 0.967991 0.221908
0.004221 -0.001766 0.020357 0.13710537600719194 -0.7394289935792685 0.6591258448310737 0.967239 0.221908
0.004205 -0.00181 0.020279 0.051599243560634056 -0.9673858182278563 0.24799636439994663 0.966376 0.221908
0.00619 -0.00181 0.019692 0 -1 0 0.502236 0.3210105
0.006248 -0.0017 0.019877 0.27489483614900395 -0.3909926552719555 0.8783834997209352 0.967991 0.206469
0.006235 -0.001766 0.019834 0.20110404022075246 -0.7394148549936567 0.6425129082139903 0.967239 0.206469
0.006211 -0.00181 0.019757 0.07569954050518368 -0.967394127935465 0.24169853289435794 0.966377 0.206469
0.007168 -0.00181 0.019359 0 -1 0 0.498928 0.3109545
0.007235 -0.0017 0.019541 0.31761569060268324 -0.391019316831389 0.8638426748822348 0.967991 0.198749
0.00722 -0.001766 0.019499 0.23230310591328923 -0.7394098859762637 0.6319084486724384 0.967239 0.198749
0.007192 -0.00181 0.019424 0.0873998772032588 -0.9673986408058646 0.23769966603220383 0.966377 0.198749
0.008129 -0.00181 0.018979 0 -1 0 0.49592749999999997 0.300744
0.008205 -0.0017 0.019158 0.3596106086694359 -0.39101153501042674 0.847224993505968 0.967991 0.191029
0.008187 -0.001766 0.019116 0.2630119081337172 -0.7394334786086331 0.6197280588230593 0.967239 0.191029
0.008156 -0.00181 0.019042 0.09889870394097722 -0.9673873224722078 0.23319694397407364 0.966376 0.191029
0.009989 -0.00181 0.018079 0 -1 0 0.49087800000000004 0.279921
0.010082 -0.0017 0.01825 0.4409857982810459 -0.3909874084532629 0.8078739828373174 0.967991 0.175589
0.01006 -0.001766 0.01821 0.32260872184469414 -0.7394199904896678 0.5909159756293545 0.967239 0.175589
0.010022 -0.00181 0.018139 0.12130037967078255 -0.9674030279762164 0.2223006958022668 0.966376 0.175589
0.010883 -0.00181 0.017562 0 -1 0 0.48884150000000004 0.26933949999999995
0.010985 -0.0017 0.017728 0.4801201534664215 -0.391016413258427 0.7852329608453117 0.967991 0.167869
0.010961 -0.001766 0.017689 0.35111423270388986 -0.73942997340147 0.5744232847197788 0.967239 0.167869
0.010919 -0.00181 0.017621 0.13209918230859224 -0.9673940118495998 0.21609866235342 0.966377 0.167869
0.011751 -0.00181 0.017001 0 -1 0 0.4871365 0.258667
0.011861 -0.0017 0.017162 0.5179943953309637 -0.39099576944866177 0.7607917682776008 0.967991 0.160149
0.011835 -0.001766 0.017124 0.3789057177304212 -0.7394111577985574 0.5565083977750841 0.967239 0.160149
0.01179 -0.00181 0.017058 0.1425967288685592 -0.9673778086076029 0.20939519652928681 0.966376 0.160149
0.0134 -0.00181 0.015756 0 -1 0 0.4847385 0.23711299999999996
0.013525 -0.0017 0.015906 0.5901121859424608 -0.39100807440010543 0.7063145855467889 0.967991 0.14471
0.013495 -0.001766 0.015871 0.43162881650171653 -0.7394493672876951 0.5166344916700342 0.967239 0.14471
0.013444 -0.00181 0.015809 0.16239773619133613 -0.9673865147259765 0.19439729012066342 0.966376 0.14471
0.014176 -0.00181 0.015075 0 -1 0 0.4840505 0.226264
0.014308 -0.0017 0.015217 0.6240283159272675 -0.39101774283263074 0.6765306982769174 0.967991 0.13699
0.014277 -0.001766 0.015184 0.456436434210326 -0.739459025975274 0.49483949966535784 0.967239 0.13699
0.014223 -0.00181 0.015125 0.17169879038628258 -0.9673931847390203 0.18619868823486208 0.966376 0.13699
0.014919 -0.00181 0.014356 0 -1 0 0.48370599999999997 0.2153895
0.015057 -0.0017 0.014492 0.6564910520879397 -0.3909946707789557 0.645091207466763 0.967991 0.12927
0.015025 -0.001766 0.01446 0.4801471503645087 -0.7394726160789787 0.47184633522594294 0.967239 0.12927
0.014968 -0.00181 0.014404 0.18060132110349583 -0.9674070766086482 0.177501298426747 0.966376 0.12927
0.016292 -0.00181 0.012813 0 -1 0 0.48405 0.193633
0.016444 -0.0017 0.012935 0.7165934360341888 -0.3909964184892099 0.5775947092566948 0.967991 0.11383
0.016408 -0.001766 0.012906 0.5241263589774061 -0.7394371872312423 0.4225212491279414 0.967239 0.11383
0.016346 -0.00181 0.012856 0.19720001873400264 -0.967400091903013 0.15890001509550214 0.966376 0.11383
0.016921 -0.00181 0.011993 0 -1 0 0.4847375 0.182784
0.017078 -0.0017 0.012107 0.7440133030767896 -0.3910069912675064 0.5418096876438233 0.967991 0.10611
0.017041 -0.001766 0.01208 0.5442218536673098 -0.7394296923954591 0.3963159143850696 0.967239 0.10611
0.016977 -0.00181 0.012033 0.20470044420044586 -0.9674020992648331 0.14910032354805317 0.966377 0.10611
0.017509 -0.00181 0.011143 0 -1 0 0.4857665 0.171977
0.017671 -0.0017 0.011249 0.7697229958180052 -0.39101168164848643 0.5046150756005787 0.967991 0.09839
0.017633 -0.001766 0.011224 0.5630235996287779 -0.7394309938996775 0.36911547179925747 0.967239 0.09839
0.017566 -0.00181 0.01118 0.21179838927937428 -0.9673926430069248 0.13889894367754999 0.966376 0.09839
0.018555 -0.00181 0.009361 0 -1 0 0.4888385 0.1505575
0.018727 -0.0017 0.009452 0.8155023894255016 -0.3910011456350351 0.4267012502364948 0.967991 0.082951
0.018687 -0.001766 0.00943 0.5965205743494201 -0.7394255032254168 0.31211076488592454 0.967239 0.082951
0.018616 -0.00181 0.009393 0.22439990126406517 -0.967399574344281 0.1173999483440341 0.966376 0.082951
0.019012 -0.00181 0.008434 0 -1 0 0.4908745 0.139976
0.019188 -0.0017 0.008516 0.8354314963611305 -0.39101474153363897 0.38621456056340503 0.967991 0.075231
0.019147 -0.001766 0.008497 0.6111116662330636 -0.7394141155502 0.2825053930794313 0.967239 0.075231
0.019074 -0.00181 0.008463 0.22989810794635734 -0.9673920383962858 0.10629912516179986 0.966377 0.075231
0.019422 -0.00181 0.007486 0 -1 0 0.49323649999999997 0.12950250000000002
0.019602 -0.0017 0.007559 0.8533745698167237 -0.3909883487208096 0.3447897254192715 0.967991 0.067511
0.01956 -0.001766 0.007542 0.6242178404008216 -0.7394211329579742 0.25220720818501635 0.967239 0.067511
0.019486 -0.00181 0.007512 0.23480002230600316 -0.967400091903013 0.09490000901550127 0.966377 0.067511
0.020101 -0.00181 0.005535 0 -1 0 0.4989165 0.10894050000000001
0.020287 -0.0017 0.00559 0.883084559401467 -0.39099316354430264 0.2593954645099542 0.967991 0.052071
0.020244 -0.001766 0.005577 0.6459370584720974 -0.7394424230287486 0.1897108840256338 0.967239 0.052071
0.020167 -0.00181 0.005554 0.24299881902860923 -0.9673952984702741 0.07139965299852964 0.966376 0.052071
0.020368 -0.00181 0.004537 0 -1 0 0.502221 0.0988815
0.020557 -0.0017 0.004582 0.8947274103940825 -0.39101197883546024 0.21580661133680898 0.967991 0.044351
0.020512 -0.001766 0.004572 0.6544482477032967 -0.7394545145962982 0.157811634302537 0.967239 0.044351
0.020435 -0.00181 0.004553 0.24619931556685407 -0.9673973106392145 0.05939983486868859 0.966377 0.044351
0.020585 -0.00181 0.003527 0 -1 0 0.5058255 0.08899
0.020776 -0.0017 0.003563 0.9042273397269314 -0.3910118224211791 0.17170519158495257 0.967991 0.036631
0.020732 -0.001766 0.003554 0.6614206101873251 -0.7394230407809317 0.12560391387893566 0.967239 0.036631
0.020653 -0.00181 0.003539 0.24880099022991167 -0.9674038502749862 0.04720018785712151 0.966376 0.036631
0.020871 -0.00181 0.00148 0 -1 0 0.513903 0.069766
0.021064 -0.0017 0.001498 0.9167181970368186 -0.3910077615811019 0.08210162973352549 0.967991 0.021191
0.021019 -0.001766 0.001494 0.6705353314374447 -0.7394389620653938 0.060103166919299664 0.967239 0.021191
0.020939 -0.00181 0.001487 0.252296365697028 -0.9673860649041017 0.022599674454034213 0.966376 0.021191
0.020937 -0.00181 0.000449 0 -1 0 0.518361 0.060462999999999996
0.021132 -0.0017 0.000457 0.9196360642354022 -0.3910153339669882 0.03710145496208506 0.967991 0.013471
0.021086 -0.001766 0.000455 0.6727093978159316 -0.739410329634458 0.027100378594933475 0.967239 0.013471
0.021006 -0.00181 0.000452 0.25309665788069885 -0.9673872257360256 0.010199865311667833 0.966377 0.013471
0.020954 -0.00181 -0.000584 0 -1 0 0.5230849999999999 0.2984245
0.021148 -0.0017 -0.000586 0.9203473576917164 -0.3910201204579606 -0.00800041167177413 0.967991 0.49982499999999996
0.021103 -0.001766 -0.000585 0.6732183757463525 -0.739420182749336 -0.005900161047093701 0.967239 0.49982499999999996
0.021023 -0.00181 -0.000584 0.25329639181859764 -0.9673862196814503 -0.00219996866166962 0.966377 0.49982499999999996
0.020834 -0.00181 -0.002646 0 -1 0 0.533295 0.5280640000000001
0.021028 -0.0017 -0.002667 0.9151220089489761 -0.3910094038892467 -0.09830236420028887 0.967991 0.978459
0.020982 -0.001766 -0.002662 0.6694072530668806 -0.7394080115292075 -0.07190077904916152 0.967239 0.978459
0.020903 -0.00181 -0.002654 0.25180062950236065 -0.9674024185090695 -0.027000067500253126 0.966377 0.978459
0.020699 -0.00181 -0.003671 0 -1 0 0.5387430000000001 0.5197590000000001
0.020891 -0.0017 -0.003701 0.9092115288752796 -0.39100495797430085 -0.14300181327448852 0.967991 0.970739
0.020846 -0.001766 -0.003694 0.6650403957804969 -0.7394449152482697 -0.10460635398291726 0.967239 0.970739
0.020767 -0.00181 -0.003681 0.25019908802598617 -0.9673964738462791 -0.0392998567522832 0.966376 0.970739
0.020513 -0.00181 -0.004687 0 -1 0 0.5444 0.511729
0.020704 -0.0017 -0.004727 0.9011085740888739 -0.3910037204180998 -0.18740178313644987 0.967991 0.963019
0.020659 -0.001766 -0.004717 0.6591258448310737 -0.7394289935792685 -0.13710537600719194 0.967239 0.963019
0.020581 -0.00181 -0.004701 0.24799636439994663 -0.9673858182278563 -0.051599243560634056 0.966377 0.963019
0.019994 -0.00181 -0.006687 0 -1 0 0.5562845 0.496528
0.020179 -0.0017 -0.006745 0.8783834997209352 -0.3909926552719555 -0.27489483614900395 0.967991 0.94758
0.020136 -0.001766 -0.006731 0.6425129082139903 -0.7394148549936567 -0.20110404022075246 0.967239 0.94758
0.020059 -0.00181 -0.006707 0.24169853289435794 -0.967394127935465 -0.07569954050518368 0.966376 0.94758
0.019661 -0.00181 -0.007665 0 -1 0 0.5624855000000001 0.489373
0.019844 -0.0017 -0.007732 0.8638426748822348 -0.391019316831389 -0.31761569060268324 0.967991 0.93986
0.019801 -0.001766 -0.007716 0.6319084486724384 -0.7394098859762637 -0.23230310591328923 0.967239 0.93986
0.019726 -0.00181 -0.007689 0.2376996660322038 -0.9673986408058644 -0.08739987720325879 0.966376 0.93986
0.019281 -0.00181 -0.008626 0 -1 0 0.568839 0.48252400000000006
0.01946 -0.0017 -0.008702 0.847224993505968 -0.39101153501042674 -0.3596106086694359 0.967991 0.932139
0.019418 -0.001766 -0.008684 0.6197280588230593 -0.7394334786086331 -0.2630119081337172 0.967239 0.932139
0.019344 -0.00181 -0.008653 0.23319463658503709 -0.9673777505676024 -0.09899772307855349 0.966377 0.93214
0.018381 -0.00181 -0.010485 0 -1 0 0.5819475 0.4697775
0.018552 -0.0017 -0.010579 0.8078739828373174 -0.3909874084532629 -0.4409857982810459 0.967991 0.9167
0.018512 -0.001766 -0.010557 0.5909159756293546 -0.739419990489668 -0.32260872184469425 0.967239 0.9167
0.018442 -0.00181 -0.010518 0.2223006958022668 -0.9674030279762164 -0.12130037967078255 0.966376 0.9167
0.017864 -0.00181 -0.01138 0 -1 0 0.588671 0.463891
0.01803 -0.0017 -0.011481 0.7852329608453117 -0.391016413258427 -0.4801201534664215 0.967991 0.90898
0.017991 -0.001766 -0.011458 0.5744232847197788 -0.73942997340147 -0.35111423270388986 0.967239 0.90898
0.017923 -0.00181 -0.011416 0.21609866235342 -0.9673940118495998 -0.13209918230859224 0.966376 0.90898
0.017304 -0.00181 -0.012248 0 -1 0 0.5954860000000001 0.45833599999999997
0.017464 -0.0017 -0.012357 0.7607917682776008 -0.39099576944866177 -0.5179943953309637 0.967991 0.90126
0.017427 -0.001766 -0.012332 0.5565083977750841 -0.7394111577985574 -0.3789057177304212 0.967239 0.90126
0.01736 -0.00181 -0.012287 0.20939519652928681 -0.9673778086076029 -0.1425967288685592 0.966377 0.90126
0.016058 -0.00181 -0.013897 0 -1 0 0.609325 0.448238
0.016208 -0.0017 -0.014021 0.7063145855467889 -0.39100807440010543 -0.5901121859424608 0.967991 0.88582
0.016173 -0.001766 -0.013992 0.5166344916700343 -0.7394493672876953 -0.43162881650171664 0.967239 0.88582
0.016111 -0.00181 -0.013941 0.19439729012066342 -0.9673865147259765 -0.16239773619133613 0.966376 0.88582
0.015377 -0.00181 -0.014673 0 -1 0 0.616316 0.4437005
0.01552 -0.0017 -0.014805 0.6765306982769174 -0.39101774283263074 -0.6240283159272675 0.967991 0.8781
0.015486 -0.001766 -0.014774 0.49483949966535784 -0.739459025975274 -0.456436434210326 0.967239 0.8781
0.015427 -0.00181 -0.01472 0.18619868823486208 -0.9673931847390203 -0.17169879038628258 0.966376 0.8781
0.014658 -0.00181 -0.015415 0 -1 0 0.6233315 0.43950649999999997
0.014794 -0.0017 -0.015554 0.645091207466763 -0.3909946707789557 -0.6564910520879397 0.967991 0.87038
0.014762 -0.001766 -0.015521 0.47184633522594294 -0.7394726160789787 -0.4801471503645087 0.967239 0.87038
0.014706 -0.00181 -0.015464 0.177501298426747 -0.9674070766086482 -0.18060132110349583 0.966377 0.870381
0.013115 -0.00181 -0.016789 0 -1 0 0.6373695 0.432152
0.013237 -0.0017 -0.01694 0.5775947092566948 -0.3909964184892099 -0.7165934360341888 0.967991 0.854941
0.013208 -0.001766 -0.016905 0.4225212491279414 -0.7394371872312423 -0.5241263589774061 0.967239 0.854941
0.013158 -0.00181 -0.016843 0.15890001509550214 -0.967400091903013 -0.19720001873400264 0.966376 0.854941
0.012295 -0.00181 -0.017418 0 -1 0 0.644358 0.4289905
0.012409 -0.0017 -0.017575 0.5418096876438233 -0.3910069912675064 -0.7440133030767896 0.967991 0.847221
0.012382 -0.001766 -0.017538 0.3963159143850696 -0.7394296923954591 -0.5442218536673098 0.967239 0.847221
0.012335 -0.00181 -0.017473 0.14910032354805317 -0.9674020992648331 -0.20470044420044586 0.966376 0.847221
0.011445 -0.00181 -0.018005 0 -1 0 0.651304 0.42617000000000005
0.011551 -0.0017 -0.018168 0.5046150756005787 -0.39101168164848643 -0.7697229958180052 0.967991 0.839501
0.011526 -0.001766 -0.01813 0.3691154717992575 -0.7394309938996776 -0.563023599628778 0.967239 0.839501
0.011482 -0.00181 -0.018063 0.13889894367754999 -0.9673926430069248 -0.21179838927937428 0.966376 0.839501
0.009664 -0.00181 -0.019052 0 -1 0 0.6650010000000001 0.42154450000000004
0.009754 -0.0017 -0.019224 0.4267012502364948 -0.3910011456350351 -0.8155023894255016 0.967991 0.824061
0.009733 -0.001766 -0.019184 0.31211076488592454 -0.7394255032254168 -0.5965205743494201 0.967239 0.824061
0.009695 -0.00181 -0.019113 0.11739994834403408 -0.9673995743442808 -0.22439990126406512 0.966376 0.824061
0.008737 -0.00181 -0.019508 0 -1 0 0.6717194999999999 0.4197315
0.008818 -0.0017 -0.019685 0.38621456056340503 -0.39101474153363897 -0.8354314963611305 0.967991 0.816341
0.008799 -0.001766 -0.019643 0.28250539307943134 -0.7394141155502001 -0.6111116662330637 0.967239 0.816341
0.008765 -0.00181 -0.019571 0.10629912516179986 -0.9673920383962858 -0.22989810794635734 0.966376 0.816341
0.007788 -0.00181 -0.019919 0 -1 0 0.67833 0.418245
0.007861 -0.0017 -0.020099 0.3447897254192715 -0.3909883487208096 -0.8533745698167237 0.967991 0.808621
0.007844 -0.001766 -0.020057 0.25220720818501635 -0.7394211329579742 -0.6242178404008216 0.967239 0.808621
0.007814 -0.00181 -0.019982 0.09490000901550127 -0.967400091903013 -0.23480002230600316 0.966377 0.808621
0.005837 -0.00181 -0.020598 0 -1 0 0.6911625 0.41623050000000006
0.005892 -0.0017 -0.020784 0.2593954645099542 -0.39099316354430264 -0.883084559401467 0.967991 0.793182
0.005879 -0.001766 -0.02074 0.1897108840256338 -0.7394424230287486 -0.6459370584720974 0.967239 0.793182
0.005856 -0.00181 -0.020664 0.07139965299852964 -0.9673952984702741 -0.24299881902860923 0.966376 0.793182
0.004839 -0.00181 -0.020864 0 -1 0 0.6973535000000001 0.4156875
0.004884 -0.0017 -0.021053 0.21580661133680898 -0.39101197883546024 -0.8947274103940825 0.967991 0.785461
0.004874 -0.001766 -0.021009 0.157811634302537 -0.7394545145962982 -0.6544482477032967 0.967239 0.785461
0.004855 -0.00181 -0.020931 0.05939983486868859 -0.9673973106392145 -0.24619931556685407 0.966376 0.785461
0.003829 -0.00181 -0.021082 0 -1 0 0.7033744999999999 0.41544400000000004
0.003865 -0.0017 -0.021273 0.17170519158495257 -0.3910118224211791 -0.9042273397269314 0.967991 0.777741
0.003856 -0.001766 -0.021228 0.12560391387893566 -0.7394230407809317 -0.6614206101873251 0.967239 0.777741
0.003842 -0.00181 -0.021149 0.04720018785712151 -0.9674038502749862 -0.24880099022991167 0.966376 0.777742
0.001783 -0.00181 -0.021367 0 -1 0 0.714849 0.41582150000000007
0.0018 -0.0017 -0.021561 0.08210162973352549 -0.3910077615811019 -0.9167181970368186 0.967991 0.762302
0.001796 -0.001766 -0.021515 0.06010316691929968 -0.739438962065394 -0.6705353314374448 0.967239 0.762302
0.001789 -0.00181 -0.021436 0.022599674454034213 -0.9673860649041017 -0.252296365697028 0.966376 0.762302
0.000751 -0.00181 -0.021434 0 -1 0 0.7202744999999999 0.4164225
0.000759 -0.0017 -0.021628 0.03710145496208506 -0.3910153339669882 -0.9196360642354022 0.967991 0.754582
0.000757 -0.001766 -0.021583 0.027100378594933475 -0.739410329634458 -0.6727093978159316 0.967239 0.754582
0.000754 -0.00181 -0.021503 0.010199865311667833 -0.9673872257360256 -0.25309665788069885 0.966376 0.754582
-0.000282 -0.00181 -0.02145 0 -1 0 0.725475 0.4172835
-0.000283 -0.0017 -0.021645 -0.00800041167177413 -0.3910201204579606 -0.9203473576917164 0.967991 0.746862
-0.000283 -0.001766 -0.021599 -0.005900161047093701 -0.739420182749336 -0.6732183757463525 0.967239 0.746862
-0.000282 -0.00181 -0.021519 -0.0022000243764051363 -0.9674107189701495 -0.25320280550262747 0.966376 0.746862
-0.002344 -0.00181 -0.021331 0 -1 0 0.73515 0.41974100000000003
-0.002365 -0.0017 -0.021524 -0.09830236420028887 -0.3910094038892467 -0.9151220089489761 0.967991 0.731422
-0.00236 -0.001766 -0.021479 -0.07190077904916152 -0.7394080115292075 -0.6694072530668806 0.967239 0.731422
-0.002351 -0.00181 -0.021399 -0.027000067500253126 -0.9674024185090695 -0.25180062950236065 0.966376 0.731422
-0.003368 -0.00181 -0.021195 0 -1 0 0.7396014999999999 0.421313
-0.003399 -0.0017 -0.021388 -0.14300181327448852 -0.39100495797430085 -0.9092115288752796 0.967991 0.723702
-0.003392 -0.001766 -0.021342 -0.10460635398291726 -0.7394449152482697 -0.6650403957804969 0.967239 0.723702
-0.003379 -0.00181 -0.021263 -0.0392998567522832 -0.9673964738462791 -0.25019908802598617 0.966377 0.723702
-0.004385 -0.00181 -0.02101 0 -1 0 0.7437815 0.42309650000000004
-0.004425 -0.0017 -0.0212 -0.18740178313644987 -0.3910037204180998 -0.9011085740888739 0.967991 0.715982
-0.004415 -0.001766 -0.021156 -0.13710537600719194 -0.7394289935792685 -0.6591258448310737 0.967239 0.715982
-0.004399 -0.00181 -0.021077 -0.051599243560634056 -0.9673858182278563 -0.24799636439994663 0.966376 0.715982
-0.006385 -0.00181 -0.02049 0 -1 0 0.7512869999999999 0.42724300000000004
-0.006443 -0.0017 -0.020676 -0.27489483614900395 -0.3909926552719555 -0.8783834997209352 0.967991 0.700543
-0.006429 -0.001766 -0.020632 -0.20110404022075246 -0.7394148549936567 -0.6425129082139903 0.967239 0.700543
-0.006405 -0.00181 -0.020556 -0.07560011302225345 -0.9674014462662432 -0.2417003613423103 0.966377 0.700543
-0.007363 -0.00181 -0.020158 0 -1 0 0.7545945 0.4295785
-0.00743 -0.0017 -0.02034 -0.31761569060268324 -0.391019316831389 -0.8638426748822348 0.967991 0.692823
-0.007414 -0.001766 -0.020297 -0.23230310591328923 -0.7394098859762637 -0.6319084486724384 0.967239 0.692823
-0.007386 -0.00181 -0.020222 -0.0873998772032588 -0.9673986408058646 -0.23769966603220383 0.966376 0.692823
-0.008324 -0.00181 -0.019777 0 -1 0 0.757595 0.432068
-0.008399 -0.0017 -0.019956 -0.3596106086694359 -0.39101153501042674 -0.847224993505968 0.967991 0.685103
-0.008382 -0.001766 -0.019914 -0.2630119081337172 -0.7394334786086331 -0.6197280588230593 0.967239 0.685103
-0.00835 -0.00181 -0.019841 -0.09890100978446488 -0.9674098773052713 -0.23310237998744957 0.966376 0.685103
-0.010183 -0.00181 -0.018878 0 -1 0 0.762644 0.437451
-0.010276 -0.0017 -0.019048 -0.4409857982810459 -0.3909874084532629 -0.8078739828373174 0.967991 0.669663
-0.010255 -0.001766 -0.019008 -0.32260872184469414 -0.7394199904896678 -0.5909159756293545 0.967239 0.669663
-0.010216 -0.00181 -0.018938 -0.12130037967078255 -0.9674030279762164 -0.2223006958022668 0.966377 0.669663
-0.011078 -0.00181 -0.018361 0 -1 0 0.7646809999999999 0.4403125
-0.011179 -0.0017 -0.018526 -0.4801201534664215 -0.391016413258427 -0.7852329608453117 0.967991 0.661943
-0.011155 -0.001766 -0.018488 -0.35111423270388986 -0.73942997340147 -0.5744232847197788 0.967239 0.661943
-0.011114 -0.00181 -0.018419 -0.13209918230859224 -0.9673940118495998 -0.21609866235342 0.966376 0.661943
-0.011946 -0.00181 -0.0178 0 -1 0 0.766386 0.4432655
-0.012055 -0.0017 -0.017961 -0.5179943953309637 -0.39099576944866177 -0.7607917682776008 0.967991 0.654223
-0.01203 -0.001766 -0.017923 -0.3789057177304212 -0.7394111577985574 -0.5565083977750841 0.967239 0.654223
-0.011985 -0.00181 -0.017857 -0.1425017456570765 -0.9674118508677602 -0.20930256397211308 0.966376 0.654223
-0.013594 -0.00181 -0.016555 0 -1 0 0.768785 0.4493815
-0.013719 -0.0017 -0.016704 -0.5901121859424608 -0.39100807440010543 -0.7063145855467889 0.967991 0.638783
-0.01369 -0.001766 -0.016669 -0.43162881650171653 -0.7394493672876951 -0.5166344916700342 0.967239 0.638783
-0.013639 -0.00181 -0.016608 -0.16240089239535554 -0.9674053159068163 -0.19430106768730038 0.966376 0.638783
-0.014371 -0.00181 -0.015873 0 -1 0 0.7694725 0.4525115
-0.014503 -0.0017 -0.016016 -0.6240283159272675 -0.39101774283263074 -0.6765306982769174 0.967991 0.631063
-0.014472 -0.001766 -0.015983 -0.456436434210326 -0.739459025975274 -0.49483949966535784 0.967239 0.631063
-0.014418 -0.00181 -0.015924 -0.17170198660347757 -0.9674111930122551 -0.1861021532143691 0.966376 0.631063
-0.015113 -0.00181 -0.015154 0 -1 0 0.769817 0.4556665
-0.015252 -0.0017 -0.015291 -0.6564910520879397 -0.3909946707789557 -0.645091207466763 0.967991 0.623343
-0.015219 -0.001766 -0.015259 -0.4801471503645087 -0.7394726160789787 -0.47184633522594294 0.967239 0.623343
-0.015162 -0.00181 -0.015202 -0.18060132110349583 -0.9674070766086482 -0.177501298426747 0.966376 0.623343
-0.016487 -0.00181 -0.013611 0 -1 0 0.7694725 0.461985
-0.016638 -0.0017 -0.013733 -0.7165934360341888 -0.3909964184892099 -0.5775947092566948 0.967991 0.607903
-0.016603 -0.001766 -0.013705 -0.5241263589774061 -0.7394371872312423 -0.4225212491279414 0.967239 0.607903
-0.01654 -0.00181 -0.013655 -0.19720001873400264 -0.967400091903013 -0.15890001509550214 0.966376 0.607903
-0.017115 -0.00181 -0.012791 0 -1 0 0.7687845 0.46511450000000004
-0.017273 -0.0017 -0.012906 -0.7440133030767896 -0.3910069912675064 -0.5418096876438233 0.967991 0.600183
-0.017236 -0.001766 -0.012879 -0.5442218536673098 -0.7394296923954591 -0.3963159143850696 0.967239 0.600183
-0.017171 -0.00181 -0.012832 -0.20470044420044586 -0.9674020992648331 -0.14910032354805317 0.966376 0.600183
-0.017703 -0.00181 -0.011941 0 -1 0 0.7677545 0.468203
-0.017866 -0.0017 -0.012048 -0.7697229958180052 -0.39101168164848643 -0.5046150756005787 0.967991 0.592464
-0.017827 -0.001766 -0.012023 -0.5630235996287779 -0.7394309938996775 -0.36911547179925747 0.967239 0.592464
-0.017761 -0.00181 -0.011979 -0.21179838927937428 -0.9673926430069248 -0.13889894367754999 0.966377 0.592464
-0.01875 -0.00181 -0.01016 0 -1 0 0.76468 0.4741845
-0.018922 -0.0017 -0.01025 -0.8155023894255016 -0.3910011456350351 -0.4267012502364948 0.967991 0.577024
-0.018881 -0.001766 -0.010229 -0.5965205743494201 -0.7394255032254168 -0.31211076488592454 0.967239 0.577024
-0.01881 -0.00181 -0.010192 -0.22439990126406517 -0.967399574344281 -0.1173999483440341 0.966377 0.577024
-0.019206 -0.00181 -0.009233 0 -1 0 0.7626435 0.47704500000000005
-0.019382 -0.0017 -0.009315 -0.8354314963611305 -0.39101474153363897 -0.38621456056340503 0.967991 0.569304
-0.019341 -0.001766 -0.009296 -0.6111116662330636 -0.7394141155502 -0.2825053930794313 0.967239 0.569304
-0.019268 -0.00181 -0.009262 -0.22989810794635734 -0.9673920383962858 -0.10629912516179986 0.966376 0.569304
-0.019616 -0.00181 -0.008285 0 -1 0 0.7602805 0.4797975
-0.019797 -0.0017 -0.008358 -0.8533745698167237 -0.3909883487208096 -0.3447897254192715 0.967991 0.561584
-0.019754 -0.001766 -0.008341 -0.6242178404008216 -0.7394211329579742 -0.25220720818501635 0.967239 0.561584
-0.01968 -0.00181 -0.008311 -0.23480002230600316 -0.967400091903013 -0.09490000901550127 0.966376 0.561584
-0.020295 -0.00181 -0.006334 0 -1 0 0.7545995 0.48491549999999994
-0.020482 -0.0017 -0.006388 -0.883084559401467 -0.39099316354430264 -0.2593954645099542 0.967991 0.546144
-0.020438 -0.001766 -0.006376 -0.6459370584720974 -0.7394424230287486 -0.1897108840256338 0.967239 0.546144
-0.020361 -0.00181 -0.006353 -0.24299881902860923 -0.9673952984702741 -0.07139965299852964 0.966377 0.546144
-0.020562 -0.00181 -0.005335 0 -1 0 0.7512945 0.487252
-0.020751 -0.0017 -0.005381 -0.8947274103940825 -0.39101197883546024 -0.21580661133680898 0.967991 0.538424
-0.020707 -0.001766 -0.00537 -0.6544482477032967 -0.7394545145962982 -0.157811634302537 0.967239 0.538424
-0.020629 -0.00181 -0.005352 -0.24619931556685407 -0.9673973106392145 -0.05939983486868859 0.966376 0.538424
-0.02078 -0.00181 -0.004325 0 -1 0 0.7476904999999999 0.4894215
-0.020971 -0.0017 -0.004362 -0.9042273397269314 -0.3910118224211791 -0.17170519158495257 0.967991 0.530704
-0.020926 -0.001766 -0.004353 -0.6614206101873251 -0.7394230407809317 -0.12560391387893566 0.967239 0.530704
-0.020847 -0.00181 -0.004338 -0.24880099022991167 -0.9674038502749862 -0.04720018785712151 0.966377 0.530704
-0.021065 -0.00181 -0.002279 0 -1 0 0.7396125 0.4932015
-0.021259 -0.0017 -0.002297 -0.9167181970368186 -0.3910077615811019 -0.08210162973352549 0.967991 0.515264
-0.021213 -0.001766 -0.002292 -0.6705353314374447 -0.7394389620653938 -0.060103166919299664 0.967239 0.515264
-0.021133 -0.00181 -0.002285 -0.25220272884828926 -0.9674104674378868 -0.022600244535968823 0.966377 0.515264
-0.021132 -0.00181 -0.001248 0 -1 0 0.7351555000000001 0.4947835
-0.021326 -0.0017 -0.001256 -0.9196360642354022 -0.3910153339669882 -0.03710145496208506 0.967991 0.507545
-0.021281 -0.001766 -0.001254 -0.6727093978159316 -0.739410329634458 -0.027100378594933475 0.967239 0.507545
-0.021201 -0.00181 -0.001251 -0.2530030613555637 -0.9674117057524598 -0.010200123422240118 0.966377 0.507545
-0.021148 -0.00181 -0.000215 0 -1 0 0.7304324999999999 0.4961375
-0.021343 -0.0017 -0.000213 -0.9203473576917164 -0.3910201204579606 0.00800041167177413 0.967991 0.499825
-0.021297 -0.001766 -0.000214 -0.6732183757463525 -0.739420182749336 0.005900161047093701 0.967239 0.499825
-0.021217 -0.00181 -0.000214 -0.25320280550262747 -0.9674107189701495 0.0022000243764051363 0.966377 0.499825
-0.021029 -0.00181 0.001848 0 -1 0 0.7202255000000001 0.4980945
-0.021222 -0.0017 0.001868 -0.9151220089489761 -0.3910094038892467 0.09830236420028887 0.967991 0.484385
-0.021177 -0.001766 0.001863 -0.6694072530668806 -0.7394080115292075 0.07190077904916152 0.967239 0.484385
-0.021097 -0.00181 0.001855 -0.25180062950236065 -0.9674024185090695 0.027000067500253126 0.966376 0.484384
-0.020893 -0.00181 0.002872 0 -1 0 0.714778 0.4986795
-0.021085 -0.0017 0.002902 -0.9092115288752796 -0.39100495797430085 0.14300181327448852 0.967991 0.476665
-0.02104 -0.001766 0.002895 -0.6650403957804969 -0.7394449152482697 0.10460635398291726 0.967239 0.476665
-0.020961 -0.00181 0.002883 -0.25019908802598617 -0.9673964738462791 0.0392998567522832 0.966376 0.476665
-0.020708 -0.00181 0.003888 0 -1 0 0.7091225 0.4989905
-0.020898 -0.0017 0.003928 -0.9011085740888739 -0.3910037204180998 0.18740178313644987 0.967991 0.468945
-0.020853 -0.001766 0.003919 -0.6591258448310737 -0.7394289935792685 0.13710537600719194 0.967239 0.468945
-0.020775 -0.00181 0.003902 -0.24790379047793487 -0.9674147918852528 0.05150078745306028 0.966376 0.468945
-0.020188 -0.00181 0.005888 0 -1 0 0.6972379999999999 0.49875400000000003
-0.020374 -0.0017 0.005946 -0.8783834997209352 -0.3909926552719555 0.27489483614900395 0.967991 0.453505
-0.02033 -0.001766 0.005932 -0.6425129082139903 -0.7394148549936567 0.20110404022075246 0.967239 0.453505
-0.020254 -0.00181 0.005908 -0.2417003613423103 -0.9674014462662432 0.07560011302225345 0.966377 0.453505
-0.019856 -0.00181 0.006866 0 -1 0 0.691037 0.4981905
-0.020038 -0.0017 0.006933 -0.8638426748822348 -0.391019316831389 0.31761569060268324 0.967991 0.445785
-0.019995 -0.001766 0.006918 -0.6319084486724384 -0.7394098859762637 0.23230310591328923 0.967239 0.445785
-0.01992 -0.00181 0.00689 -0.2376996660322038 -0.9673986408058644 0.08739987720325879 0.966376 0.445785
-0.019475 -0.00181 0.007827 0 -1 0 0.6846819999999999 0.4973205
-0.019654 -0.0017 0.007903 -0.847224993505968 -0.39101153501042674 0.3596106086694359 0.967991 0.438065
-0.019612 -0.001766 0.007885 -0.6197280588230593 -0.7394334786086331 0.2630119081337172 0.967239 0.438065
-0.019539 -0.00181 0.007854 -0.23310237998744957 -0.9674098773052713 0.09890100978446488 0.966376 0.438065
-0.018576 -0.00181 0.009687 0 -1 0 0.6715705 0.49463
-0.018746 -0.0017 0.00978 -0.8078739828373174 -0.3909874084532629 0.4409857982810459 0.967991 0.422626
-0.018706 -0.001766 0.009758 -0.5909159756293546 -0.739419990489668 0.32260872184469425 0.967239 0.422626
-0.018636 -0.00181 0.00972 -0.2223006958022668 -0.9674030279762164 0.12130037967078255 0.966377 0.422626
-0.018058 -0.00181 0.010581 0 -1 0 0.6648455000000001 0.49279700000000004
-0.018224 -0.0017 0.010683 -0.7852329608453117 -0.391016413258427 0.4801201534664215 0.967991 0.414906
-0.018185 -0.001766 0.010659 -0.5744232847197788 -0.73942997340147 0.35111423270388986 0.967239 0.414906
-0.018117 -0.00181 0.010617 -0.21609866235342 -0.9673940118495998 0.13209918230859224 0.966377 0.414906
-0.017498 -0.00181 0.011449 0 -1 0 0.6580290000000001 0.49063199999999996
-0.017659 -0.0017 0.011559 -0.7607917682776008 -0.39099576944866177 0.5179943953309637 0.967991 0.407186
-0.017621 -0.001766 0.011533 -0.5565083977750841 -0.7394111577985574 0.3789057177304212 0.967239 0.407186
-0.017555 -0.00181 0.011488 -0.20930256397211308 -0.9674118508677602 0.1425017456570765 0.966377 0.407186
-0.015588 -0.00181 0.012542 0 -1 0 0.321242 0.567128
-0.016204 -0.00181 0.011766 0 -1 0 0.334568 0.565174
-0.016782 -0.00181 0.010961 0 -1 0 0.347783 0.562568
-0.013521 -0.00181 0.014675 0 -1 0 0.280914 0.569047
-0.014245 -0.00181 0.013998 0 -1 0 0.294382 0.569067
-0.012765 -0.00181 0.015315 0 -1 0 0.267464 0.568366
-0.010322 -0.00181 0.017004 0 -1 0 0.227539 0.562388
-0.011164 -0.00181 0.016482 0 -1 0 0.240744 0.565032
-0.009456 -0.00181 0.017485 0 -1 0 0.214479 0.559098
-0.006731 -0.00181 0.018665 0 -1 0 0.176485 0.545454
-0.007658 -0.00181 0.018316 0 -1 0 0.188921 0.550621
-0.005787 -0.00181 0.018967 0 -1 0 0.164317 0.539682
-0.002884 -0.00181 0.019592 0 -1 0 0.129711 0.518895
-0.003862 -0.00181 0.019432 0 -1 0 0.140902 0.526387
-0.0019 -0.00181 0.019705 0 -1 0 0.118902 0.510863
0.00107 -0.00181 0.019752 0 -1 0 0.089011 0.48373
8E-05 -0.00181 0.019785 0 -1 0 0.098527 0.493259
0.002057 -0.00181 0.01967 0 -1 0 0.079973 0.473744
0.004979 -0.00181 0.019137 0 -1 0 0.055942 0.441302
0.004014 -0.00181 0.019363 0 -1 0 0.063419 0.452505
0.005931 -0.00181 0.018864 0 -1 0 0.049023 0.429745
0.008693 -0.00181 0.017771 0 -1 0 0.031775 0.39324
0.00779 -0.00181 0.018181 0 -1 0 0.036925 0.405685
0.009574 -0.00181 0.017318 0 -1 0 0.027242 0.380558
0.012069 -0.00181 0.015708 0 -1 0 0.017441 0.341396
0.011264 -0.00181 0.016285 0 -1 0 0.020067 0.354604
0.012844 -0.00181 0.015091 0 -1 0 0.015467 0.328073
0.014977 -0.00181 0.013025 0 -1 0 0.013487 0.287753
0.0143 -0.00181 0.013748 0 -1 0 0.013488 0.30122
0.015618 -0.00181 0.012269 0 -1 0 0.014147 0.274302
0.017306 -0.00181 0.009826 0 -1 0 0.020062 0.234368
0.016784 -0.00181 0.010667 0 -1 0 0.017439 0.247577
0.017787 -0.00181 0.008959 0 -1 0 0.023331 0.221304
0.018967 -0.00181 0.006234 0 -1 0 0.036912 0.183283
0.018618 -0.00181 0.007161 0 -1 0 0.031766 0.195731
0.019269 -0.00181 0.005291 0 -1 0 0.042662 0.171102
0.019895 -0.00181 0.002387 0 -1 0 0.063392 0.136434
0.019734 -0.00181 0.003365 0 -1 0 0.055917 0.14765
0.020007 -0.00181 0.001403 0 -1 0 0.071412 0.125599
0.020054 -0.00181 -0.001566 0 -1 0 0.098562 0.095661
0.020087 -0.00181 -0.000576 0 -1 0 0.089015 0.105182
0.019973 -0.00181 -0.002554 0 -1 0 0.108571 0.086628
0.019439 -0.00181 -0.005475 0 -1 0 0.141075 0.062646
0.019665 -0.00181 -0.004511 0 -1 0 0.129856 0.070102
0.019167 -0.00181 -0.006428 0 -1 0 0.152645 0.055749
0.018074 -0.00181 -0.009189 0 -1 0 0.189173 0.038568
0.018483 -0.00181 -0.008287 0 -1 0 0.176722 0.043697
0.01762 -0.00181 -0.01007 0 -1 0 0.201861 0.034056
0.01601 -0.00181 -0.012565 0 -1 0 0.241038 0.024315
0.016587 -0.00181 -0.01176 0 -1 0 0.227824 0.02692
0.015393 -0.00181 -0.013341 0 -1 0 0.254364 0.022361
0.013327 -0.00181 -0.015474 0 -1 0 0.294693 0.02044
0.01405 -0.00181 -0.014797 0 -1 0 0.281224 0.020421
0.012571 -0.00181 -0.016114 0 -1 0 0.308144 0.021121
0.010128 -0.00181 -0.017803 0 -1 0 0.348071 0.027098
0.01097 -0.00181 -0.01728 0 -1 0 0.334865 0.024454
0.009262 -0.00181 -0.018284 0 -1 0 0.361132 0.030388
0.006536 -0.00181 -0.019463 0 -1 0 0.399132 0.044034
0.007464 -0.00181 -0.019115 0 -1 0 0.386693 0.038866
0.005593 -0.00181 -0.019766 0 -1 0 0.411301 0.049806
0.00269 -0.00181 -0.020391 0 -1 0 0.445912 0.070597
0.003667 -0.00181 -0.02023 0 -1 0 0.43472 0.063104
0.001705 -0.00181 -0.020504 0 -1 0 0.456724 0.078631
-0.001264 -0.00181 -0.020551 0 -1 0 0.486619 0.105769
-0.000274 -0.00181 -0.020584 0 -1 0 0.477101 0.096239
-0.002252 -0.00181 -0.020469 0 -1 0 0.495656 0.115755
-0.005173 -0.00181 -0.019936 0 -1 0 0.519685 0.148195
-0.004208 -0.00181 -0.020161 0 -1 0 0.512209 0.136994
-0.006126 -0.00181 -0.019663 0 -1 0 0.526602 0.15975
-0.008887 -0.00181 -0.01857 0 -1 0 0.543847 0.196251
-0.007985 -0.00181 -0.01898 0 -1 0 0.538697 0.183807
-0.009768 -0.00181 -0.018117 0 -1 0 0.54838 0.208934
-0.012263 -0.00181 -0.016506 0 -1 0 0.558182 0.248099
-0.011458 -0.00181 -0.017084 0 -1 0 0.555556 0.234889
-0.013039 -0.00181 -0.01589 0 -1 0 0.560156 0.261422
-0.015172 -0.00181 -0.013823 0 -1 0 0.562136 0.301748
-0.014495 -0.00181 -0.014547 0 -1 0 0.562135 0.288279
-0.015812 -0.00181 -0.013067 0 -1 0 0.561474 0.3152
-0.017501 -0.00181 -0.010624 0 -1 0 0.555555 0.355138
-0.016978 -0.00181 -0.011466 0 -1 0 0.55818 0.341927
-0.017982 -0.00181 -0.009758 0 -1 0 0.552285 0.368204
-0.019161 -0.00181 -0.007033 0 -1 0 0.538703 0.406217
-0.018813 -0.00181 -0.00796 0 -1 0 0.543849 0.393774
-0.019464 -0.00181 -0.006089 0 -1 0 0.532952 0.418395
-0.020089 -0.00181 -0.003186 0 -1 0 0.512221 0.453049
-0.019928 -0.00181 -0.004164 0 -1 0 0.519696 0.441839
-0.020202 -0.00181 -0.002202 0 -1 0 0.504201 0.463881
-0.020249 -0.00181 0.000768 0 -1 0 0.477054 0.493814
-0.020282 -0.00181 -0.000222 0 -1 0 0.486599 0.484293
-0.020167 -0.00181 0.001755 0 -1 0 0.467047 0.502846
-0.019634 -0.00181 0.004677 0 -1 0 0.434546 0.526832
-0.019859 -0.00181 0.003712 0 -1 0 0.445765 0.519373
-0.019361 -0.00181 0.005629 0 -1 0 0.422977 0.53373
-0.018268 -0.00181 0.00839 0 -1 0 0.386443 0.550917
-0.018677 -0.00181 0.007488 0 -1 0 0.398897 0.545786
-0.017815 -0.00181 0.009271 0 -1 0 0.373751 0.55543
-0.014934 -0.00181 0.013287 0 -1 0 0.307836 0.568426
-0.011979 -0.00181 0.015918 0 -1 0 0.254063 0.567026
-0.008567 -0.00181 0.017923 0 -1 0 0.201597 0.555173
-0.00483 -0.00181 0.019223 0 -1 0 0.152447 0.533321
-0.000911 -0.00181 0.019769 0 -1 0 0.108499 0.502311
0.003039 -0.00181 0.01954 0 -1 0 0.071436 0.463327
0.006869 -0.00181 0.018545 0 -1 0 0.04268 0.417863
0.010431 -0.00181 0.016822 0 -1 0 0.023336 0.367669
0.013589 -0.00181 0.014437 0 -1 0 0.014149 0.314671
0.01622 -0.00181 0.011482 0 -1 0 0.015466 0.2609
0.018225 -0.00181 0.008071 0 -1 0 0.027235 0.208414
0.019525 -0.00181 0.004333 0 -1 0 0.049002 0.159215
0.020071 -0.00181 0.000414 0 -1 0 0.079959 0.115172
0.019843 -0.00181 -0.003536 0 -1 0 0.119012 0.078103
0.018848 -0.00181 -0.007366 0 -1 0 0.164536 0.049428
0.017124 -0.00181 -0.010928 0 -1 0 0.214755 0.03017
0.01474 -0.00181 -0.014085 0 -1 0 0.26777 0.021062
0.011784 -0.00181 -0.016717 0 -1 0 0.321546 0.02246
0.008373 -0.00181 -0.018721 0 -1 0 0.374016 0.034314
0.004636 -0.00181 -0.020022 0 -1 0 0.423173 0.056168
0.000717 -0.00181 -0.020568 0 -1 0 0.467128 0.087185
-0.003234 -0.00181 -0.020339 0 -1 0 0.504193 0.126172
-0.007064 -0.00181 -0.019344 0 -1 0 0.532944 0.17163
-0.010626 -0.00181 -0.017621 0 -1 0 0.552286 0.221824
-0.013783 -0.00181 -0.015236 0 -1 0 0.561474 0.274826
-0.016415 -0.00181 -0.012281 0 -1 0 0.560155 0.328604
-0.018419 -0.00181 -0.008869 0 -1 0 0.54838 0.381092
-0.01972 -0.00181 -0.005132 0 -1 0 0.526612 0.430278
-0.020266 -0.00181 -0.001213 0 -1 0 0.495654 0.474306
-0.020037 -0.00181 0.002737 0 -1 0 0.456608 0.511372
-0.019042 -0.00181 0.006567 0 -1 0 0.411085 0.540052
-0.017319 -0.00181 0.010129 0 -1 0 0.360854 0.559317
-0.018323 0.000199 -0.011108 -0.30980584299329883 0.9332176006499241 -0.18200343261710905 0.986255 0.584744
-0.0184 0.000134 -0.011153 -0.7008386733450221 0.5824321394922103 -0.4118227250049659 0.985215 0.584744
0.021128 2.9E-05 -0.001629 0.9862945063548992 0.1547991377712039 -0.057099681955657254 0.984176 0.986179
0.021095 0.000134 -0.001627 0.8115279941409952 0.5824200909275609 -0.04700162134889313 0.985215 0.986179
0.021006 0.000199 -0.001622 0.3587942019325448 0.9331849198535418 -0.020799663880147524 0.986255 0.986179
-0.017036 0.000134 0.012395 -0.648640953239415 0.5824367733065607 0.48993093276594113 0.985215 0.399466
-0.016965 0.000199 0.012341 -0.28670362825737356 0.9332118098701814 0.2166027411250335 0.986255 0.399466
-0.020913 2.9E-05 0.003931 -0.9672385355508997 0.15480616760057825 0.20120801628705648 0.984176 0.468945
-0.020793 0.000199 0.003906 -0.35180286368696567 0.9332075963407515 0.0732005958552754 0.986255 0.468945
-0.02088 0.000134 0.003924 -0.7958023317042479 0.5825017067325011 0.16550048491713124 0.985215 0.468945
-0.020675 2.9E-05 0.004947 -0.9562076305673382 0.15480123531878678 0.24840198225572765 0.984176 0.461225
-0.020643 0.000134 0.004939 -0.7867068837153488 0.5825050969418974 0.20440178852347438 0.985215 0.461225
-0.020557 0.000199 0.004916 -0.3478032745832454 0.9332087862020835 0.09030085018650678 0.986255 0.461225
-0.021357 2.9E-05 -0.000213 -0.987908194732463 0.1548012840819772 0.008600071337887621 0.984176 0.499825
-0.021235 0.000199 -0.000214 -0.3593056878540585 0.9332147729067836 0.003100049074165269 0.986255 0.499825
-0.021324 0.000134 -0.000213 -0.8127997968000762 0.5824998543750547 0.007099998225000666 0.985215 0.499825
-0.021323 2.9E-05 0.00083 -0.9862945063548992 0.1547991377712039 0.057099681955657254 0.984176 0.492104
-0.021289 0.000134 0.000828 -0.8115279941409952 0.5824200909275609 0.04700162134889313 0.985215 0.492104
-0.021201 0.000199 0.000823 -0.35870707197963686 0.9332183985820939 0.020800410084127252 0.986255 0.492104
-0.020985 2.9E-05 -0.004364 -0.970602965196588 0.15480047291616714 -0.1843005630390801 0.984176 0.530704
-0.020865 0.000199 -0.004342 -0.35300701784927296 0.9332185525692396 -0.06700133199972037 0.986255 0.530704
-0.020952 0.000134 -0.004358 -0.798579728310892 0.5824852138005192 -0.15159615178052996 0.985215 0.530704
-0.021155 2.9E-05 -0.003335 -0.9784852005232624 0.15479765870311804 -0.13639793699680428 0.984176 0.522984
-0.021121 0.000134 -0.00333 -0.8050321657027838 0.5825232751824492 -0.11220448321969234 0.985215 0.522984
-0.021034 0.000199 -0.003318 -0.3559022760023326 0.9332059678712469 -0.049600317195042695 0.986255 0.522984
-0.01981 2.9E-05 -0.008363 -0.916003183116592 0.15480053793280396 -0.3701012861042038 0.984176 0.561584
-0.019697 0.000199 -0.008317 -0.3331108246121215 0.9332303258121639 -0.1346043740402028 0.986255 0.561584
-0.019779 0.000134 -0.008351 -0.7536660141973673 0.5824737339391887 -0.30448626950125823 0.985215 0.561584
-0.020177 2.9E-05 -0.007386 -0.9330679310063075 0.15479467979828143 -0.3246888406363177 0.984176 0.553864
-0.020146 0.000134 -0.007375 -0.7677401308254849 0.5824304444350168 -0.26711396241173246 0.985215 0.553864
-0.020062 0.000199 -0.007346 -0.33939962496362164 0.9331989688157094 -0.11809986949971632 0.986255 0.553864
-0.017776 0.000199 -0.011989 -0.3005042837190968 0.9332133030504532 -0.19700280829504851 0.986255 0.592464
-0.01785 0.000134 -0.012038 -0.6797718648247603 0.582475891821746 -0.44568155362223544 0.985215 0.592464
-0.015262 2.9E-05 -0.015301 -0.7046556840923223 0.154812233746085 -0.6924547199340392 0.984176 0.623343
-0.015175 0.000199 -0.015215 -0.2563057451576673 0.933220918381331 -0.25180564428677576 0.986255 0.623343
-0.015238 0.000134 -0.015277 -0.5798243850272792 0.5824244943771774 -0.5697239602449826 0.985215 0.623343
-0.015975 2.9E-05 -0.014539 -0.7378144317914301 0.15480302797684112 -0.6570128512970583 0.984176 0.615623
-0.01595 0.000134 -0.014516 -0.6069989043679664 0.5824989485903468 -0.5405990242196419 0.985215 0.615623
-0.015884 0.000199 -0.014458 -0.2683042754626945 0.9332148708974526 -0.23900380855603423 0.986255 0.615623
-0.012064 2.9E-05 -0.017973 -0.5560181820918365 0.15480506220830267 -0.8166267041298447 0.984176 0.654223
-0.011995 0.000199 -0.017872 -0.2022044404582692 0.9332204937470665 -0.2970065223348465 0.986255 0.654223
-0.012045 0.000134 -0.017945 -0.45751243993236496 0.5824158361018784 -0.6719182697061334 0.985215 0.654223
-0.012912 2.9E-05 -0.017365 -0.5954354026643294 0.1548092044548844 -0.7883468725567532 0.984176 0.646503
-0.012891 0.000134 -0.017338 -0.48993093276594113 0.5824367733065607 -0.648640953239415 0.985215 0.646503
-0.012838 0.000199 -0.017267 -0.2166027411250335 0.9332118098701814 -0.28670362825737356 0.986255 0.646503
-0.008357 0.000199 -0.019857 -0.14039978659248656 0.9331985815392341 -0.3307994971851464 0.986255 0.685103
-0.008392 0.000134 -0.019939 -0.3176217959554834 0.5824399684019947 -0.7482513467691835 0.985215 0.685103
-0.009356 2.9E-05 -0.019539 -0.4302237554605048 0.15480854798997243 -0.8893491067666827 0.984176 0.677383
-0.009341 0.000134 -0.019509 -0.35401935653749245 0.5824318453317391 -0.7317400089787662 0.985215 0.677383
-0.009302 0.000199 -0.019429 -0.156499472597666 0.9331968551318973 -0.3234989098105109 0.986255 0.677383
-0.004428 2.9E-05 -0.021215 -0.20120801628705648 0.15480616760057825 -0.9672385355508997 0.984176 0.715982
-0.004403 0.000199 -0.021095 -0.0732005958552754 0.9332075963407515 -0.35180286368696567 0.986255 0.715982
-0.004421 0.000134 -0.021182 -0.16551012539164073 0.582435631589677 -0.7958486875327352 0.985215 0.715982
-0.005444 2.9E-05 -0.020977 -0.24840198225572765 0.15480123531878678 -0.9562076305673382 0.984176 0.708263
-0.005435 0.000134 -0.020945 -0.20441369515427568 0.5824390218094431 -0.7867527102635453 0.985215 0.708263
-0.005413 0.000199 -0.020859 -0.09040003435201957 0.9332003546162022 -0.34780013216407535 0.986255 0.708263
-0.000283 2.9E-05 -0.02166 -0.008600071337887621 0.1548012840819772 -0.987908194732463 0.984176 0.746862
-0.000282 0.000199 -0.021537 -0.003100049074165269 0.9332147729067836 -0.3593056878540585 0.986255 0.746862
-0.000283 0.000134 -0.021626 -0.007100411800323887 0.5824337792265679 -0.8128471424370781 0.985215 0.746862
-0.001326 2.9E-05 -0.021625 -0.057099681955657254 0.1547991377712039 -0.9862945063548992 0.984176 0.739142
-0.001325 0.000134 -0.021591 -0.04700162134889313 0.5824200909275609 -0.8115279941409952 0.985215 0.739142
-0.001319 0.000199 -0.021503 -0.020800410084127252 0.9332183985820939 -0.35870707197963686 0.986255 0.739142
0.003868 2.9E-05 -0.021287 0.1843005630390801 0.15480047291616714 -0.970602965196588 0.984176 0.777741
0.003845 0.000199 -0.021167 0.06700133199972037 0.9332185525692396 -0.35300701784927296 0.986255 0.777741
0.003861 0.000134 -0.021254 0.15160498182155535 0.5824191386073472 -0.7986262432895389 0.985215 0.777741
0.002838 2.9E-05 -0.021457 0.13639793699680428 0.15479765870311804 -0.9784852005232624 0.984176 0.770022
0.002833 0.000134 -0.021424 0.11221101966322294 0.5824572001057134 -0.8050790626461183 0.985215 0.770022
0.002821 0.000199 -0.021336 0.049600317195042695 0.9332059678712469 -0.3559022760023326 0.986255 0.770022
0.007867 2.9E-05 -0.020112 0.3701012861042038 0.15480053793280396 -0.916003183116592 0.984176 0.808621
0.007821 0.000199 -0.019999 0.13459988962813577 0.9331992347769413 -0.3331997267763361 0.986255 0.808621
0.007854 0.000134 -0.020081 0.30450400425398405 0.5824076587110685 -0.7537099113505018 0.985215 0.808621
0.00689 2.9E-05 -0.02048 0.3246888406363177 0.15479467979828143 -0.9330679310063075 0.984176 0.800901
0.006879 0.000134 -0.020448 0.26711396241173246 0.5824304444350168 -0.7677401308254849 0.985215 0.800901
0.00685 0.000199 -0.020364 0.11809986949971632 0.9331989688157094 -0.33939962496362164 0.986255 0.800901
0.011559 2.9E-05 -0.01818 0.5416977329997311 0.15479935216606677 -0.8261965423747053 0.984176 0.839501
0.011492 0.000199 -0.018078 0.19700280829504851 0.9332133030504532 -0.3005042837190968 0.986255 0.839501
0.011541 0.000134 -0.018152 0.44570751246343443 0.582409816600189 -0.6798114583186958 0.985215 0.839501
0.010673 2.9E-05 -0.018731 0.5004184057274501 0.15480569385813203 -0.851831330932538 0.984176 0.831781
0.010656 0.000134 -0.018702 0.4118227250049659 0.5824321394922103 -0.7008386733450221 0.985215 0.831781
0.010611 0.000199 -0.018625 0.18199779329013446 0.9331886851557883 -0.30989624253083886 0.986255 0.831781
0.014804 2.9E-05 -0.015564 0.6924547199340392 0.154812233746085 -0.7046556840923223 0.984176 0.87038
0.014719 0.000199 -0.015477 0.2518993022398992 0.9331974150467405 -0.2562992900519498 0.986255 0.87038
0.014781 0.000134 -0.01554 0.5697239602449826 0.5824244943771774 -0.5798243850272792 0.985215 0.87038
0.014042 2.9E-05 -0.016277 0.6570128512970583 0.15480302797684112 -0.7378144317914301 0.984176 0.86266
0.01402 0.000134 -0.016252 0.5406305140473435 0.5824328734390916 -0.6070342619806466 0.985215 0.86266
0.013961 0.000199 -0.016186 0.2389973949425926 0.9331898282863073 -0.26839707448783207 0.986255 0.86266
0.017375 0.000199 -0.012297 0.29709769898723193 0.933192772449966 -0.2021984339791932 0.986255 0.90126
0.017449 0.000134 -0.012347 0.6719182697061334 0.5824158361018784 -0.45751243993236496 0.985215 0.90126
0.016868 2.9E-05 -0.013214 0.7883468725567532 0.1548092044548844 -0.5954354026643294 0.984176 0.89354
0.016841 0.000134 -0.013193 0.648640953239415 0.5824367733065607 -0.48993093276594113 0.985215 0.89354
0.016771 0.000199 -0.01314 0.28679540557440375 0.9331850504952356 -0.21659653015138022 0.986255 0.89354
0.019473 2.9E-05 -0.008707 0.9094148235824375 0.1548025233016949 -0.3860062919538387 0.984176 0.932139
0.019361 0.000199 -0.00866 0.3307994971851464 0.9331985815392341 -0.14039978659248656 0.986255 0.932139
0.019442 0.000134 -0.008694 0.7482513467691835 0.5824399684019947 -0.3176217959554834 0.985215 0.932139
0.019042 2.9E-05 -0.009658 0.8893491067666827 0.15480854798997243 -0.4302237554605048 0.984176 0.92442
0.019012 0.000134 -0.009643 0.7317400089787662 0.5824318453317391 -0.35401935653749245 0.985215 0.92442
0.018932 0.000199 -0.009604 0.3234989098105109 0.9331968551318973 -0.156499472597666 0.986255 0.92442
0.020718 2.9E-05 -0.00473 0.9672385355508997 0.15480616760057825 -0.20120801628705648 0.984176 0.963019
0.020598 0.000199 -0.004705 0.35180286368696567 0.9332075963407515 -0.0732005958552754 0.986255 0.963019
0.020685 0.000134 -0.004723 0.7958486875327354 0.5824356315896773 -0.16551012539164076 0.985215 0.963019
0.020481 2.9E-05 -0.005746 0.9562076305673382 0.15480123531878678 -0.24840198225572765 0.984176 0.955299
0.020448 0.000134 -0.005737 0.7867527102635453 0.5824390218094431 -0.20441369515427568 0.985215 0.955299
0.020362 0.000199 -0.005715 0.34780013216407535 0.9332003546162022 -0.09040003435201957 0.986255 0.955299
0.021041 0.000199 -0.000585 0.3593927744809029 0.9331812385797957 -0.0030999376763795185 0.986255 0.49982499999999996
0.021129 0.000134 -0.000585 0.8128471424370781 0.5824337792265679 -0.007100411800323887 0.985215 0.49982499999999996
0.020791 2.9E-05 0.003566 0.970602965196588 0.15480047291616714 0.1843005630390801 0.984176 0.036631
0.020671 0.000199 0.003543 0.35309455355851666 0.9331856057230465 0.06699896654891141 0.986255 0.036631
0.020758 0.000134 0.003559 0.7986262432895389 0.5824191386073472 0.15160498182155535 0.985215 0.036631
0.02096 2.9E-05 0.002536 0.9784852005232624 0.15479765870311804 0.13639793699680428 0.984176 0.028911
0.020927 0.000134 0.002531 0.8051142466226421 0.5824103058415436 0.11220198543169846 0.985215 0.028911
0.020839 0.000199 0.002519 0.35598960525528767 0.9331727517534676 0.04959855174343333 0.986255 0.028911
0.019616 2.9E-05 0.007564 0.916003183116592 0.15480053793280396 0.3701012861042038 0.984176 0.067511
0.019503 0.000199 0.007519 0.3331997267763361 0.9331992347769413 0.13459988962813577 0.986255 0.067511
0.019585 0.000134 0.007552 0.7537099113505018 0.5824076587110685 0.30450400425398405 0.985215 0.067511
0.019983 2.9E-05 0.006588 0.9330679310063075 0.15479467979828143 0.3246888406363177 0.984176 0.059791
0.019951 0.000134 0.006577 0.7677401308254849 0.5824304444350168 0.26711396241173246 0.985215 0.059791
0.019868 0.000199 0.006547 0.33939962496362164 0.9331989688157094 0.11809986949971632 0.986255 0.059791
0.017683 2.9E-05 0.011257 0.8261965423747053 0.15479935216606677 0.5416977329997311 0.984176 0.09839
0.017581 0.000199 0.01119 0.3004983622883883 0.9331949141015773 0.19709892581378147 0.986255 0.09839
0.017655 0.000134 0.011239 0.6798114583186958 0.582409816600189 0.44570751246343443 0.985215 0.09839
0.018234 2.9E-05 0.010371 0.851831330932538 0.15480569385813203 0.5004184057274501 0.984176 0.09067
0.018205 0.000134 0.010354 0.7008386733450221 0.5824321394922103 0.4118227250049659 0.985215 0.09067
0.018129 0.000199 0.010309 0.30989624253083886 0.9331886851557883 0.18199779329013446 0.986255 0.09067
0.015068 2.9E-05 0.014502 0.7046556840923223 0.154812233746085 0.6924547199340392 0.984176 0.12927
0.014981 0.000199 0.014417 0.2562992900519498 0.9331974150467405 0.2518993022398992 0.986255 0.12927
0.015044 0.000134 0.014479 0.5798243850272792 0.5824244943771774 0.5697239602449826 0.985215 0.12927
0.015781 2.9E-05 0.01374 0.7378144317914301 0.15480302797684112 0.6570128512970583 0.984176 0.12155
0.015756 0.000134 0.013718 0.6070342619806466 0.5824328734390916 0.5406305140473435 0.985215 0.12155
0.015689 0.000199 0.013659 0.26839707448783207 0.9331898282863073 0.2389973949425926 0.986255 0.12155
0.011869 2.9E-05 0.017174 0.5560181820918365 0.15480506220830267 0.8166267041298447 0.984176 0.160149
0.0118 0.000199 0.017073 0.2022044404582692 0.9332204937470665 0.2970065223348465 0.986255 0.160149
0.01185 0.000134 0.017147 0.45751243993236496 0.5824158361018784 0.6719182697061334 0.985215 0.160149
0.012717 2.9E-05 0.016566 0.5954354026643294 0.1548092044548844 0.7883468725567532 0.984176 0.152429
0.012697 0.000134 0.016539 0.48993093276594113 0.5824367733065607 0.648640953239415 0.985215 0.152429
0.012643 0.000199 0.016469 0.21659653015138022 0.9331850504952356 0.28679540557440375 0.986255 0.152429
0.008211 2.9E-05 0.019171 0.3860062919538387 0.1548025233016949 0.9094148235824375 0.984176 0.191029
0.008163 0.000199 0.019059 0.14039978659248656 0.9331985815392341 0.3307994971851464 0.986255 0.191029
0.008198 0.000134 0.01914 0.3176217959554834 0.5824399684019947 0.7482513467691835 0.985215 0.191029
0.009161 2.9E-05 0.01874 0.4302237554605048 0.15480854798997243 0.8893491067666827 0.984176 0.183309
0.009146 0.000134 0.01871 0.35401935653749245 0.5824318453317391 0.7317400089787662 0.985215 0.183309
0.009108 0.000199 0.01863 0.156499472597666 0.9331968551318973 0.3234989098105109 0.986255 0.183309
0.004233 2.9E-05 0.020416 0.20120801628705648 0.15480616760057825 0.9672385355508997 0.984176 0.221908
0.004208 0.000199 0.020296 0.0732005958552754 0.9332075963407515 0.35180286368696567 0.986255 0.221908
0.004226 0.000134 0.020383 0.16551012539164073 0.582435631589677 0.7958486875327352 0.985215 0.221908
0.005249 2.9E-05 0.020178 0.24840198225572765 0.15480123531878678 0.9562076305673382 0.984176 0.214188
0.005241 0.000134 0.020146 0.20441369515427568 0.5824390218094431 0.7867527102635453 0.985215 0.214188
0.005219 0.000199 0.02006 0.09040003435201957 0.9332003546162022 0.34780013216407535 0.986255 0.214188
8.9E-05 2.9E-05 0.020861 0.008600071337887621 0.1548012840819772 0.987908194732463 0.984176 0.252788
8.8E-05 0.000199 0.020739 0.003100049074165269 0.9332147729067836 0.3593056878540585 0.986255 0.252788
8.9E-05 0.000134 0.020827 0.007100411800323887 0.5824337792265679 0.8128471424370781 0.985215 0.252788
0.001132 2.9E-05 0.020826 0.057099681955657254 0.1547991377712039 0.9862945063548992 0.984176 0.245068
0.00113 0.000134 0.020793 0.04700162134889313 0.5824200909275609 0.8115279941409952 0.985215 0.245068
0.001125 0.000199 0.020704 0.020800410084127252 0.9332183985820939 0.35870707197963686 0.986255 0.245068
-0.004062 2.9E-05 0.020489 -0.1843005630390801 0.15480047291616714 0.970602965196588 0.984176 0.283668
-0.004039 0.000199 0.020369 -0.06700133199972037 0.9332185525692396 0.35300701784927296 0.986255 0.283668
-0.004056 0.000134 0.020456 -0.15160498182155535 0.5824191386073472 0.7986262432895389 0.985215 0.283668
-0.003032 2.9E-05 0.020658 -0.13639793699680428 0.15479765870311804 0.9784852005232624 0.984176 0.275948
-0.003028 0.000134 0.020625 -0.11221101966322294 0.5824572001057134 0.8050790626461183 0.985215 0.275948
-0.003016 0.000199 0.020537 -0.049600317195042695 0.9332059678712469 0.3559022760023326 0.986255 0.275948
-0.008061 2.9E-05 0.019314 -0.3701012861042038 0.15480053793280396 0.916003183116592 0.984176 0.314547
-0.008015 0.000199 0.0192 -0.13459988962813577 0.9331992347769413 0.3331997267763361 0.986255 0.314547
-0.008048 0.000134 0.019283 -0.30448626950125823 0.5824737339391887 0.7536660141973673 0.985215 0.314547
-0.007084 2.9E-05 0.019681 -0.3246888406363177 0.15479467979828143 0.9330679310063075 0.984176 0.306827
-0.007073 0.000134 0.019649 -0.26711396241173246 0.5824304444350168 0.7677401308254849 0.985215 0.306827
-0.007044 0.000199 0.019565 -0.11809986949971632 0.9331989688157094 0.33939962496362164 0.986255 0.306827
-0.011754 2.9E-05 0.017381 -0.5416977329997311 0.15479935216606677 0.8261965423747053 0.984176 0.345427
-0.011687 0.000199 0.017279 -0.19700280829504851 0.9332133030504532 0.3005042837190968 0.986255 0.345427
-0.011735 0.000134 0.017353 -0.4457118494070268 0.5825154863800608 0.6797180705451112 0.985215 0.345427
-0.010867 2.9E-05 0.017932 -0.5004184057274501 0.15480569385813203 0.851831330932538 0.984176 0.337707
-0.01085 0.000134 0.017903 -0.4117987378388028 0.5824982146457082 0.7007978520578751 0.985215 0.337707
-0.010805 0.000199 0.017827 -0.18200343261710905 0.9332176006499241 0.30980584299329883 0.986255 0.337707
-0.019206 0.000134 0.008844 -0.7316973878449881 0.5824979204861358 0.3539987362267675 0.985215 0.430345
-0.019127 0.000199 0.008806 -0.3234989098105109 0.9331968551318973 0.156499472597666 0.986255 0.430345
-0.019555 0.000199 0.007861 -0.33071043573245185 0.9332294485198793 0.14040443053170923 0.986255 0.438065
-0.019637 0.000134 0.007896 -0.7482077626958071 0.5825060435315527 0.3176032951512809 0.985215 0.438065
-0.014999 2.9E-05 0.014766 -0.6924547199340392 0.154812233746085 0.7046556840923223 0.984176 0.376306
-0.014913 0.000199 0.014678 -0.25180564428677576 0.933220918381331 0.2563057451576673 0.986255 0.376306
-0.014975 0.000134 0.014742 -0.5697238064066364 0.5825243412881618 0.5797242242828281 0.985215 0.376306
-0.014237 2.9E-05 0.015479 -0.6570128512970583 0.15480302797684112 0.7378144317914301 0.984176 0.368586
-0.014214 0.000134 0.015453 -0.5406305140473435 0.5824328734390916 0.6070342619806466 0.985215 0.368586
-0.014155 0.000199 0.015387 -0.23900380855603423 0.9332148708974526 0.2683042754626945 0.986255 0.368586
-0.01757 0.000199 0.011498 -0.2970065223348465 0.9332204937470665 0.2022044404582692 0.986255 0.407186
-0.017643 0.000134 0.011548 -0.6719098704284955 0.5825085571135565 0.45740671935406135 0.985215 0.407186
-0.018759 2.9E-05 0.009787 -0.8671948965730505 0.15479908901004177 0.4732972146540877 0.984176 0.422626
-0.018652 0.000199 0.009728 -0.3154012237591223 0.9332036208370732 0.17220066813988855 0.986255 0.422626
-0.01873 0.000134 0.009771 -0.7134925583114249 0.5824939246200491 0.3893959386215401 0.985215 0.422626
-0.018208 0.000134 0.010673 -0.6934915047810993 0.5824928645061145 0.42399480609543777 0.985215 0.414906
-0.018133 0.000199 0.010627 -0.3066023669794096 0.9332072043874269 0.1874014467447533 0.986255 0.414906
-0.020388 2.9E-05 0.00595 -0.9428382375801033 0.15480627829592702 0.29511196850857924 0.984176 0.453505
-0.020271 0.000199 0.005914 -0.34290755433663395 0.9332205590753772 0.10730236389711528 0.986255 0.453505
-0.020356 0.000134 0.00594 -0.7757121865341764 0.5825091512906507 0.2428038144778884 0.985215 0.453505
-0.02002 0.000134 0.006927 -0.7629433287819972 0.5824330773137176 0.28051593095209104 0.985215 0.445785
-0.019937 0.000199 0.006896 -0.33720976573622563 0.9332270266460432 0.1240035911960023 0.986255 0.445785
-0.021237 2.9E-05 0.00187 -0.9822967682489487 0.15479949071051335 0.10549965290671291 0.984176 0.484385
-0.021115 0.000199 0.001857 -0.3572127455781474 0.9332332983581387 0.03840137018533275 0.986255 0.484385
-0.021203 0.000134 0.001866 -0.808188794540045 0.5824919238054642 0.08679879654302883 0.985215 0.484385
-0.021067 0.000134 0.002899 -0.8029731249392549 0.5824805047037558 0.12629577295121777 0.985215 0.476665
-0.020979 0.000199 0.002885 -0.35491244167371816 0.933232715046249 0.05580195617186102 0.986255 0.476665
-0.021273 2.9E-05 -0.002298 -0.9840008462410916 0.15480013312817173 -0.08820007585209785 0.984176 0.515264
-0.021152 0.000199 -0.002287 -0.3579038206436781 0.9332099620695178 -0.03200034160546996 0.986255 0.515264
-0.02124 0.000134 -0.002295 -0.8095940656972476 0.582495730321945 -0.07249946858084294 0.985215 0.515264
-0.021307 0.000134 -0.001255 -0.812181977881864 0.5824870747552151 -0.032699274411151134 0.985215 0.507545
-0.021219 0.000199 -0.001252 -0.35900834883622945 0.9332217023230344 -0.01450033720926275 0.986255 0.507545
-0.020496 2.9E-05 -0.006393 -0.9478811847452223 0.154796927311489 -0.2784944719395975 0.984176 0.546144
-0.020379 0.000199 -0.006358 -0.3447099932875602 0.9332270546444769 -0.101302936814708 0.986255 0.546144
-0.020464 0.000134 -0.006383 -0.7798855449553851 0.5824892036626642 -0.22909575374955599 0.985215 0.546144
-0.020733 0.000134 -0.005377 -0.7902260146686113 0.5824191735547953 -0.19060627486185436 0.985215 0.538424
-0.020647 0.000199 -0.005356 -0.34930657226498635 0.9332175586535507 -0.08420158426771214 0.986255 0.538424
-0.018935 2.9E-05 -0.010257 -0.8753537790114211 0.15480951101447274 -0.45802813982318163 0.984176 0.577024
-0.018905 0.000134 -0.010241 -0.7202098921508034 0.582508000802337 -0.3768051754546276 0.985215 0.577024
-0.018827 0.000199 -0.0102 -0.318400579489582 0.9332016984286367 -0.16660030321282776 0.986255 0.577024
-0.019365 0.000134 -0.009307 -0.7377984137351158 0.582498747629039 -0.3410992666373651 0.985215 0.569304
-0.019285 0.000199 -0.00927 -0.32619847991862533 0.9331956513183972 -0.15079929727691202 0.986255 0.569304
-0.01665 2.9E-05 -0.013743 -0.7691878161614872 0.15479754802625875 -0.6199901794333361 0.984176 0.607903
-0.016555 0.000199 -0.013666 -0.2797999258530295 0.9331997527020984 -0.2254999402425238 0.986255 0.607903
-0.016624 0.000134 -0.013722 -0.632817687501552 0.5825162815576075 -0.510114257892765 0.985215 0.607903
-0.017257 0.000134 -0.012895 -0.6571153701082624 0.5825136251530404 -0.4784111901686086 0.985215 0.600183
-0.017186 0.000199 -0.012842 -0.2905022165403683 0.933207120397493 -0.21150161376346951 0.986255 0.600183
-0.013729 2.9E-05 -0.016716 -0.6334398414517816 0.15480973706462864 -0.758147685198288 0.984176 0.638783
-0.01365 0.000199 -0.016622 -0.23040496643257774 0.9332201157763957 -0.2757059429056497 0.986255 0.638783
-0.013707 0.000134 -0.01669 -0.5212089544467566 0.5824100058898525 -0.6238107171601819 0.985215 0.638783
-0.01449 0.000134 -0.016002 -0.5511255673081149 0.5824270194161606 -0.5975277199539079 0.985215 0.631063
-0.01443 0.000199 -0.015937 -0.24360584539239113 0.9332223929399811 -0.2641063373075964 0.986255 0.631063
-0.010283 2.9E-05 -0.019061 -0.4732972146540877 0.15479908901004177 -0.8671948965730505 0.984176 0.669663
-0.010225 0.000199 -0.018954 -0.17220066813988855 0.9332036208370732 -0.3154012237591223 0.986255 0.669663
-0.010267 0.000134 -0.019032 -0.3894186204965192 0.5824278494534484 -0.71353411844958 0.985215 0.669663
-0.011169 0.000134 -0.01851 -0.4240195032255866 0.5824267893362776 -0.6935318997333593 0.985215 0.661943
-0.011123 0.000199 -0.018435 -0.1874014467447533 0.9332072043874269 -0.3066023669794096 0.986255 0.661943
-0.006447 2.9E-05 -0.02069 -0.29511196850857924 0.15480627829592702 -0.9428382375801033 0.984176 0.700543
-0.00641 0.000199 -0.020573 -0.10730236389711528 0.9332205590753772 -0.34290755433663395 0.986255 0.700543
-0.006437 0.000134 -0.020658 -0.2428179582661799 0.5824430761706062 -0.7757573732581373 0.985215 0.700543
-0.007423 0.000134 -0.020322 -0.28051593095209104 0.5824330773137176 -0.7629433287819972 0.985215 0.692823
-0.007393 0.000199 -0.020239 -0.12399940914422314 0.9331955533337826 -0.33729839277698764 0.986255 0.692823
-0.002366 2.9E-05 -0.021539 -0.10549965290671291 0.15479949071051335 -0.9822967682489487 0.984176 0.731422
-0.002353 0.000199 -0.021417 -0.03839999827200011 0.9331999580060027 -0.35729998392150103 0.986255 0.731422
-0.002363 0.000134 -0.021506 -0.08680385244045885 0.5824258486327561 -0.8082358703039038 0.985215 0.731422
-0.003396 0.000134 -0.021369 -0.12630312919878933 0.5824144294962385 -0.8030198950643535 0.985215 0.723702
-0.003382 0.000199 -0.021281 -0.05579997544801621 0.9331995893922711 -0.3549998438001031 0.986255 0.723702
0.001801 2.9E-05 -0.021575 0.08820007585209785 0.15480013312817173 -0.9840008462410916 0.984176 0.762302
0.00179 0.000199 -0.021454 0.03200034160546996 0.9332099620695178 -0.3579038206436781 0.986255 0.762302
0.001798 0.000134 -0.021542 0.07250369161944059 0.582429655160858 -0.8096412239324015 0.985215 0.762302
0.000759 0.000134 -0.021609 0.032701179062267015 0.582420999567716 -0.8122292854548402 0.985215 0.754582
0.000755 0.000199 -0.021521 0.014499816578480417 0.9331881952439949 -0.3590954574711943 0.986255 0.754582
0.005896 2.9E-05 -0.020798 0.2784944719395975 0.154796927311489 -0.9478811847452223 0.984176 0.793182
0.005862 0.000199 -0.020681 0.10129944437407143 0.9331948814401131 -0.34479810878756 0.986255 0.793182
0.005887 0.000134 -0.020766 0.2291090981029321 0.5824231284816571 -0.7799309716738401 0.985215 0.793182
0.00488 0.000134 -0.021035 0.19060627486185436 0.5824191735547953 -0.7902260146686113 0.985215 0.785461
0.004859 0.000199 -0.020949 0.08420158426771214 0.9332175586535507 -0.34930657226498635 0.986255 0.785461
0.00976 2.9E-05 -0.019237 0.45802813982318163 0.15480951101447274 -0.8753537790114211 0.984176 0.824061
0.009745 0.000134 -0.019207 0.3768271249927206 0.5824419256787698 -0.7202518455938358 0.985215 0.824061
0.009704 0.000199 -0.019129 0.16660030321282776 0.9332016984286367 -0.318400579489582 0.986255 0.824061
0.008773 0.000199 -0.019587 0.15079929727691202 0.9331956513183972 -0.32619847991862533 0.986255 0.816341
0.00881 0.000134 -0.019667 0.34111913561463353 0.5824326724771697 -0.7378413903737221 0.985215 0.816341
0.013246 2.9E-05 -0.016952 0.6199901794333361 0.15479754802625875 -0.7691878161614872 0.984176 0.854941
0.013225 0.000134 -0.016926 0.5101116867926181 0.5824133432425423 -0.6329145002373026 0.985215 0.854941
0.013169 0.000199 -0.016857 0.2254999402425238 0.9331997527020984 -0.2797999258530295 0.986255 0.854941
0.012346 0.000199 -0.017488 0.21150161376346951 0.933207120397493 -0.2905022165403683 0.986255 0.847221
0.012398 0.000134 -0.017559 0.4785161693345473 0.5824196802935013 -0.6571222045344433 0.985215 0.847221
0.016219 2.9E-05 -0.014031 0.758147685198288 0.15480973706462864 -0.6334398414517816 0.984176 0.88582
0.016193 0.000134 -0.014009 0.6238107171601819 0.5824100058898525 -0.5212089544467566 0.985215 0.88582
0.016125 0.000199 -0.013952 0.27579833969899253 0.9331943821867289 -0.23039861300452458 0.986255 0.88582
0.015441 0.000199 -0.014732 0.26409990228305424 0.9331996547161916 -0.24369990983105003 0.986255 0.8781
0.015506 0.000134 -0.014792 0.5975277199539079 0.5824270194161606 -0.5511255673081149 0.985215 0.8781
0.018565 2.9E-05 -0.010586 0.8671948965730505 0.15479908901004177 -0.4732972146540877 0.984176 0.9167
0.018535 0.000134 -0.01057 0.71353411844958 0.5824278494534484 -0.3894186204965192 0.985215 0.9167
0.018458 0.000199 -0.010527 0.3154012237591223 0.9332036208370732 -0.17220066813988855 0.986255 0.9167
0.017938 0.000199 -0.011425 0.3066023669794096 0.9332072043874269 -0.1874014467447533 0.986255 0.90898
0.018014 0.000134 -0.011472 0.6935318997333593 0.5824267893362776 -0.4240195032255866 0.985215 0.90898
0.020193 2.9E-05 -0.006749 0.9428382375801033 0.15480627829592702 -0.29511196850857924 0.984176 0.94758
0.020161 0.000134 -0.006739 0.7757573732581373 0.5824430761706062 -0.2428179582661799 0.985215 0.94758
0.020077 0.000199 -0.006713 0.3429957931823948 0.933188554512568 -0.10729868398971126 0.986255 0.94758
0.019743 0.000199 -0.007695 0.33729839277698764 0.9331955533337826 -0.12399940914422314 0.986255 0.93986
0.019826 0.000134 -0.007725 0.7629433287819972 0.5824330773137176 -0.28051593095209104 0.985215 0.93986
0.021042 2.9E-05 -0.002669 0.9822967682489487 0.15479949071051335 -0.10549965290671291 0.984176 0.978459
0.021009 0.000134 -0.002665 0.8082358703039038 0.5824258486327561 -0.08680385244045885 0.985215 0.978459
0.020921 0.000199 -0.002656 0.35729998392150114 0.933199958006003 -0.038399998272000115 0.986255 0.978459
0.020785 0.000199 -0.003684 0.3549998438001031 0.9331995893922711 -0.05579997544801621 0.986255 0.970739
0.020872 0.000134 -0.003698 0.8030198950643535 0.5824144294962385 -0.12630312919878933 0.985215 0.970739
0.021079 2.9E-05 0.001499 0.9840008462410916 0.15480013312817173 0.08820007585209785 0.984176 0.021191
0.021045 0.000134 0.001496 0.8096412239324015 0.582429655160858 0.07250369161944059 0.985215 0.021191
0.020957 0.000199 0.001488 0.35798986008081773 0.9331735682330143 0.03209909080612919 0.986255 0.021191
0.021024 0.000199 0.000453 0.3590954574711943 0.9331881952439949 0.014499816578480417 0.986255 0.013471
0.021113 0.000134 0.000456 0.8122292854548402 0.582420999567716 0.032701179062267015 0.985215 0.013471
0.020302 2.9E-05 0.005594 0.9478811847452223 0.154796927311489 0.2784944719395975 0.984176 0.052071
0.020184 0.000199 0.005559 0.3447981087875599 0.9331948814401129 0.1012994443740714 0.986255 0.052071
0.020269 0.000134 0.005584 0.7799309716738401 0.5824231284816571 0.2291090981029321 0.985215 0.052071
0.020538 0.000134 0.004578 0.7902260146686113 0.5824191735547953 0.19060627486185436 0.985215 0.044351
0.020452 0.000199 0.004557 0.34939142429273473 0.9331770954492847 0.08429793093267757 0.986255 0.044351
0.01874 2.9E-05 0.009458 0.8753537790114211 0.15480951101447274 0.45802813982318163 0.984176 0.082951
0.018632 0.000199 0.009402 0.318400579489582 0.9332016984286367 0.16660030321282776 0.986255 0.082951
0.018711 0.000134 0.009443 0.7202518455938358 0.5824419256787698 0.3768271249927206 0.985215 0.082951
0.019171 0.000134 0.008508 0.7378413903737221 0.5824326724771697 0.34111913561463353 0.985215 0.075231
0.01909 0.000199 0.008471 0.32619847991862533 0.9331956513183972 0.15079929727691202 0.986255 0.075231
0.016455 2.9E-05 0.012944 0.7691878161614872 0.15479754802625875 0.6199901794333361 0.984176 0.11383
0.01636 0.000199 0.012867 0.2797999258530295 0.9331997527020984 0.2254999402425238 0.986255 0.11383
0.016429 0.000134 0.012923 0.6329145002373026 0.5824133432425423 0.5101116867926181 0.985215 0.11383
0.017063 0.000134 0.012096 0.6571222045344433 0.5824196802935013 0.4785161693345473 0.985215 0.10611
0.016991 0.000199 0.012044 0.29049607106720804 0.9331873787260535 0.21159713816805928 0.986255 0.10611
0.013534 2.9E-05 0.015917 0.6334398414517816 0.15480973706462864 0.758147685198288 0.984176 0.14471
0.013456 0.000199 0.015823 0.23039861300452458 0.9331943821867289 0.27579833969899253 0.986255 0.14471
0.013513 0.000134 0.015891 0.5212089544467566 0.5824100058898525 0.6238107171601819 0.985215 0.14471
0.014295 0.000134 0.015204 0.5511255673081149 0.5824270194161606 0.5975277199539079 0.985215 0.13699
0.014235 0.000199 0.015138 0.24369990983105003 0.9331996547161916 0.26409990228305424 0.986255 0.13699
0.010089 2.9E-05 0.018263 0.4732972146540877 0.15479908901004177 0.8671948965730505 0.984176 0.175589
0.01003 0.000199 0.018155 0.17220066813988855 0.9332036208370732 0.3154012237591223 0.986255 0.175589
0.010073 0.000134 0.018233 0.3894186204965192 0.5824278494534484 0.71353411844958 0.985215 0.175589
0.010975 0.000134 0.017712 0.4240195032255866 0.5824267893362776 0.6935318997333593 0.985215 0.167869
0.010929 0.000199 0.017636 0.1874014467447533 0.9332072043874269 0.3066023669794096 0.986255 0.167869
0.006253 2.9E-05 0.019891 0.29511196850857924 0.15480627829592702 0.9428382375801033 0.984176 0.206469
0.006216 0.000199 0.019775 0.10729868398971126 0.933188554512568 0.3429957931823948 0.986255 0.206469
0.006242 0.000134 0.019859 0.2428179582661799 0.5824430761706062 0.7757573732581373 0.985215 0.206469
0.007229 0.000134 0.019524 0.28051593095209104 0.5824330773137176 0.7629433287819972 0.985215 0.198749
0.007198 0.000199 0.019441 0.12399940914422314 0.9331955533337826 0.33729839277698764 0.986255 0.198749
0.002172 2.9E-05 0.02074 0.10549965290671291 0.15479949071051335 0.9822967682489487 0.984176 0.237348
0.002159 0.000199 0.020619 0.03839999827200011 0.9331999580060027 0.35729998392150103 0.986255 0.237348
0.002168 0.000134 0.020707 0.08680385244045885 0.5824258486327561 0.8082358703039038 0.985215 0.237348
0.003201 0.000134 0.02057 0.12630312919878933 0.5824144294962385 0.8030198950643535 0.985215 0.229628
0.003188 0.000199 0.020483 0.05579997544801621 0.9331995893922711 0.3549998438001031 0.986255 0.229628
-0.001996 2.9E-05 0.020777 -0.08820007585209785 0.15480013312817173 0.9840008462410916 0.984176 0.268228
-0.001985 0.000199 0.020655 -0.032100239789686846 0.9332069710821111 0.35790267354295713 0.986255 0.268228
-0.001993 0.000134 0.020743 -0.07250369161944059 0.582429655160858 0.8096412239324015 0.985215 0.268228
-0.000953 0.000134 0.020811 -0.032701179062267015 0.582420999567716 0.8122292854548402 0.985215 0.260508
-0.000949 0.000199 0.020722 -0.014499816578480417 0.9331881952439949 0.3590954574711943 0.986255 0.260508
-0.00609 2.9E-05 0.019999 -0.2784944719395975 0.154796927311489 0.9478811847452223 0.984176 0.299108
-0.006056 0.000199 0.019882 -0.10129944437407143 0.9331948814401131 0.34479810878756 0.986255 0.299108
-0.006081 0.000134 0.019967 -0.2291090981029321 0.5824231284816571 0.7799309716738401 0.985215 0.299108
-0.005074 0.000134 0.020236 -0.19060627486185436 0.5824191735547953 0.7902260146686113 0.985215 0.291388
-0.005054 0.000199 0.02015 -0.08420158426771214 0.9332175586535507 0.34930657226498635 0.986255 0.291388
-0.009955 2.9E-05 0.018438 -0.45802813982318163 0.15480951101447274 0.8753537790114211 0.984176 0.329987
-0.009898 0.000199 0.01833 -0.16660030321282776 0.9332016984286367 0.318400579489582 0.986255 0.329987
-0.009939 0.000134 0.018408 -0.3768051754546276 0.582508000802337 0.7202098921508034 0.985215 0.329987
-0.009005 0.000134 0.018869 -0.3410992666373651 0.582498747629039 0.7377984137351158 0.985215 0.322267
-0.008967 0.000199 0.018788 -0.15079929727691202 0.9331956513183972 0.32619847991862533 0.986255 0.322267
-0.013441 2.9E-05 0.016153 -0.6199901794333361 0.15479754802625875 0.7691878161614872 0.984176 0.360867
-0.013364 0.000199 0.016058 -0.2254999402425238 0.9331997527020984 0.2797999258530295 0.986255 0.360867
-0.013419 0.000134 0.016127 -0.5101439737550584 0.5824502064594118 0.6328545512491687 0.985215 0.360867
-0.012592 0.000134 0.016761 -0.4784882987117307 0.5824857554850223 0.657083931208941 0.985215 0.353147
-0.01254 0.000199 0.016689 -0.21150161376346951 0.933207120397493 0.2905022165403683 0.986255 0.353147
-0.016413 2.9E-05 0.013232 -0.758147685198288 0.15480973706462864 0.6334398414517816 0.984176 0.391746
-0.01632 0.000199 0.013154 -0.2757059429056497 0.9332201157763957 0.23040496643257774 0.986255 0.391746
-0.016388 0.000134 0.01321 -0.623774385230795 0.5824760811108337 0.5211785982402859 0.985215 0.391746
-0.0157 0.000134 0.013993 -0.5974929167634574 0.5824930945852953 0.551093466825676 0.985215 0.384026
-0.015635 0.000199 0.013933 -0.2641063373075964 0.9332223929399811 0.24360584539239113 0.986255 0.384026
-0.018223 0.000208 -0.011049 -0.004099953732283195 0.9999887151910232 -0.0023999729164584553 0.446016 0.577093
-0.017679 0.000208 -0.011925 -0.003999954480777011 0.9999886201942528 -0.002599970412505057 0.452988 0.565891
-0.018724 0.000208 -0.010147 -0.004199952792795911 0.9999887601895028 -0.002199975272416906 0.439602 0.588627
0.02089 0.000208 -0.001615 0.004899940956067218 0.9999879502177995 -0.0002999963850653398 0.946181 0.698106
0.020805 0.000208 -0.002643 0.0048999405640814345 0.9999878702207009 -0.0004999939351103505 0.945103 0.684951
0.020925 0.000208 -0.000584 0.004899941176559261 0.9999879952161758 0 0.94661 0.711299
-0.016873 0.000208 0.012271 -0.0037999565857440103 0.9999885751957922 0.0028999668680677972 0.463084 0.875394
-0.016231 0.000208 0.013079 -0.003699956895753245 0.9999883502035797 0.003099963885631097 0.47129 0.885735
-0.017474 0.000208 0.011433 -0.0038999561257403764 0.9999887501898401 0.0026999696255125684 0.455399 0.864664
-0.020679 0.000208 0.003882 -0.004599949469832609 0.9999890151810021 0.0008999901136629019 0.414466 0.76807
-0.020865 0.000208 0.002867 -0.004699946937898605 0.9999887101911925 0.0006999920971338347 0.412104 0.755086
-0.020444 0.000208 0.004887 -0.004599948020881045 0.9999887001915314 0.0011999864402298375 0.417462 0.780922
-0.02016 0.000208 0.005879 -0.004499950028332401 0.999988895184978 0.0013999844532589692 0.421085 0.793612
-0.021119 0.000208 -0.000215 -0.0047999447049554955 0.9999884801990616 0 0.408864 0.715657
-0.021103 0.000208 -0.001247 -0.004799944608958816 0.9999884601997534 -0.0001999976920399507 0.409079 0.702456
-0.021085 0.000208 0.000816 -0.00469994787786705 0.9999889101844788 0.00029999667305534363 0.409299 0.728852
-0.021 0.000208 0.001844 -0.004699947501879603 0.9999888301871497 0.0004999944150935749 0.410381 0.742004
-0.020751 0.000208 -0.00432 -0.004699946185924255 0.99998855019665 -0.000899989695176985 0.413609 0.663139
-0.020534 0.000208 -0.005329 -0.004599948549863203 0.9999888151876529 -0.0010999876967064182 0.4164 0.650239
-0.020919 0.000208 -0.003302 -0.004699947243388287 0.9999887751889972 -0.0005999932651133983 0.411454 0.676163
-0.021036 0.000208 -0.002277 -0.0046999477133725315 0.999988875185645 -0.00039999555007425806 0.409943 0.68928
-0.019589 0.000208 -0.008274 -0.0043999502808427385 0.9999887001915314 -0.0017999796603447565 0.428506 0.612575
-0.01918 0.000208 -0.009221 -0.004299951647315587 0.9999887551896715 -0.001999977510379343 0.43376 0.600464
-0.019952 0.000208 -0.007308 -0.004499948678377982 0.9999885951951073 -0.0015999817523121719 0.423855 0.624929
-0.020267 0.000208 -0.006325 -0.0044999506358122865 0.9999890301805082 -0.0012999857392346607 0.419817 0.637494
-0.017092 0.000208 -0.012774 -0.0037999576687073543 0.9999888601861459 -0.0027999688085212082 0.4605 0.555043
-0.015092 0.000208 -0.015134 -0.003399961835642591 0.9999887751889974 -0.0032999629581236915 0.486095 0.524884
-0.014351 0.000208 -0.015852 -0.003199964016606949 0.9999887551896715 -0.00349996064316385 0.495579 0.515708
-0.015797 0.000208 -0.01438 -0.00359995824072661 0.9999884002018361 -0.003199962880645876 0.477072 0.534514
-0.016464 0.000208 -0.013593 -0.0036999580242143217 0.9999886551930599 -0.00299996596557918 0.468534 0.544575
-0.01193 0.000208 -0.017776 -0.0026999696255125684 0.9999887501898401 -0.0038999561257403764 0.526564 0.491123
-0.011063 0.000208 -0.018336 -0.0024999711754985186 0.9999884701994075 -0.004099952727817571 0.537655 0.483972
-0.012768 0.000208 -0.017175 -0.0028999668680677972 0.9999885751957922 -0.0037999565857440103 0.515838 0.498808
-0.013576 0.000208 -0.016533 -0.003099963885631097 0.9999883502035797 -0.003699956895753245 0.505502 0.507009
-0.009252 0.000208 -0.019324 -0.002099975955412965 0.99998855019665 -0.004299950765845595 0.560827 0.471346
-0.008312 0.000208 -0.019751 -0.0018999781788759224 0.9999885151978539 -0.004399949466870557 0.572849 0.465902
-0.007353 0.000208 -0.02013 -0.0015999817523121719 0.9999885951951073 -0.004499948678377982 0.585124 0.461056
-0.010169 0.000208 -0.018852 -0.0022999736309534807 0.9999885351971655 -0.004199951847828095 0.549087 0.477374
-0.004379 0.000208 -0.020981 -0.0009999884551999266 0.9999884551999266 -0.004699945739439655 0.623155 0.450205
-0.003364 0.000208 -0.021167 -0.0006999917646453331 0.9999882352076188 -0.00479994352899657 0.636134 0.447846
-0.005384 0.000208 -0.020747 -0.0011999864402298375 0.9999887001915314 -0.004599948020881045 0.610305 0.453198
-0.006376 0.000208 -0.020463 -0.0013999838162806252 0.9999884402004465 -0.004599946824922054 0.597619 0.456818
-0.000281 0.000208 -0.021421 0 0.9999884801990616 -0.0047999447049554955 0.675546 0.44461
0.00075 0.000208 -0.021405 0.0001999976920399507 0.9999884601997534 -0.004799944608958816 0.688741 0.444825
-0.001313 0.000208 -0.021387 -0.0002999965305601859 0.9999884352006199 -0.004799944488962975 0.662358 0.445044
-0.002341 0.000208 -0.021302 -0.0004999941776017025 0.999988355203405 -0.004799944104976344 0.649212 0.446125
0.003823 0.000208 -0.021053 0.000899989695176985 0.99998855019665 -0.004699946185924255 0.728039 0.449344
0.004832 0.000208 -0.020836 0.0010999871852239377 0.9999883502035797 -0.004699945245956825 0.740939 0.452129
0.002805 0.000208 -0.021221 0.0005999929801231986 0.999988300205331 -0.0047999438409855886 0.71502 0.447195
0.00178 0.000208 -0.021338 0.0003999953600807345 0.9999884002018361 -0.004799944320968813 0.70191 0.445687
0.007777 0.000208 -0.019892 0.0017999788593724441 0.9999882552069134 -0.00449994714843111 0.778601 0.464231
0.008724 0.000208 -0.019482 0.0019999766404092596 0.9999883202046297 -0.004399948608900371 0.79071 0.46948
0.006811 0.000208 -0.020255 0.0015999810243375765 0.9999881402109853 -0.004599945444970532 0.766251 0.459582
0.005829 0.000208 -0.02057 0.0012999851477545298 0.9999885751957922 -0.004599947445900644 0.753688 0.455545
0.011429 0.000208 -0.017981 0.0026999674655880583 0.9999879502177993 -0.004099950595892977 0.825286 0.488695
0.012278 0.000208 -0.017394 0.002799967730557857 0.9999884751992346 -0.003899955053277015 0.836138 0.496205
0.010552 0.000208 -0.018525 0.0023999719204927943 0.999988300205331 -0.00419995086086239 0.81408 0.481727
0.00965 0.000208 -0.019026 0.00219997433744903 0.9999883352041045 -0.004299949841377649 0.802546 0.475317
0.014637 0.000208 -0.015394 0.003399960696681519 0.9999884402004467 -0.003399960696681519 0.866305 0.521798
0.015355 0.000208 -0.014653 0.0035999570707678946 0.9999880752133041 -0.0032999606482039035 0.875484 0.531282
0.013884 0.000208 -0.016099 0.003199962880645876 0.9999884002018361 -0.00359995824072661 0.856672 0.512776
0.013097 0.000208 -0.016766 0.0029999648406181007 0.9999882802060335 -0.0037999554647829272 0.846609 0.504239
0.016678 0.000208 -0.01307 0.0038999539418159194 0.9999881902092101 -0.002899965751606709 0.892392 0.551546
0.01728 0.000208 -0.012232 0.00399995342081362 0.999988355203405 -0.0026999685590491937 0.900079 0.562275
0.017839 0.000208 -0.011365 0.004199949831898885 0.9999880552140203 -0.002499970138035051 0.907229 0.573368
0.016036 0.000208 -0.013878 0.003699956895753245 0.9999883502035797 -0.003099963885631097 0.884188 0.541206
0.019254 0.000208 -0.008614 0.004499946315960674 0.9999880702134831 -0.001899977333405618 0.925305 0.608556
0.019634 0.000208 -0.007655 0.004599944685997725 0.9999879752168966 -0.0016999795578687242 0.930155 0.620832
0.018828 0.000208 -0.009554 0.004399947706932254 0.9999881152118757 -0.002099975041944939 0.919857 0.596533
0.018356 0.000208 -0.010471 0.004299948873911831 0.9999881102120538 -0.0022999726534877235 0.913826 0.584795
0.020485 0.000208 -0.004681 0.004799942305040238 0.9999879802167162 -0.0009999879802167163 0.94102 0.658874
0.02067 0.000208 -0.003666 0.00479994352899657 0.9999882352076188 -0.0006999917646453331 0.943382 0.671863
0.02025 0.000208 -0.005686 0.004699944705475809 0.9999882352076188 -0.0011999858822491424 0.938022 0.646019
0.019966 0.000208 -0.006678 0.004599946824922054 0.9999884402004465 -0.0013999838162806252 0.934397 0.633329
0.020908 0.000208 0.000448 0.004899941078562793 0.9999879752168966 0.00019999759504337933 0.946391 0.724497
0.020557 0.000208 0.003521 0.004799942761023859 0.9999880752133041 0.0008999892676919736 0.94186 0.763798
0.020339 0.000208 0.00453 0.004699945245956825 0.9999883502035797 0.0010999871852239377 0.93907 0.776696
0.020724 0.000208 0.002503 0.00479994352899657 0.9999882352076188 0.0006999917646453331 0.944013 0.750778
0.020842 0.000208 0.001478 0.004899940784573426 0.9999879152190666 0.00039999516608762667 0.945524 0.737668
0.019395 0.000208 0.007475 0.00449994714843111 0.9999882552069134 0.0017999788593724441 0.926969 0.814354
0.018985 0.000208 0.008422 0.004399948608900371 0.9999883202046297 0.0019999766404092596 0.921717 0.826463
0.019758 0.000208 0.006509 0.004599945444970532 0.9999881402109853 0.0015999810243375765 0.931618 0.802002
0.020073 0.000208 0.005527 0.004699943483519414 0.9999879752168964 0.001399983165303655 0.935653 0.78944
0.017484 0.000208 0.011127 0.004099950595892977 0.9999879502177993 0.0026999674655880583 0.902502 0.861037
0.016897 0.000208 0.011975 0.0038999539418159194 0.9999881902092101 0.002899965751606709 0.894993 0.87189
0.018029 0.000208 0.01025 0.00419995086086239 0.999988300205331 0.0023999719204927943 0.90947 0.849831
0.018529 0.000208 0.009348 0.004299948873911831 0.9999881102120538 0.0022999726534877235 0.915879 0.838298
0.014898 0.000208 0.014335 0.003399960696681519 0.9999884402004467 0.003399960696681519 0.869391 0.902064
0.014157 0.000208 0.015053 0.0032999606482039035 0.9999880752133041 0.0035999570707678946 0.859905 0.911241
0.015603 0.000208 0.013582 0.00359995824072661 0.9999884002018361 0.003199962880645876 0.878417 0.892431
0.01627 0.000208 0.012794 0.003799954305824207 0.9999879752168966 0.0030999627231723796 0.886958 0.882365
0.011735 0.000208 0.016977 0.0026999685590491937 0.999988355203405 0.00399995342081362 0.828914 0.935834
0.010868 0.000208 0.017537 0.0024999711754985186 0.9999884701994075 0.004099952727817571 0.817817 0.942987
0.012573 0.000208 0.016376 0.002899965751606709 0.9999881902092101 0.0038999539418159194 0.839643 0.928147
0.013381 0.000208 0.015734 0.003099963885631097 0.9999883502035797 0.003699956895753245 0.849981 0.919943
0.008118 0.000208 0.018952 0.001899977333405618 0.9999880702134831 0.004499946315960674 0.78261 0.961053
0.007158 0.000208 0.019332 0.0015999817523121719 0.9999885951951073 0.004499948678377982 0.770335 0.965897
0.009057 0.000208 0.018526 0.002099975955412965 0.99998855019665 0.004299950765845595 0.794635 0.955613
0.009975 0.000208 0.018053 0.0022999736309534807 0.9999885351971655 0.004199951847828095 0.806382 0.949585
0.004185 0.000208 0.020183 0.0009999884551999266 0.9999884551999266 0.004699945739439655 0.732304 0.976746
0.00317 0.000208 0.020368 0.0006999917646453331 0.9999882352076188 0.00479994352899657 0.719321 0.979105
0.005189 0.000208 0.019948 0.0011999858822491424 0.9999882352076188 0.004699944705475809 0.745154 0.973752
0.006181 0.000208 0.019664 0.0013999838162806252 0.9999884402004465 0.004599946824922054 0.757841 0.970133
8.7E-05 0.000208 0.020623 0 0.9999884801990616 0.0047999447049554955 0.679898 0.982329
-0.000945 0.000208 0.020606 -0.0001999976920399507 0.9999884601997534 0.004799944608958816 0.666706 0.982109
0.001118 0.000208 0.020588 0.0001999976920399507 0.9999884601997534 0.004799944608958816 0.693087 0.9819
0.002147 0.000208 0.020503 0.0004999941776017025 0.999988355203405 0.004799944104976344 0.706237 0.980824
-0.004018 0.000208 0.020255 -0.000899989695176985 0.99998855019665 0.004699946185924255 0.627418 0.977583
-0.005026 0.000208 0.020037 -0.0010999871852239377 0.9999883502035797 0.004699945245956825 0.614523 0.974795
-0.003 0.000208 0.020422 -0.0005999929801231986 0.999988300205331 0.0047999438409855886 0.640435 0.979734
-0.001974 0.000208 0.020539 -0.0003999953600807345 0.9999884002018361 0.004799944320968813 0.653542 0.981244
-0.007972 0.000208 0.019093 -0.0017999796603447565 0.9999887001915314 0.0043999502808427385 0.576872 0.962697
-0.008919 0.000208 0.018683 -0.001999977510379343 0.9999887551896715 0.004299951647315587 0.564766 0.957449
-0.007006 0.000208 0.019456 -0.0015999817523121719 0.9999885951951073 0.004499948678377982 0.58922 0.967344
-0.006023 0.000208 0.019771 -0.0012999851477545298 0.9999885751957922 0.004599947445900644 0.601779 0.97138
-0.011623 0.000208 0.017182 -0.002599970412505057 0.9999886201942528 0.003999954480777011 0.530197 0.938239
-0.012472 0.000208 0.016595 -0.0027999688085212082 0.9999888601861459 0.0037999576687073543 0.519346 0.930731
-0.010747 0.000208 0.017726 -0.0023999729164584553 0.9999887151910232 0.004099953732283195 0.5414 0.945204
-0.009844 0.000208 0.018227 -0.002199975272416906 0.9999887601895028 0.004199952792795911 0.552933 0.951613
-0.019022 0.000208 0.008755 -0.004299951647315587 0.9999887551896715 0.001999977510379343 0.435624 0.830405
-0.019448 0.000208 0.007816 -0.004399949466870557 0.9999885151978539 0.0018999781788759224 0.430178 0.818385
-0.01855 0.000208 0.009673 -0.004199951847828095 0.9999885351971655 0.0022999736309534807 0.441653 0.842143
-0.019828 0.000208 0.006856 -0.004499948678377982 0.9999885951951073 0.0015999817523121719 0.425327 0.806111
-0.014832 0.000208 0.014596 -0.0032999629581236915 0.9999887751889974 0.003399961835642591 0.489177 0.905146
-0.01555 0.000208 0.013855 -0.00349996064316385 0.9999887551896715 0.003199964016606949 0.479994 0.895661
-0.014078 0.000208 0.015301 -0.003199964016606949 0.9999887551896715 0.00349996064316385 0.498812 0.914167
-0.013291 0.000208 0.015968 -0.00299996596557918 0.9999886551930599 0.0036999580242143217 0.508877 0.922701
-0.018034 0.000208 0.010566 -0.004099952727817571 0.9999884701994075 0.0024999711754985186 0.44825 0.853572
-0.016991 0.000212 -0.011474 0.0010999990650011923 0.9999991500010839 0.0006999994050007587 0.461782 0.571666
0.020069 0.000212 -0.001567 -0.001199999130000946 0.9999992750007884 9.999992750007884E-05 0.935673 0.698707
0.020102 0.000212 -0.000576 -0.0011999991360009332 0.9999992800007776 0 0.936088 0.711384
-0.016216 0.000212 0.011776 0.0010999989825014119 0.9999990750012834 -0.0007999992600010267 0.471486 0.869057
-0.016794 0.000212 0.01097 0.0010999989825014119 0.9999990750012834 -0.0007999992600010267 0.464101 0.858748
-0.020052 0.000212 0.00274 0.0012999988755014588 0.9999991350011223 -0.00019999982700022445 0.422498 0.753457
-0.020281 0.000212 -0.001214 0.0013999986280020169 0.9999990200014406 0 0.419596 0.702886
-0.019734 0.000212 -0.005136 0.0012999988430015448 0.9999991100011884 0.0002999997330003565 0.426627 0.652714
-0.018433 0.000212 -0.008876 0.0011999989860012853 0.9999991550010711 0.0004999995775005356 0.443309 0.604887
-0.016427 0.000212 -0.01229 0.0010999989825014119 0.9999990750012834 0.0007999992600010267 0.468999 0.561241
-0.013793 0.000212 -0.015247 0.0008999991855011058 0.9999990950012286 0.0009999990950012286 0.502707 0.523446
-0.010634 0.000212 -0.017634 0.0006999994050007587 0.9999991500010839 0.0010999990650011923 0.543137 0.492952
-0.007991 0.000212 -0.018993 0.0004999995775005356 0.9999991550010711 0.0011999989860012853 0.576952 0.475589
-0.007069 0.000212 -0.019358 0.00039999968000038413 0.9999992000009602 0.0011999990400011521 0.588747 0.470933
-0.003236 0.000212 -0.020354 0.00019999982700022445 0.9999991350011223 0.0012999988755014588 0.637762 0.458236
0.000717 0.000212 -0.020583 0 0.9999991550010711 0.0012999989015013923 0.688312 0.455336
0.004639 0.000212 -0.020036 -0.0002999997705002633 0.9999992350008778 0.0011999990820010533 0.738467 0.462355
0.008379 0.000212 -0.018735 -0.0004999996350003997 0.9999992700007994 0.0010999991970008793 0.786289 0.479027
0.011793 0.000212 -0.016729 -0.0006999994785005829 0.9999992550008326 0.0009999992550008326 0.82994 0.504707
0.014751 0.000212 -0.014096 -0.0008999993475007096 0.9999992750007884 0.0007999994200006308 0.867746 0.538412
0.0166 0.000212 -0.011769 -0.0009999992550008326 0.9999992550008326 0.0006999994785005829 0.891379 0.568191
0.017137 0.000212 -0.010936 -0.0009999993200006938 0.9999993200006937 0.0005999995920004162 0.898249 0.57885
0.018862 0.000212 -0.007371 -0.0010999992465007744 0.9999993150007038 0.00039999972600028154 0.920277 0.624459
0.019857 0.000212 -0.003538 -0.0011999991120009855 0.9999992600008214 0.0001999998520001643 0.932984 0.673492
0.020086 0.000212 0.000415 -0.0011999991360009332 0.9999992800007776 0 0.935877 0.724065
0.01954 0.000212 0.004337 -0.0011999990820010533 0.9999992350008778 -0.0002999997705002633 0.928844 0.774222
0.018238 0.000212 0.008077 -0.0010999991970008793 0.9999992700007994 -0.0004999996350003997 0.91217 0.822043
0.016232 0.000212 0.011491 -0.0009999992550008326 0.9999992550008326 -0.0006999994785005829 0.88649 0.865691
0.013599 0.000212 0.014448 -0.0007999994200006308 0.9999992750007884 -0.0008999993475007096 0.852777 0.903502
0.010439 0.000212 0.016835 -0.0005999995290005546 0.9999992150009243 -0.0010999991365010168 0.812335 0.934003
0.006874 0.000212 0.01856 -0.00039999968000038413 0.9999992000009602 -0.0011999990400011521 0.766714 0.95602
0.003042 0.000212 0.019555 -0.00019999982700022445 0.9999991350011223 -0.0012999988755014588 0.717694 0.968711
-0.000912 0.000212 0.019784 0 0.9999991550010711 -0.0012999989015013923 0.667138 0.971599
-0.004834 0.000212 0.019238 0.0002999997330003565 0.9999991100011884 -0.0012999988430015448 0.616995 0.964572
-0.008574 0.000212 0.017936 0.0004999995775005356 0.9999991550010711 -0.0011999989860012853 0.569186 0.947904
-0.011988 0.000212 0.01593 0.0007999992600010267 0.9999990750012834 -0.0010999989825014119 0.525542 0.922231
-0.018691 0.000212 0.007494 0.0012999987390018347 0.9999990300014113 -0.0004999995150007057 0.439866 0.81428
-0.019056 0.000212 0.006572 0.0012999987390018347 0.9999990300014113 -0.0004999995150007057 0.435205 0.802485
-0.014945 0.000212 0.013297 0.0009999990950012286 0.9999990950012286 -0.0008999991855011058 0.487733 0.88853
-0.017332 0.000212 0.010137 0.0011999988420016764 0.999999035001397 -0.0006999993245009778 0.45723 0.848091
-0.017514 0.000212 -0.010632 0.0011999988420016764 0.999999035001397 0.0006999993245009778 0.455083 0.582431
-0.017995 0.000212 -0.009765 0.001199998920001458 0.999999100001215 0.000599999460000729 0.448921 0.593514
0.019988 0.000212 -0.002555 -0.001199999130000946 0.9999992750007884 9.999992750007884E-05 0.934639 0.686067
-0.015599 0.000212 0.012552 0.0009999990950012286 0.9999990950012286 -0.0008999991855011058 0.47937 0.878992
-0.019874 0.000212 0.003715 0.0012999988430015448 0.9999991100011884 -0.0002999997330003565 0.424767 0.765933
-0.019648 0.000212 0.00468 0.0012999988430015448 0.9999991100011884 -0.0002999997330003565 0.427648 0.778282
-0.019375 0.000212 0.005634 0.0012999987975016686 0.9999990750012836 -0.00039999963000051346 0.431129 0.790475
-0.020297 0.000212 -0.000222 0.0013999986280020169 0.9999990200014406 0 0.419389 0.71557
-0.020264 0.000212 0.000769 0.0013999986210020375 0.9999990150014554 -9.999990150014555E-05 0.419804 0.728248
-0.020182 0.000212 0.001757 0.001299998895001409 0.9999991500010839 -9.999991500010839E-05 0.420843 0.740886
-0.019943 0.000212 -0.004166 0.0012999988755014588 0.9999991350011223 0.00019999982700022445 0.423947 0.665109
-0.020104 0.000212 -0.003188 0.0012999988755014588 0.9999991350011223 0.00019999982700022445 0.421878 0.677624
-0.020217 0.000212 -0.002203 0.0013999986210020375 0.9999990150014554 9.999990150014555E-05 0.420426 0.690227
-0.018827 0.000212 -0.007966 0.0012999987390018347 0.9999990300014113 0.0004999995150007057 0.43826 0.616523
-0.019175 0.000212 -0.007038 0.0012999987975016686 0.9999990750012836 0.00039999963000051346 0.43379 0.628395
-0.019478 0.000212 -0.006094 0.0012999987975016686 0.9999990750012836 0.00039999963000051346 0.429911 0.640468
-0.014505 0.000212 -0.014557 0.0008999992710008858 0.9999991900009841 0.0008999992710008858 0.493593 0.532263
-0.015183 0.000212 -0.013833 0.0009999990950012286 0.9999990950012286 0.0008999991855011058 0.484925 0.541517
-0.015824 0.000212 -0.013077 0.0009999990950012286 0.9999990950012286 0.0008999991855011058 0.47672 0.551183
-0.011467 0.000212 -0.017096 0.0006999994050007587 0.9999991500010839 0.0010999990650011923 0.532479 0.499823
-0.012272 0.000212 -0.016518 0.0007999992600010267 0.9999990750012834 0.0010999989825014119 0.522173 0.507207
-0.013048 0.000212 -0.015901 0.0008999991855011058 0.9999990950012286 0.0009999990950012286 0.512241 0.515087
-0.008894 0.000212 -0.018584 0.0004999995775005356 0.9999991550010711 0.0011999989860012853 0.565401 0.480822
-0.009775 0.000212 -0.01813 0.000599999460000729 0.999999100001215 0.001199998920001458 0.554121 0.486613
-0.004211 0.000212 -0.020176 0.00019999982700022445 0.9999991350011223 0.0012999988755014588 0.62529 0.460503
-0.005177 0.000212 -0.01995 0.0002999997330003565 0.9999991100011884 0.0012999988430015448 0.612943 0.463381
-0.00613 0.000212 -0.019678 0.00039999963000051346 0.9999990750012836 0.0012999987975016686 0.600752 0.46686
-0.000274 0.000212 -0.020599 0 0.9999991550010711 0.0012999989015013923 0.675633 0.45513
-0.001265 0.000212 -0.020566 9.999991500010839E-05 0.9999991500010839 0.001299998895001409 0.662961 0.455545
-0.002253 0.000212 -0.020484 9.999991500010839E-05 0.9999991500010839 0.001299998895001409 0.650328 0.456583
0.00367 0.000212 -0.020245 -0.00019999982700022445 0.9999991350011223 0.0012999988755014588 0.726072 0.459679
0.002692 0.000212 -0.020406 -0.00019999982700022445 0.9999991350011223 0.0012999988755014588 0.713562 0.457615
0.001707 0.000212 -0.020519 -9.999991500010839E-05 0.9999991500010839 0.001299998895001409 0.700965 0.456166
0.007469 0.000212 -0.019129 -0.0004999995775005356 0.9999991550010711 0.0011999989860012853 0.774654 0.473983
0.006541 0.000212 -0.019478 -0.00039999968000038413 0.9999992000009602 0.0011999990400011521 0.762787 0.469517
0.005597 0.000212 -0.01978 -0.0002999997705002633 0.9999992350008778 0.0011999990820010533 0.750716 0.465638
0.010978 0.000212 -0.017293 -0.0006999994785005829 0.9999992550008326 0.0009999992550008326 0.819512 0.497491
0.010136 0.000212 -0.017816 -0.0005999995290005546 0.9999992150009243 0.0010999991365010168 0.808745 0.490796
0.009269 0.000212 -0.018297 -0.0005999995290005546 0.9999992150009243 0.0010999991365010168 0.797662 0.484636
0.014061 0.000212 -0.014808 -0.0008999992710008858 0.9999991900009841 0.0008999992710008858 0.858926 0.529299
0.013337 0.000212 -0.015485 -0.0007999994200006308 0.9999992750007884 0.0008999993475007096 0.84967 0.520631
0.01258 0.000212 -0.016126 -0.0007999994200006308 0.9999992750007884 0.0008999993475007096 0.840001 0.512427
0.016022 0.000212 -0.012574 -0.0009999992550008326 0.9999992550008326 0.0006999994785005829 0.883991 0.557882
0.015405 0.000212 -0.01335 -0.0008999993475007096 0.9999992750007884 0.0007999994200006308 0.876108 0.547948
0.018497 0.000212 -0.008293 -0.0010999991970008793 0.9999992700007994 0.0004999996350003997 0.915618 0.612663
0.018087 0.000212 -0.009196 -0.0010999991970008793 0.9999992700007994 0.0004999996350003997 0.910382 0.601109
0.017634 0.000212 -0.010077 -0.0010999991365010168 0.9999992150009243 0.0005999995290005546 0.904587 0.589831
0.019679 0.000212 -0.004514 -0.0011999991120009855 0.9999992600008214 0.0001999998520001643 0.930716 0.661012
0.019454 0.000212 -0.005479 -0.0011999990820010533 0.9999992350008778 0.0002999997705002633 0.927836 0.648659
0.019181 0.000212 -0.006432 -0.0011999990820010533 0.9999992350008778 0.0002999997705002633 0.924352 0.636466
0.019749 0.000212 0.003368 -0.0011999991120009855 0.9999992600008214 -0.0001999998520001643 0.931526 0.761829
0.019909 0.000212 0.002389 -0.0011999991120009855 0.9999992600008214 -0.0001999998520001643 0.933593 0.749316
0.020022 0.000212 0.001404 -0.001199999130000946 0.9999992750007884 -9.999992750007884E-05 0.935045 0.736719
0.018632 0.000212 0.007167 -0.0010999991970008793 0.9999992700007994 -0.0004999996350003997 0.917216 0.810408
0.018981 0.000212 0.006239 -0.0011999990400011521 0.9999992000009602 -0.00039999968000038413 0.921683 0.798538
0.019284 0.000212 0.005295 -0.0011999990820010533 0.9999992350008778 -0.0002999997705002633 0.925562 0.786466
0.016796 0.000212 0.010676 -0.0009999992550008326 0.9999992550008326 -0.0006999994785005829 0.893706 0.855264
0.017319 0.000212 0.009833 -0.0010999991365010168 0.9999992150009243 -0.0005999995290005546 0.900401 0.844496
0.0178 0.000212 0.008966 -0.0010999991970008793 0.9999992700007994 -0.0004999996350003997 0.906561 0.833414
0.014311 0.000212 0.013759 -0.0008999992710008858 0.9999991900009841 -0.0008999992710008858 0.86189 0.894682
0.014988 0.000212 0.013035 -0.0008999993475007096 0.9999992750007884 -0.0007999994200006308 0.870561 0.885427
0.015629 0.000212 0.012278 -0.0008999993475007096 0.9999992750007884 -0.0007999994200006308 0.878769 0.875755
0.011272 0.000212 0.016297 -0.0006999994785005829 0.9999992550008326 -0.0009999992550008326 0.822997 0.927131
0.012078 0.000212 0.015719 -0.0007999993440008069 0.9999991800010086 -0.0009999991800010086 0.833306 0.919745
0.012854 0.000212 0.015103 -0.0007999994200006308 0.9999992750007884 -0.0008999993475007096 0.84324 0.911863
0.007796 0.000212 0.018195 -0.0004999995775005356 0.9999991550010711 -0.0011999989860012853 0.778508 0.951365
0.008699 0.000212 0.017785 -0.0004999996350003997 0.9999992700007994 -0.0010999991970008793 0.790062 0.946135
0.009581 0.000212 0.017331 -0.0005999995290005546 0.9999992150009243 -0.0010999991365010168 0.801347 0.940343
0.004017 0.000212 0.019377 -0.00019999982700022445 0.9999991350011223 -0.0012999988755014588 0.73017 0.966446
0.004983 0.000212 0.019152 -0.0002999997705002633 0.9999992350008778 -0.0011999990820010533 0.742517 0.963569
0.005936 0.000212 0.018879 -0.00039999968000038413 0.9999992000009602 -0.0011999990400011521 0.754708 0.960091
8E-05 0.000212 0.0198 0 0.9999991550010711 -0.0012999989015013923 0.679815 0.97181
0.001071 0.000212 0.019767 -9.999991500010839E-05 0.9999991500010839 -0.001299998895001409 0.692487 0.971397
0.002059 0.000212 0.019685 -9.999991500010839E-05 0.9999991500010839 -0.001299998895001409 0.705123 0.970364
-0.003864 0.000212 0.019446 0.00019999982700022445 0.9999991350011223 -0.0012999988755014588 0.629387 0.967251
-0.002886 0.000212 0.019607 0.00019999982700022445 0.9999991350011223 -0.0012999988755014588 0.641895 0.969317
-0.001901 0.000212 0.01972 9.999991500010839E-05 0.9999991500010839 -0.001299998895001409 0.654489 0.970768
-0.007664 0.000212 0.01833 0.0004999995775005356 0.9999991550010711 -0.0011999989860012853 0.580818 0.952946
-0.006736 0.000212 0.018679 0.00039999963000051346 0.9999990750012836 -0.0012999987975016686 0.592683 0.957411
-0.005791 0.000212 0.018982 0.00039999963000051346 0.9999990750012836 -0.0012999987975016686 0.60475 0.96129
-0.011172 0.000212 0.016494 0.0006999994050007587 0.9999991500010839 -0.0010999990650011923 0.535968 0.929444
-0.01033 0.000212 0.017017 0.0006999993245009778 0.999999035001397 -0.0011999988420016764 0.546734 0.936138
-0.009463 0.000212 0.017498 0.000599999460000729 0.999999100001215 -0.001199998920001458 0.557815 0.942296
-0.018282 0.000212 0.008397 0.001199998920001458 0.999999100001215 -0.000599999460000729 0.445099 0.825829
-0.017828 0.000212 0.009279 0.001199998920001458 0.999999100001215 -0.000599999460000729 0.450891 0.837108
-0.014255 0.000212 0.014009 0.0008999992710008858 0.9999991900009841 -0.0008999992710008858 0.496556 0.897643
-0.013531 0.000212 0.014686 0.0008999991855011058 0.9999990950012286 -0.0009999990950012286 0.505813 0.906312
-0.012775 0.000212 0.015327 0.0007999993440008069 0.9999991800010086 -0.0009999991800010086 0.515483 0.914513
-0.017064 -0.001622 0.012416 -0.7939010082549207 -0.1004001275082429 0.5997007616204508 0.968736 0.399466
-0.016414 -0.001622 0.013233 -0.7635271744157146 -0.1004035734267685 0.6379227040730641 0.968736 0.391746
-0.015726 -0.001622 0.014017 -0.7313127944292587 -0.10040175654409624 0.6746118024367262 0.968736 0.384026
-0.015 -0.001622 0.014766 -0.6973559267011525 -0.10040805254667391 0.7096569132183248 0.968736 0.376306
-0.014238 -0.001622 0.015479 -0.6617079239998351 -0.10040120231159658 0.7430088975848232 0.968736 0.368586
-0.013441 -0.001622 0.016154 -0.6244122760660223 -0.10040197392221116 0.7746152290851072 0.968736 0.360867
-0.012613 -0.001622 0.016789 -0.5856932235686048 -0.10039883839215967 0.8042906944104983 0.968736 0.353147
-0.011755 -0.001622 0.017382 -0.5455342578993709 -0.1004063052119099 0.8320522503616437 0.968736 0.345427
-0.010868 -0.001622 0.017933 -0.5040209173021111 -0.10040416685938879 0.8578356009161723 0.968736 0.337707
-0.009956 -0.001622 0.018439 -0.4612777646412703 -0.10039516056792443 0.8815575055446432 0.968736 0.329987
-0.009019 -0.001622 0.0189 -0.4175050059150315 -0.10040120381765069 0.9031108283637485 0.968736 0.322267
-0.008062 -0.001622 0.019315 -0.37270154671462824 -0.10040041666259372 0.9225038283988317 0.968736 0.314547
-0.007085 -0.001622 0.019682 -0.32690329193272477 -0.10040101104327184 0.9397094629219377 0.968736 0.306827
-0.006091 -0.001622 0.020001 -0.28040483982930353 -0.10040173294886617 0.9546164768225861 0.968736 0.299108
-0.005083 -0.001622 0.02027 -0.23330176260147473 -0.10040075853059607 0.9672073072788099 0.968736 0.291388
-0.004062 -0.001622 0.02049 -0.1855968662233705 -0.10039830478893533 0.9774834953305208 0.968736 0.283668
-0.003033 -0.001622 0.020659 -0.1373038026814736 -0.10040278069351749 0.9854272917867742 0.968736 0.275948
-0.001996 -0.001622 0.020778 -0.08879793103231017 -0.10039766076175607 0.9909769105069748 0.968736 0.268228
-0.000954 -0.001622 0.020846 -0.04010154434020938 -0.10040386662735716 0.9941382850025473 0.968736 0.260508
8.9E-05 -0.001622 0.020862 0.008700078910073572 -0.1004009106403893 0.99490902386577 0.968736 0.252788
0.001132 -0.001622 0.020827 0.05749910014612403 -0.10039842877688439 0.9932844552199128 0.968736 0.245068
0.002172 -0.001622 0.020741 0.1061961191337381 -0.10039633108311963 0.9892638480132494 0.968736 0.237348
0.003207 -0.001622 0.020605 0.15460949640691293 -0.10040616713618408 0.9828603691378657 0.968736 0.229628
0.004233 -0.001622 0.020417 0.20260022995139151 -0.10040011395419401 0.9741011056053823 0.968736 0.221908
0.00525 -0.001622 0.02018 0.25019384530710725 -0.10039753025113338 0.962976311074118 0.968736 0.214188
0.006253 -0.001622 0.019893 0.2972062042442711 -0.10040209591562857 0.9495198214331607 0.968736 0.206469
0.007241 -0.001622 0.019556 0.34340237635266657 -0.10040069477521178 0.9338064619630753 0.968736 0.198749
0.008211 -0.001622 0.019172 0.3887276997791568 -0.10040715476672844 0.9158652623044811 0.968736 0.191029
0.009162 -0.001622 0.018741 0.43319547529689056 -0.10039895133842987 0.8956906445600761 0.968736 0.183309
0.01009 -0.001622 0.018264 0.47670573480448486 -0.10040120783379543 0.8733105059885811 0.968736 0.175589
0.010993 -0.001622 0.017741 0.5189081521111051 -0.10040157732116968 0.8489133365332763 0.968736 0.167869
0.01187 -0.001622 0.017175 0.5599938625009003 -0.10039889963408999 0.8223909866441793 0.968736 0.160149
0.012718 -0.001622 0.016567 0.5997007616204508 -0.1004001275082429 0.7939010082549207 0.968736 0.152429
0.013535 -0.001622 0.015918 0.6379227040730641 -0.1004035734267685 0.7635271744157146 0.968736 0.14471
0.014319 -0.001622 0.015229 0.6746118024367262 -0.10040175654409624 0.7313127944292587 0.968736 0.13699
0.015069 -0.001622 0.014503 0.7096569132183248 -0.10040805254667391 0.6973559267011525 0.968736 0.12927
0.015782 -0.001622 0.013741 0.7430088975848232 -0.10040120231159658 0.6617079239998351 0.968736 0.12155
0.016456 -0.001622 0.012945 0.7746152290851072 -0.10040197392221116 0.6244122760660223 0.968736 0.11383
0.017091 -0.001622 0.012116 0.8042906944104983 -0.10039883839215967 0.5856932235686048 0.968736 0.10611
0.017685 -0.001622 0.011258 0.8320830173589218 -0.10039795089873302 0.5454888666858453 0.968736 0.09839
0.018235 -0.001622 0.010371 0.8578356009161723 -0.10040416685938879 0.5040209173021111 0.968736 0.09067
0.018742 -0.001622 0.009459 0.8815575055446432 -0.10039516056792443 0.4612777646412703 0.968736 0.082951
0.019203 -0.001622 0.008523 0.9031108283637485 -0.10040120381765069 0.4175050059150315 0.968736 0.075231
0.019617 -0.001622 0.007565 0.9225038283988317 -0.10040041666259372 0.37270154671462824 0.968736 0.067511
0.019984 -0.001622 0.006588 0.9397094629219377 -0.10040101104327184 0.32690329193272477 0.968736 0.059791
0.020303 -0.001622 0.005594 0.9546164768225861 -0.10040173294886617 0.28040483982930353 0.968736 0.052071
0.020572 -0.001622 0.004586 0.9672073072788099 -0.10040075853059607 0.23330176260147473 0.968736 0.044351
0.020792 -0.001622 0.003566 0.9774834953305208 -0.10039830478893533 0.1855968662233705 0.968736 0.036631
0.020962 -0.001622 0.002536 0.9854272917867742 -0.10040278069351749 0.1373038026814736 0.968736 0.028911
0.02108 -0.001622 0.001499 0.9909769105069748 -0.10039766076175607 0.08879793103231017 0.968736 0.021191
0.021148 -0.001622 0.000458 0.9941382850025473 -0.10040386662735716 0.04010154434020938 0.968736 0.013471
0.021164 -0.001622 -0.000586 0.99490902386577 -0.1004009106403893 -0.008700078910073572 0.968736 0.49982499999999996
0.02113 -0.001622 -0.001629 0.9932844552199128 -0.10039842877688439 -0.05749910014612403 0.968736 0.986179
0.021044 -0.001622 -0.002669 0.9892638480132494 -0.10039633108311963 -0.1061961191337381 0.968736 0.978459
0.020907 -0.001622 -0.003703 0.9828603691378657 -0.10040616713618408 -0.15460949640691293 0.968736 0.970739
0.020719 -0.001622 -0.00473 0.9741011056053823 -0.10040011395419401 -0.20260022995139151 0.968736 0.963019
0.020482 -0.001622 -0.005746 0.962976311074118 -0.10039753025113338 -0.25019384530710725 0.968736 0.955299
0.020195 -0.001622 -0.00675 0.9495198214331607 -0.10040209591562857 -0.2972062042442711 0.968736 0.94758
0.019859 -0.001622 -0.007738 0.9338064619630753 -0.10040069477521178 -0.34340237635266657 0.968736 0.93986
0.019475 -0.001622 -0.008708 0.9158652623044811 -0.10040715476672844 -0.3887276997791568 0.968736 0.932139
0.019043 -0.001622 -0.009658 0.8956708682827588 -0.1004079445908765 -0.4332342788522679 0.968736 0.92442
0.018566 -0.001622 -0.010586 0.8733105059885811 -0.10040120783379543 -0.47670573480448486 0.968736 0.9167
0.018044 -0.001622 -0.01149 0.8489133365332763 -0.10040157732116968 -0.5189081521111051 0.968736 0.90898
0.017478 -0.001622 -0.012367 0.8223909866441793 -0.10039889963408999 -0.5599938625009003 0.968736 0.90126
0.016869 -0.001622 -0.013214 0.7939010082549207 -0.1004001275082429 -0.5997007616204508 0.968736 0.89354
0.01622 -0.001622 -0.014032 0.7635271744157146 -0.1004035734267685 -0.6379227040730641 0.968736 0.88582
0.015531 -0.001622 -0.014816 0.7313127944292587 -0.10040175654409624 -0.6746118024367262 0.968736 0.8781
0.014805 -0.001622 -0.015565 0.6973559267011525 -0.10040805254667391 -0.7096569132183248 0.968736 0.87038
0.014043 -0.001622 -0.016278 0.6617079239998351 -0.10040120231159658 -0.7430088975848232 0.968736 0.86266
0.013247 -0.001622 -0.016953 0.6244122760660223 -0.10040197392221116 -0.7746152290851072 0.968736 0.854941
0.012419 -0.001622 -0.017588 0.5856932235686048 -0.10039883839215967 -0.8042906944104983 0.968736 0.847221
0.01156 -0.001622 -0.018181 0.5455342578993709 -0.1004063052119099 -0.8320522503616437 0.968736 0.839501
0.010674 -0.001622 -0.018732 0.5040209173021111 -0.10040416685938879 -0.8578356009161723 0.968736 0.831781
0.009761 -0.001622 -0.019238 0.4612777646412703 -0.10039516056792443 -0.8815575055446432 0.968736 0.824061
0.008825 -0.001622 -0.019699 0.4175050059150315 -0.10040120381765069 -0.9031108283637485 0.968736 0.816341
0.007867 -0.001622 -0.020114 0.37270154671462824 -0.10040041666259372 -0.9225038283988317 0.968736 0.808621
0.00689 -0.001622 -0.020481 0.32690329193272477 -0.10040101104327184 -0.9397094629219377 0.968736 0.800901
0.005896 -0.001622 -0.020799 0.28040483982930353 -0.10040173294886617 -0.9546164768225861 0.968736 0.793182
0.004888 -0.001622 -0.021069 0.23330176260147473 -0.10040075853059607 -0.9672073072788099 0.968736 0.785461
0.003868 -0.001622 -0.021289 0.1855968662233705 -0.10039830478893533 -0.9774834953305208 0.968736 0.777741
0.002838 -0.001622 -0.021458 0.1373038026814736 -0.10040278069351749 -0.9854272917867742 0.968736 0.770022
0.001801 -0.001622 -0.021577 0.08879793103231017 -0.10039766076175607 -0.9909769105069748 0.968736 0.762302
0.00076 -0.001622 -0.021644 0.04010154434020938 -0.10040386662735716 -0.9941382850025473 0.968736 0.754582
-0.000284 -0.001622 -0.021661 -0.008700078910073572 -0.1004009106403893 -0.99490902386577 0.968736 0.746862
-0.001327 -0.001622 -0.021626 -0.05749910014612403 -0.10039842877688439 -0.9932844552199128 0.968736 0.739142
-0.002367 -0.001622 -0.02154 -0.1061961191337381 -0.10039633108311963 -0.9892638480132494 0.968736 0.731422
-0.003401 -0.001622 -0.021403 -0.15460949640691293 -0.10040616713618408 -0.9828603691378657 0.968736 0.723702
-0.004428 -0.001622 -0.021216 -0.20260022995139151 -0.10040011395419401 -0.9741011056053823 0.968736 0.715982
-0.005444 -0.001622 -0.020978 -0.25019384530710725 -0.10039753025113338 -0.962976311074118 0.968736 0.708263
-0.006447 -0.001622 -0.020691 -0.2972062042442711 -0.10040209591562857 -0.9495198214331607 0.968736 0.700543
-0.007435 -0.001622 -0.020355 -0.34340237635266657 -0.10040069477521178 -0.9338064619630753 0.968736 0.692823
-0.008406 -0.001622 -0.019971 -0.3887276997791568 -0.10040715476672844 -0.9158652623044811 0.968736 0.685103
-0.009356 -0.001622 -0.01954 -0.4332342788522679 -0.1004079445908765 -0.8956708682827588 0.968736 0.677383
-0.010284 -0.001622 -0.019063 -0.47670573480448486 -0.10040120783379543 -0.8733105059885811 0.968736 0.669663
-0.011188 -0.001622 -0.01854 -0.5189081521111051 -0.10040157732116968 -0.8489133365332763 0.968736 0.661943
-0.012064 -0.001622 -0.017974 -0.5599938625009003 -0.10039889963408999 -0.8223909866441793 0.968736 0.654223
-0.012912 -0.001622 -0.017366 -0.5997007616204508 -0.1004001275082429 -0.7939010082549207 0.968736 0.646503
-0.013729 -0.001622 -0.016717 -0.6379227040730641 -0.1004035734267685 -0.7635271744157146 0.968736 0.638783
-0.014514 -0.001622 -0.016028 -0.6746118024367262 -0.10040175654409624 -0.7313127944292587 0.968736 0.631063
-0.015263 -0.001622 -0.015302 -0.7096569132183248 -0.10040805254667391 -0.6973559267011525 0.968736 0.623343
-0.015976 -0.001622 -0.01454 -0.7430088975848232 -0.10040120231159658 -0.6617079239998351 0.968736 0.615623
-0.016651 -0.001622 -0.013744 -0.7746152290851072 -0.10040197392221116 -0.6244122760660223 0.968736 0.607903
-0.017286 -0.001622 -0.012915 -0.8042906944104983 -0.10039883839215967 -0.5856932235686048 0.968736 0.600183
-0.017879 -0.001622 -0.012057 -0.8320522503616437 -0.1004063052119099 -0.5455342578993709 0.968736 0.592464
-0.01843 -0.001622 -0.01117 -0.8578356009161723 -0.10040416685938879 -0.5040209173021111 0.968736 0.584744
-0.018936 -0.001622 -0.010258 -0.8815575055446432 -0.10039516056792443 -0.4612777646412703 0.968736 0.577024
-0.019397 -0.001622 -0.009321 -0.9031108283637485 -0.10040120381765069 -0.4175050059150315 0.968736 0.569304
-0.019812 -0.001622 -0.008364 -0.9225038283988317 -0.10040041666259372 -0.37270154671462824 0.968736 0.561584
-0.020179 -0.001622 -0.007387 -0.9397094629219377 -0.10040101104327184 -0.32690329193272477 0.968736 0.553864
-0.020497 -0.001622 -0.006393 -0.9546164768225861 -0.10040173294886617 -0.28040483982930353 0.968736 0.546144
-0.020767 -0.001622 -0.005385 -0.9672073072788099 -0.10040075853059607 -0.23330176260147473 0.968736 0.538424
-0.020987 -0.001622 -0.004365 -0.9774834953305208 -0.10039830478893533 -0.1855968662233705 0.968736 0.530704
-0.021156 -0.001622 -0.003335 -0.9854272917867742 -0.10040278069351749 -0.1373038026814736 0.968736 0.522984
-0.021275 -0.001622 -0.002298 -0.9909769105069748 -0.10039766076175607 -0.08879793103231017 0.968736 0.515264
-0.021342 -0.001622 -0.001257 -0.9941382850025473 -0.10040386662735716 -0.04010154434020938 0.968736 0.507545
-0.021359 -0.001622 -0.000213 -0.99490902386577 -0.1004009106403893 0.008700078910073572 0.968736 0.499825
-0.021324 -0.001622 0.00083 -0.9932844552199128 -0.10039842877688439 0.05749910014612403 0.968736 0.492104
-0.021238 -0.001622 0.00187 -0.9892638480132494 -0.10039633108311963 0.1061961191337381 0.968736 0.484385
-0.021101 -0.001622 0.002905 -0.9828603691378657 -0.10040616713618408 0.15460949640691293 0.968736 0.476665
-0.020914 -0.001622 0.003931 -0.9741011056053823 -0.10040011395419401 0.20260022995139151 0.968736 0.468945
-0.020676 -0.001622 0.004947 -0.962976311074118 -0.10039753025113338 0.25019384530710725 0.968736 0.461225
-0.020389 -0.001622 0.005951 -0.9495198214331607 -0.10040209591562857 0.2972062042442711 0.968736 0.453505
-0.020053 -0.001622 0.006939 -0.9338064619630753 -0.10040069477521178 0.34340237635266657 0.968736 0.445785
-0.019669 -0.001622 0.007909 -0.9158652623044811 -0.10040715476672844 0.3887276997791568 0.968736 0.438065
-0.019238 -0.001622 0.00886 -0.8956906445600761 -0.10039895133842987 0.43319547529689056 0.968736 0.430345
-0.01876 -0.001622 0.009788 -0.8733105059885811 -0.10040120783379543 0.47670573480448486 0.968736 0.422626
-0.018238 -0.001622 0.010691 -0.8489133365332763 -0.10040157732116968 0.5189081521111051 0.968736 0.414906
-0.017672 -0.001622 0.011568 -0.8223909866441793 -0.10039889963408999 0.5599938625009003 0.968736 0.407186
-0.020765 2.9E-05 -0.005384 -0.9604145215773502 0.15480234062908557 -0.23160350187142262 0.984176 0.538424
0.020905 2.9E-05 -0.003703 0.9759458217320207 0.15480726837187908 -0.15350720733258036 0.984176 0.970739
-0.021341 2.9E-05 -0.001256 -0.9871426997809886 0.15480669630847638 -0.03980172166070646 0.984176 0.507545
0.019857 2.9E-05 -0.007737 0.9272260183271165 0.15480434387083436 -0.3410095688627553 0.984176 0.93986
-0.0211 2.9E-05 0.002904 -0.9759458217320207 0.15480726837187908 0.15350720733258036 0.984176 0.476665
0.018042 2.9E-05 -0.011489 0.8429094659264538 0.15480173843328396 -0.5153057869164808 0.984176 0.90898
-0.019668 2.9E-05 0.007909 -0.9094148235824375 0.1548025233016949 0.3860062919538387 0.984176 0.438065
-0.020052 2.9E-05 0.006938 -0.9272260183271165 0.15480434387083436 0.3410095688627553 0.984176 0.445785
0.01553 2.9E-05 -0.014815 0.7261653300639543 0.1547926096032775 -0.6698680179149588 0.984176 0.8781
-0.017671 2.9E-05 0.011567 -0.8166267041298447 0.15480506220830267 0.5560181820918365 0.984176 0.407186
-0.018237 2.9E-05 0.01069 -0.8429094659264538 0.15480173843328396 0.5153057869164808 0.984176 0.414906
-0.019237 2.9E-05 0.008859 -0.8893491067666827 0.15480854798997243 0.4302237554605048 0.984176 0.430345
0.012418 2.9E-05 -0.017587 0.5815386009057453 0.15481027587310295 -0.7986530123531008 0.984176 0.847221
0.004888 2.9E-05 -0.021068 0.23160350187142262 0.15480234062908557 -0.9604145215773502 0.984176 0.785461
0.008824 2.9E-05 -0.019698 0.414495123493558 0.15479817881013938 -0.8967894493341926 0.984176 0.816341
0.00076 2.9E-05 -0.021643 0.03980172166070646 0.15480669630847638 -0.9871426997809886 0.984176 0.754582
-0.003401 2.9E-05 -0.021402 -0.15350720733258036 0.15480726837187908 -0.9759458217320207 0.984176 0.723702
-0.008405 2.9E-05 -0.01997 -0.3860062919538387 0.1548025233016949 -0.9094148235824375 0.984176 0.685103
-0.007435 2.9E-05 -0.020354 -0.3410095688627553 0.15480434387083436 -0.9272260183271165 0.984176 0.692823
-0.011187 2.9E-05 -0.018539 -0.5153057869164808 0.15480173843328396 -0.8429094659264538 0.984176 0.661943
-0.014513 2.9E-05 -0.016027 -0.6698680179149588 0.1547926096032775 -0.7261653300639543 0.984176 0.631063
-0.017878 2.9E-05 -0.012056 -0.8261965423747053 0.15479935216606677 -0.5416977329997311 0.984176 0.592464
-0.017284 2.9E-05 -0.012914 -0.7986530123531008 0.15481027587310295 -0.5815386009057453 0.984176 0.600183
0.021146 2.9E-05 0.000458 0.9871426997809886 0.15480669630847638 0.03980172166070646 0.984176 0.013471
-0.019396 2.9E-05 -0.009321 -0.8967894493341924 0.15479817881013935 -0.4144951234935579 0.984176 0.569304
-0.015725 2.9E-05 0.014016 -0.7261653300639543 0.1547926096032775 0.6698680179149588 0.984176 0.384026
-0.017063 2.9E-05 0.012415 -0.7883468725567532 0.1548092044548844 0.5954354026643294 0.984176 0.399466
-0.012612 2.9E-05 0.016788 -0.5815386009057453 0.15481027587310295 0.7986530123531008 0.984176 0.353147
-0.009019 2.9E-05 0.018899 -0.414495123493558 0.15479817881013938 0.8967894493341926 0.984176 0.322267
-0.005082 2.9E-05 0.020269 -0.23160350187142262 0.15480234062908557 0.9604145215773502 0.984176 0.291388
-0.000954 2.9E-05 0.020844 -0.03980172166070646 0.15480669630847638 0.9871426997809886 0.984176 0.260508
0.003207 2.9E-05 0.020603 0.15350720733258036 0.15480726837187908 0.9759458217320207 0.984176 0.229628
0.00724 2.9E-05 0.019555 0.3410095688627553 0.15480434387083436 0.9272260183271165 0.984176 0.198749
0.010992 2.9E-05 0.01774 0.5153057869164808 0.15480173843328396 0.8429094659264538 0.984176 0.167869
0.014318 2.9E-05 0.015228 0.6698128873239293 0.15480297843795798 0.7262139724912473 0.984176 0.13699
0.01709 2.9E-05 0.012116 0.7986530123531008 0.15481027587310295 0.5815386009057453 0.984176 0.10611
0.019201 2.9E-05 0.008522 0.8967894493341924 0.15479817881013935 0.4144951234935579 0.984176 0.075231
0.020571 2.9E-05 0.004586 0.9604145215773502 0.15480234062908557 0.23160350187142262 0.984176 0.044351
0.021163 2.9E-05 -0.000586 0.987908194732463 0.1548012840819772 -0.008600071337887621 0.984176 0.499825
0.017476 2.9E-05 -0.012366 0.8166267041298447 0.15480506220830267 -0.5560181820918365 0.984176 0.90126
-0.018428 2.9E-05 -0.01117 -0.851831330932538 0.15480569385813203 -0.5004184057274501 0.984176 0.584744
-0.015814 -0.001443 0.011472 -0.0001999999920000005 -0.9999999600000025 0.0001999999920000005 0.498086 0.453932
-0.016378 -0.001443 0.010687 -0.00019999999500000022 -0.999999975000001 9.999999750000011E-05 0.505622 0.443428
-0.016902 -0.001443 0.009874 -0.00019999999500000022 -0.999999975000001 9.999999750000011E-05 0.512634 0.432566
-0.017386 -0.001443 0.009037 -0.00019999999500000022 -0.999999975000001 9.999999750000011E-05 0.519105 0.421373
-0.017828 -0.001443 0.008178 -0.00019999999500000022 -0.999999975000001 9.999999750000011E-05 0.525019 0.409877
-0.018228 -0.001443 0.007297 -0.00019999999500000022 -0.999999975000001 9.999999750000011E-05 0.530361 0.398104
-0.018584 -0.001443 0.006398 -0.00019999999500000022 -0.999999975000001 9.999999750000011E-05 0.535119 0.386083
-0.018895 -0.001443 0.005483 -0.00019999999500000022 -0.999999975000001 9.999999750000011E-05 0.539283 0.373843
-0.019161 -0.001443 0.004554 -0.00019999999500000022 -0.999999975000001 9.999999750000011E-05 0.54284 0.361414
-0.019381 -0.001443 0.003612 -0.00019999999600000013 -0.9999999800000006 0 0.545783 0.348825
-0.019555 -0.001443 0.002661 -0.00019999999600000013 -0.9999999800000006 0 0.548104 0.336106
-0.019681 -0.001443 0.001703 -0.00019999999600000013 -0.9999999800000006 0 0.5498 0.323289
-0.019761 -0.001443 0.000739 -0.00019999999600000013 -0.9999999800000006 0 0.550864 0.310405
-0.019793 -0.001443 -0.000227 -0.00019999999600000013 -0.9999999800000006 0 0.551294 0.297484
-0.019778 -0.001443 -0.001193 -0.00019999999600000013 -0.9999999800000006 0 0.55109 0.284557
-0.019715 -0.001443 -0.002158 -0.00019999999600000013 -0.9999999800000006 0 0.550252 0.271656
-0.019605 -0.001443 -0.003119 -0.00019999999600000013 -0.9999999800000006 0 0.548782 0.258811
-0.019448 -0.001443 -0.004073 -0.00019999999600000013 -0.9999999800000006 0 0.546683 0.246054
-0.019245 -0.001443 -0.005018 -0.00019999999500000022 -0.999999975000001 -9.999999750000011E-05 0.543961 0.233415
-0.018995 -0.001443 -0.005952 -0.00019999999500000022 -0.999999975000001 -9.999999750000011E-05 0.540622 0.220925
-0.0187 -0.001443 -0.006872 -0.00019999999500000022 -0.999999975000001 -9.999999750000011E-05 0.536675 0.208614
-0.01836 -0.001443 -0.007777 -0.00019999999500000022 -0.999999975000001 -9.999999750000011E-05 0.532128 0.196512
-0.017976 -0.001443 -0.008664 -0.00019999999500000022 -0.999999975000001 -9.999999750000011E-05 0.526992 0.184648
-0.017549 -0.001443 -0.009532 -0.00019999999500000022 -0.999999975000001 -9.999999750000011E-05 0.521281 0.173049
-0.01708 -0.001443 -0.010377 -0.00019999999500000022 -0.999999975000001 -9.999999750000011E-05 0.515008 0.161744
-0.01657 -0.001443 -0.011198 -0.00019999999500000022 -0.999999975000001 -9.999999750000011E-05 0.508187 0.150762
-0.01602 -0.001443 -0.011994 -0.0001999999920000005 -0.9999999600000025 -0.0001999999920000005 0.500835 0.140127
-0.015432 -0.001443 -0.012761 -0.0001999999920000005 -0.9999999600000025 -0.0001999999920000005 0.492971 0.129865
-0.014807 -0.001443 -0.013499 -0.0001999999920000005 -0.9999999600000025 -0.0001999999920000005 0.484613 0.120002
-0.014146 -0.001443 -0.014204 -0.0001999999920000005 -0.9999999600000025 -0.0001999999920000005 0.47578 0.110561
-0.013452 -0.001443 -0.014877 -0.0001999999920000005 -0.9999999600000025 -0.0001999999920000005 0.466495 0.101565
-0.012726 -0.001443 -0.015515 -0.0001999999920000005 -0.9999999600000025 -0.0001999999920000005 0.45678 0.093035
-0.011969 -0.001443 -0.016117 -0.0001999999920000005 -0.9999999600000025 -0.0001999999920000005 0.446658 0.084991
-0.011183 -0.001443 -0.01668 -9.999999750000011E-05 -0.999999975000001 -0.00019999999500000022 0.436154 0.077455
-0.010371 -0.001443 -0.017204 -9.999999750000011E-05 -0.999999975000001 -0.00019999999500000022 0.425292 0.070443
-0.009534 -0.001443 -0.017688 -9.999999750000011E-05 -0.999999975000001 -0.00019999999500000022 0.414099 0.063972
-0.008674 -0.001443 -0.018131 -9.999999750000011E-05 -0.999999975000001 -0.00019999999500000022 0.402603 0.058058
-0.007794 -0.001443 -0.01853 -9.999999750000011E-05 -0.999999975000001 -0.00019999999500000022 0.39083 0.052716
-0.006895 -0.001443 -0.018886 -9.999999750000011E-05 -0.999999975000001 -0.00019999999500000022 0.378809 0.047958
-0.00598 -0.001443 -0.019197 -9.999999750000011E-05 -0.999999975000001 -0.00019999999500000022 0.366569 0.043795
-0.00505 -0.001443 -0.019463 -9.999999750000011E-05 -0.999999975000001 -0.00019999999500000022 0.35414 0.040237
-0.004109 -0.001443 -0.019683 0 -0.9999999800000006 -0.00019999999600000013 0.341551 0.037295
-0.003158 -0.001443 -0.019857 0 -0.9999999800000006 -0.00019999999600000013 0.328832 0.034973
-0.002199 -0.001443 -0.019984 0 -0.9999999800000006 -0.00019999999600000013 0.316015 0.033278
-0.001236 -0.001443 -0.020063 0 -0.9999999800000006 -0.00019999999600000013 0.303131 0.032213
-0.00027 -0.001443 -0.020095 0 -0.9999999800000006 -0.00019999999600000013 0.29021 0.031783
0.000697 -0.001443 -0.02008 0 -0.9999999800000006 -0.00019999999600000013 0.277283 0.031988
0.001662 -0.001443 -0.020017 0 -0.9999999800000006 -0.00019999999600000013 0.264381 0.032825
0.002622 -0.001443 -0.019908 0 -0.9999999800000006 -0.00019999999600000013 0.251537 0.034295
0.003576 -0.001443 -0.019751 0 -0.9999999800000006 -0.00019999999600000013 0.23878 0.036394
0.004521 -0.001443 -0.019547 9.999999750000011E-05 -0.999999975000001 -0.00019999999500000022 0.226141 0.039116
0.005455 -0.001443 -0.019297 9.999999750000011E-05 -0.999999975000001 -0.00019999999500000022 0.213651 0.042455
0.006376 -0.001443 -0.019002 9.999999750000011E-05 -0.999999975000001 -0.00019999999500000022 0.20134 0.046402
0.007281 -0.001443 -0.018662 9.999999750000011E-05 -0.999999975000001 -0.00019999999500000022 0.189238 0.05095
0.008168 -0.001443 -0.018278 9.999999750000011E-05 -0.999999975000001 -0.00019999999500000022 0.177373 0.056085
0.009035 -0.001443 -0.017851 9.999999750000011E-05 -0.999999975000001 -0.00019999999500000022 0.165775 0.061797
0.009881 -0.001443 -0.017382 9.999999750000011E-05 -0.999999975000001 -0.00019999999500000022 0.15447 0.06807
0.010702 -0.001443 -0.016872 9.999999750000011E-05 -0.999999975000001 -0.00019999999500000022 0.143488 0.074891
0.011497 -0.001443 -0.016322 0.0001999999920000005 -0.9999999600000025 -0.0001999999920000005 0.132853 0.082243
0.012264 -0.001443 -0.015734 0.0001999999920000005 -0.9999999600000025 -0.0001999999920000005 0.122591 0.090107
0.013002 -0.001443 -0.015109 0.0001999999920000005 -0.9999999600000025 -0.0001999999920000005 0.112728 0.098465
0.013708 -0.001443 -0.014449 0.0001999999920000005 -0.9999999600000025 -0.0001999999920000005 0.103287 0.107297
0.014381 -0.001443 -0.013754 0.0001999999920000005 -0.9999999600000025 -0.0001999999920000005 0.094291 0.116583
0.015018 -0.001443 -0.013028 0.0001999999920000005 -0.9999999600000025 -0.0001999999920000005 0.085761 0.126298
0.01562 -0.001443 -0.012271 0.0001999999920000005 -0.9999999600000025 -0.0001999999920000005 0.077717 0.136419
0.016184 -0.001443 -0.011485 0.00019999999500000022 -0.999999975000001 -9.999999750000011E-05 0.070181 0.146924
0.016708 -0.001443 -0.010673 0.00019999999500000022 -0.999999975000001 -9.999999750000011E-05 0.063169 0.157786
0.017192 -0.001443 -0.009836 0.00019999999500000022 -0.999999975000001 -9.999999750000011E-05 0.056698 0.168978
0.017634 -0.001443 -0.008976 0.00019999999500000022 -0.999999975000001 -9.999999750000011E-05 0.050784 0.180475
0.018033 -0.001443 -0.008096 0.00019999999500000022 -0.999999975000001 -9.999999750000011E-05 0.045442 0.192248
0.018389 -0.001443 -0.007197 0.00019999999500000022 -0.999999975000001 -9.999999750000011E-05 0.040684 0.204269
0.018701 -0.001443 -0.006282 0.00019999999500000022 -0.999999975000001 -9.999999750000011E-05 0.036521 0.216509
0.018967 -0.001443 -0.005352 0.00019999999500000022 -0.999999975000001 -9.999999750000011E-05 0.032963 0.228938
0.019187 -0.001443 -0.004411 0.00019999999600000013 -0.9999999800000006 0 0.03002 0.241527
0.01936 -0.001443 -0.00346 0.00019999999600000013 -0.9999999800000006 0 0.027699 0.254245
0.019487 -0.001443 -0.002502 0.00019999999600000013 -0.9999999800000006 0 0.026004 0.267062
0.019567 -0.001443 -0.001538 0.00019999999600000013 -0.9999999800000006 0 0.024939 0.279947
0.019599 -0.001443 -0.000572 0.00019999999600000013 -0.9999999800000006 0 0.024509 0.292868
0.019583 -0.001443 0.000395 0.00019999999600000013 -0.9999999800000006 0 0.024714 0.305795
0.019521 -0.001443 0.001359 0.00019999999600000013 -0.9999999800000006 0 0.025551 0.318696
0.019411 -0.001443 0.00232 0.00019999999600000013 -0.9999999800000006 0 0.027021 0.331541
0.019254 -0.001443 0.003274 0.00019999999600000013 -0.9999999800000006 0 0.02912 0.344298
0.01905 -0.001443 0.004219 0.00019999999500000022 -0.999999975000001 9.999999750000011E-05 0.031842 0.356936
0.018801 -0.001443 0.005153 0.00019999999500000022 -0.999999975000001 9.999999750000011E-05 0.035181 0.369426
0.018506 -0.001443 0.006074 0.00019999999500000022 -0.999999975000001 9.999999750000011E-05 0.039128 0.381737
0.018166 -0.001443 0.006979 0.00019999999500000022 -0.999999975000001 9.999999750000011E-05 0.043676 0.39384
0.017781 -0.001443 0.007866 0.00019999999500000022 -0.999999975000001 9.999999750000011E-05 0.048812 0.405704
0.017354 -0.001443 0.008733 0.00019999999500000022 -0.999999975000001 9.999999750000011E-05 0.054523 0.417303
0.016885 -0.001443 0.009578 0.00019999999500000022 -0.999999975000001 9.999999750000011E-05 0.060796 0.428607
0.016375 -0.001443 0.0104 0.00019999999500000022 -0.999999975000001 9.999999750000011E-05 0.067617 0.43959
0.015825 -0.001443 0.011195 0.0001999999920000005 -0.9999999600000025 0.0001999999920000005 0.074969 0.450225
0.015237 -0.001443 0.011962 0.0001999999920000005 -0.9999999600000025 0.0001999999920000005 0.082833 0.460486
0.014612 -0.001443 0.0127 0.0001999999920000005 -0.9999999600000025 0.0001999999920000005 0.091191 0.47035
0.013952 -0.001443 0.013406 0.0001999999920000005 -0.9999999600000025 0.0001999999920000005 0.100023 0.47979
0.013258 -0.001443 0.014078 0.0001999999920000005 -0.9999999600000025 0.0001999999920000005 0.109309 0.488787
0.012531 -0.001443 0.014716 0.0001999999920000005 -0.9999999600000025 0.0001999999920000005 0.119024 0.497317
0.011774 -0.001443 0.015318 0.0001999999920000005 -0.9999999600000025 0.0001999999920000005 0.129145 0.50536
0.010989 -0.001443 0.015881 9.999999750000011E-05 -0.999999975000001 0.00019999999500000022 0.13965 0.512897
0.010177 -0.001443 0.016406 9.999999750000011E-05 -0.999999975000001 0.00019999999500000022 0.150512 0.519908
0.00934 -0.001443 0.01689 9.999999750000011E-05 -0.999999975000001 0.00019999999500000022 0.161704 0.526379
0.00848 -0.001443 0.017332 9.999999750000011E-05 -0.999999975000001 0.00019999999500000022 0.173201 0.532294
0.0076 -0.001443 0.017731 9.999999750000011E-05 -0.999999975000001 0.00019999999500000022 0.184974 0.537636
0.006701 -0.001443 0.018087 9.999999750000011E-05 -0.999999975000001 0.00019999999500000022 0.196995 0.542393
0.005785 -0.001443 0.018398 9.999999750000011E-05 -0.999999975000001 0.00019999999500000022 0.209235 0.546557
0.004856 -0.001443 0.018664 9.999999750000011E-05 -0.999999975000001 0.00019999999500000022 0.221664 0.550114
0.003915 -0.001443 0.018884 0 -0.9999999800000006 0.00019999999600000013 0.234253 0.553057
0.002963 -0.001443 0.019058 0 -0.9999999800000006 0.00019999999600000013 0.246971 0.555378
0.002005 -0.001443 0.019185 0 -0.9999999800000006 0.00019999999600000013 0.259788 0.557074
0.001042 -0.001443 0.019264 0 -0.9999999800000006 0.00019999999600000013 0.272673 0.558138
7.5E-05 -0.001443 0.019297 0 -0.9999999800000006 0.00019999999600000013 0.285594 0.558568
-0.000891 -0.001443 0.019281 0 -0.9999999800000006 0.00019999999600000013 0.298521 0.558364
-0.001856 -0.001443 0.019219 0 -0.9999999800000006 0.00019999999600000013 0.311422 0.557526
-0.002817 -0.001443 0.019109 0 -0.9999999800000006 0.00019999999600000013 0.324267 0.556056
-0.00377 -0.001443 0.018952 0 -0.9999999800000006 0.00019999999600000013 0.337024 0.553957
-0.004716 -0.001443 0.018748 -9.999999750000011E-05 -0.999999975000001 0.00019999999500000022 0.349662 0.551235
-0.00565 -0.001443 0.018499 -9.999999750000011E-05 -0.999999975000001 0.00019999999500000022 0.362152 0.547896
-0.00657 -0.001443 0.018203 -9.999999750000011E-05 -0.999999975000001 0.00019999999500000022 0.374463 0.543949
-0.007475 -0.001443 0.017863 -9.999999750000011E-05 -0.999999975000001 0.00019999999500000022 0.386566 0.539402
-0.008362 -0.001443 0.017479 -9.999999750000011E-05 -0.999999975000001 0.00019999999500000022 0.39843 0.534266
-0.00923 -0.001443 0.017052 -9.999999750000011E-05 -0.999999975000001 0.00019999999500000022 0.410029 0.528555
-0.010075 -0.001443 0.016583 -9.999999750000011E-05 -0.999999975000001 0.00019999999500000022 0.421333 0.522282
-0.010896 -0.001443 0.016073 -9.999999750000011E-05 -0.999999975000001 0.00019999999500000022 0.432316 0.515461
-0.011691 -0.001443 0.015523 -0.0001999999920000005 -0.9999999600000025 0.0001999999920000005 0.442951 0.508109
-0.012459 -0.001443 0.014935 -0.0001999999920000005 -0.9999999600000025 0.0001999999920000005 0.453212 0.500245
-0.013196 -0.001443 0.01431 -0.0001999999920000005 -0.9999999600000025 0.0001999999920000005 0.463076 0.491887
-0.013902 -0.001443 0.01365 -0.0001999999920000005 -0.9999999600000025 0.0001999999920000005 0.472516 0.483054
-0.014575 -0.001443 0.012955 -0.0001999999920000005 -0.9999999600000025 0.0001999999920000005 0.481513 0.473769
-0.015213 -0.001443 0.012229 -0.0001999999920000005 -0.9999999600000025 0.0001999999920000005 0.490043 0.464054
-0.01824 0.000208 -0.011059 -0.043501102766932885 0.9987253180077214 -0.02560064898467775 0.7164785 0.580854
-0.017695 0.000208 -0.011936 -0.042201058837849525 0.9987250583260741 -0.027700695019157152 0.7199679999999999 0.5791075
-0.019608 0.000208 -0.008281 -0.0468011901693992 0.9987253979098074 -0.018900480645334294 0.7077150000000001 0.5870314999999999
-0.019971 0.000208 -0.007315 -0.04770113196129232 0.9987236999946045 -0.016600393932022065 0.705387 0.5893545
0.020504 0.000208 -0.004685 0.0496007951071184 0.9987160095459506 -0.010300165112970152 0.9642155000000001 0.8109204999999999
0.020269 0.000208 -0.005691 0.04900088251384119 0.9987179870729224 -0.012700228733179246 0.962715 0.800627
-0.020553 0.000208 -0.005333 -0.04910118482588495 0.9987240995032851 -0.011800284744306362 0.7016564999999999 0.5943015
-0.020771 0.000208 -0.004324 -0.04960123483811213 0.9987248635649715 -0.009400234021738993 0.7002595 0.5968975
-0.014846 0.000208 0.01461 -0.03540086998707003 0.9987245439572553 0.036000884732613585 0.7380795 0.640817
-0.014092 0.000208 0.015315 -0.03360080743710418 0.9987239996260701 0.037700905963655586 0.7429014999999999 0.6414715
-0.020938 0.000208 -0.003304 -0.05000123279559206 0.9987246238591557 -0.007000172591382888 0.699181 0.5995555
-0.020287 0.000208 -0.006331 -0.04850107722088774 0.9987221818659916 -0.01420031539250734 0.7033665 0.5917825
0.019272 0.000208 -0.008622 0.04660080876405421 0.9987173328897198 -0.01980034363794578 0.9563504999999999 0.7702975
0.018846 0.000208 -0.009563 0.045600796880888306 0.9987174527399814 -0.02200038446007769 0.953624 0.760421
-0.011634 0.000208 0.017199 -0.027700695019157152 0.9987250583260741 0.042201058837849525 0.7586090000000001 0.6419395
-0.010757 0.000208 0.017744 -0.02560064898467775 0.9987253180077214 0.043501102766932885 0.764216 0.6415655
-0.021139 0.000208 -0.000215 -0.05050120951845213 0.9987239197243195 0.0004000095803441752 0.6978845 0.607742
-0.021105 0.000208 0.000817 -0.05040125349476182 0.9987248385956078 0.00290007212569066 0.6981025000000001 0.6104849999999999
0.017296 0.000208 -0.012243 0.041800811361622864 0.9987193853314057 -0.0285005532011065 0.9437255 0.7316954999999999
0.016694 0.000208 -0.013082 0.040400725199526054 0.9987179271476899 -0.030500547489741205 0.9398785000000001 0.7224659999999999
-0.021123 0.000208 -0.001248 -0.050401364635421504 0.9987270409007035 -0.002000054152199266 0.697992 0.6049955
-0.007979 0.000208 0.019111 -0.018900480645334294 0.9987253979098074 0.0468011901693992 0.7819689999999999 0.6387400000000001
-0.007012 0.000208 0.019475 -0.016600393932022065 0.9987236999946045 0.04770113196129232 0.7881484999999999 0.637206
-0.020699 0.000208 0.003887 -0.049401280991824385 0.9987258972982797 0.010300267089388486 0.7006885 0.6185335
-0.020464 0.000208 0.004892 -0.04890112009298374 0.9987228760094654 0.012700290903494752 0.702188 0.6211055
-0.021056 0.000208 -0.002278 -0.05030120648890662 0.9987239546813329 -0.004500107936383296 0.6984250000000001 0.6022605000000001
0.014651 0.000208 -0.015409 0.03550061860366879 0.998717402802367 -0.03610062905894207 0.9268224999999999 0.695998
0.013897 0.000208 -0.016114 0.03360068058867805 0.9987202292831183 -0.037800765662262814 0.9220014999999999 0.6876225
-0.004021 0.000208 0.020274 -0.009400187347600775 0.9987199046860525 0.049700990550612605 0.8072655 0.630751
-0.003002 0.000208 0.020442 -0.0070001375540544196 0.9987196250334498 0.05010098449401806 0.81378 0.6279675
0.02069 0.000208 -0.003669 0.05000093677632585 0.9987187111703324 -0.007800146137106831 0.9653974999999999 0.8212809999999999
0.020825 0.000208 -0.002645 0.05030098238777914 0.9987195051824063 -0.005400105465089611 0.9662595 0.8316915
0.01144 0.000208 -0.017997 0.027700577978589342 0.998720838527696 -0.0423008826171238 0.9062935000000001 0.6639910000000001
0.010562 0.000208 -0.018542 0.025600537488926926 0.9987209683668485 -0.043600915410828674 0.900685 0.656644
-0.020884 0.000208 0.002871 -0.04990118416915066 0.9987236999946045 0.00780018510058868 0.6995065 0.6158954999999999
8.7E-05 0.000208 0.020643 0.0004000095803441752 0.9987239197243195 0.05050120951845213 0.8335305 0.6176860000000001
0.001119 0.000208 0.020608 0.0029000574942097393 0.998719799816299 0.050501001192273055 0.840131 0.6136115
-0.02102 0.000208 0.001847 -0.05020123270640384 0.9987245239817831 0.005400132601884078 0.698644 0.613208
0.007785 0.000208 -0.01991 0.01900035816012701 0.9987188260273077 -0.04690088408999772 0.8829290000000001 0.6363075
0.006818 0.000208 -0.020273 0.016600314661946655 0.9987189308967546 -0.047800906074762055 0.8767479999999999 0.6301209999999999
0.004189 0.000208 0.020202 0.010300216152303957 0.9987209583792197 0.04950103879019863 0.859758 0.599452
0.005194 0.000208 0.019967 0.012700228733179246 0.9987179870729224 0.04900088251384119 0.8661895 0.5940939999999999
0.003827 0.000208 -0.021073 0.009400187347600775 0.9987199046860525 -0.049700990550612605 0.8576239999999999 0.613417
0.002808 0.000208 -0.021241 0.0070001375540544196 0.9987196250334498 -0.05010098449401806 0.8511085 0.608482
0.008125 0.000208 0.01897 0.019700472521500208 0.9987239546813329 0.046501115342627394 0.8849354999999999 0.576159
0.009066 0.000208 0.018544 0.02200048467601617 0.9987220020880615 0.04550100239812436 0.8909535 0.5695765
-0.019847 0.000208 0.006863 -0.04740115636531447 0.9987243641780499 0.01740042448853316 0.706124 0.625992
-0.019467 0.000208 0.007823 -0.046501115342627394 0.9987239546813329 0.019700472521500208 0.7085520000000001 0.628275
-0.000282 0.000208 -0.021441 -0.0004000075582142194 0.9987188709713523 -0.050600956114098754 0.8313524999999999 0.5956085
-0.001314 0.000208 -0.021407 -0.0029000574942097393 0.998719799816299 -0.050501001192273055 0.8247519999999999 0.5919655
0.011746 0.000208 0.016994 0.0285005532011065 0.9987193853314057 0.041800811361622864 0.908109 0.5480970000000001
0.012586 0.000208 0.016392 0.030500547489741205 0.9987179271476899 0.040400725199526054 0.9134789999999999 0.5403895000000001
-0.02018 0.000208 0.005885 -0.04820113418603125 0.9987235002404442 0.01510035531554091 0.7040010000000001 0.6235965
-0.004383 0.000208 -0.021001 -0.010300216152303957 0.9987209583792197 -0.04950103879019863 0.805132 0.5829685
-0.005389 0.000208 -0.020766 -0.012700290903494752 0.9987228760094654 -0.04890112009298374 0.7987010000000001 0.580607
0.014912 0.000208 0.014349 0.03610062905894207 0.998717402802367 0.03550061860366879 0.9283669999999999 0.5157565
0.015618 0.000208 0.013595 0.03780063845817538 0.9987168684703638 0.033700569207420907 0.932884 0.5070755
-0.00832 0.000208 -0.019769 -0.019700472521500208 0.9987239546813329 -0.046501115342627394 0.779955 0.575385
-0.00926 0.000208 -0.019342 -0.02200048467601617 0.9987220020880615 -0.04550100239812436 0.7739385000000001 0.5742495
0.017501 0.000208 0.011138 0.0423008826171238 0.998720838527696 0.027700577978589342 0.9449384999999999 0.47978350000000003
0.018046 0.000208 0.01026 0.043600915410828674 0.9987209683668485 0.025600537488926926 0.9484254999999999 0.47031500000000004
-0.018051 0.000208 0.010576 -0.043101056204323585 0.9987244740431083 0.026300644505190495 0.7175965 0.6343055000000001
-0.01749 0.000208 0.011444 -0.04170110217469591 0.9987263966875013 0.028400750641759325 0.7211745 0.635997
-0.011941 0.000208 -0.017793 -0.028400750641759325 0.9987263966875013 -0.04170110217469591 0.7567904999999999 0.5725675
-0.01278 0.000208 -0.017191 -0.030500670564613627 0.9987219571435945 -0.04030088602471899 0.7514225000000001 0.5725535
0.019414 0.000208 0.007483 0.04690088408999772 0.9987188260273077 0.01900035816012701 0.9571829999999999 0.4409805
0.019777 0.000208 0.006516 0.047800906074762055 0.9987189308967546 0.016600314661946655 0.9595100000000001 0.4309385
-0.01904 0.000208 0.008764 -0.04550100239812436 0.9987220020880615 0.02200048467601617 0.7112775 0.6304305
-0.015106 0.000208 -0.015148 -0.036000884732613585 0.9987245439572553 -0.03540086998707003 0.736537 0.5740234999999999
-0.015812 0.000208 -0.014394 -0.037700905963655586 0.9987239996260701 -0.03360080743710418 0.7320214999999999 0.5749835
0.020576 0.000208 0.003525 0.049700990550612605 0.9987199046860525 0.009400187347600775 0.964636 0.4002385
0.020744 0.000208 0.002506 0.05010098449401806 0.9987196250334498 0.0070001375540544196 0.9657134999999999 0.389862
-0.016246 0.000208 0.013092 -0.03880083636104174 0.998721527674546 0.03240069840458124 0.7291269999999999 0.6388225000000001
-0.016888 0.000208 0.012283 -0.040301008746873555 0.9987249983995687 0.030400760940569628 0.7250205000000001 0.637507
0.004837 0.000208 -0.020855 0.011800226743535336 0.9987191905736221 -0.04920094540524903 0.86408 0.618671
0.009659 0.000208 -0.019044 0.02340051142376581 0.9987218273040561 -0.04480097913609864 0.8949130000000001 0.649576
0.005835 0.000208 -0.020589 0.014300297234767069 0.9987207586267043 -0.048501008103930265 0.8704604999999999 0.6242409999999999
0.008733 0.000208 -0.0195 0.02120044585006439 0.9987210033235521 -0.045900965307450727 0.888989 0.6427944999999999
0.013109 0.000208 -0.016782 0.0317006508210421 0.9987205039424211 -0.03940080890691037 0.9169655000000001 0.679491
0.012289 0.000208 -0.01741 0.029800558169681825 0.9987187061765517 -0.04090076607852304 0.9117245 0.6716099999999999
0.000751 0.000208 -0.021425 0.0020000440614560164 0.9987220020880617 -0.05050111255176441 0.8379565 0.5995755
0.016051 0.000208 -0.013891 0.03880083636104174 0.998721527674546 -0.03240069840458124 0.9357724999999999 0.7134315000000001
0.001782 0.000208 -0.021358 0.004500085277424018 0.9987189259029705 -0.050400955107149 0.8445469999999999 0.6038675
0.01537 0.000208 -0.014667 0.03720070644812323 0.9987189658532439 -0.034300651375554485 0.9314164999999999 0.7046045000000001
0.018373 0.000208 -0.010481 0.044400917110414474 0.9987206287876337 -0.024200499866487167 0.9506055 0.7506864999999999
0.017856 0.000208 -0.011375 0.04320075839597052 0.9987175326401796 -0.026400463464204205 0.9473039999999999 0.741107
-0.003367 0.000208 -0.021186 -0.00780018510058868 0.9987236999946045 -0.04990118416915066 0.8116275 0.585648
0.019985 0.000208 -0.006684 0.04830090347684938 0.9987186812076495 -0.01510028245342496 0.960901 0.7904165
-0.002343 0.000208 -0.021322 -0.005400105465089611 0.9987195051824063 -0.05030098238777914 0.818173 0.5886465
0.019653 0.000208 -0.007662 0.04750085051034264 0.9987178822037727 -0.017500313345915713 0.9587779999999999 0.780302
-0.00736 0.000208 -0.020149 -0.01740042448853316 0.9987243641780499 -0.04740115636531447 0.7860985 0.5768194999999999
0.020861 0.000208 0.00148 0.050400955107149 0.9987189259029705 0.004500085277424018 0.9664699999999999 0.37944100000000003
0.020928 0.000208 0.000449 0.05060085895687125 0.9987169533641762 0.002000033950864476 0.9669034999999999 0.3689895
0.020945 0.000208 -0.000584 0.050600956114098754 0.9987188709713523 -0.0004000075582142194 0.9670135 0.605561
-0.006382 0.000208 -0.020482 -0.01510035531554091 0.9987235002404442 -0.04820113418603125 0.792352 0.5785585
0.020092 0.000208 0.005532 0.04860077421649994 0.9987159096711624 0.0143002278044434 0.9615294999999999 0.4207915
0.020359 0.000208 0.004535 0.049200887099991694 0.9987180070480022 0.01190021456280287 0.9632395 0.4105535
-0.011073 0.000208 -0.018353 -0.026300644505190495 0.9987244740431083 -0.043101056204323585 0.7623415 0.5728485
0.018547 0.000208 0.009357 0.04480087407357985 0.9987194852072366 0.023500458498418003 0.951633 0.4606835
0.019003 0.000208 0.008431 0.045900965307450727 0.9987210033235521 0.02120044585006439 0.954555 0.450901
-0.010179 0.000208 -0.01887 -0.024200607200852098 0.9987250583260741 -0.04430111152883256 0.7680624999999999 0.573406
0.016285 0.000208 0.012807 0.03940080890691037 0.9987205039424211 0.0317006508210421 0.9371590000000001 0.4981775
0.016914 0.000208 0.011987 0.04090076607852304 0.9987187061765517 0.029800558169681825 0.9411799999999999 0.48907500000000004
-0.014365 0.000208 -0.015867 -0.03420089368102797 0.9987260970538784 -0.03710096946099818 0.7412835 0.573292
0.013394 0.000208 0.015749 0.03240069840458124 0.998721527674546 0.03880083636104174 0.9186529999999999 0.5324245000000001
0.01417 0.000208 0.015068 0.034300651375554485 0.9987189658532439 0.03720070644812323 0.9236199999999999 0.5242095
0.009984 0.000208 0.018071 0.024200499866487167 0.9987206287876337 0.044400917110414474 0.8968324999999999 0.5626995
0.010879 0.000208 0.017554 0.026400463464204205 0.9987175326401796 0.04320075839597052 0.9025554999999998 0.555537
0.006187 0.000208 0.019683 0.01510035531554091 0.9987235002404442 0.04820113418603125 0.872539 0.5884225
0.007165 0.000208 0.01935 0.017400341920078125 0.9987196250334498 0.04750093340251213 0.878792 0.5824425
0.002149 0.000208 0.020523 0.005400105465089611 0.9987195051824063 0.05030098238777914 0.8467125 0.609213
0.003173 0.000208 0.020388 0.007800146137106831 0.9987187111703324 0.05000093677632585 0.8532605 0.6044925000000001
-0.001976 0.000208 0.020559 -0.004500085277424018 0.9987189259029705 0.050400955107149 0.8203400000000001 0.624863
-0.000946 0.000208 0.020626 -0.0020000440614560164 0.9987220020880617 0.05050111255176441 0.8269285 0.621436
-0.006029 0.000208 0.01979 -0.01420031539250734 0.9987221818659916 0.04850107722088774 0.7944340000000001 0.6353660000000001
-0.005031 0.000208 0.020057 -0.011800284744306362 0.9987240995032851 0.04910118482588495 0.8008115 0.633216
-0.009854 0.000208 0.018245 -0.02340051142376581 0.9987218273040561 0.04480097913609864 0.7699875 0.640913
-0.008927 0.000208 0.018701 -0.02120044585006439 0.9987210033235521 0.045900965307450727 0.7759099999999999 0.6399735
-0.013304 0.000208 0.015983 -0.03170077556896155 0.9987244340921736 0.03930096150978515 0.7479389999999999 0.6418835
-0.012484 0.000208 0.016611 -0.029700765992632553 0.998725757469432 0.04080105227270735 0.7531785 0.642042
-0.015564 0.000208 0.013868 -0.03710096946099818 0.9987260970538784 0.03420089368102797 0.7334835 0.63993
-0.019198 0.000208 -0.009229 -0.045801173212077925 0.9987255826834548 -0.021200543058865765 0.7103444999999999 0.5848300000000001
-0.01648 0.000208 -0.013606 -0.03930096150978515 0.9987244340921736 -0.03170077556896155 0.7277484999999999 0.5761585
-0.017108 0.000208 -0.012786 -0.04080105227270735 0.998725757469432 -0.029700765992632553 0.723727 0.5775375
-0.013589 0.000208 -0.016548 -0.03240069840458124 0.998721527674546 -0.03880083636104174 0.7462500000000001 0.5727979999999999
-0.018568 0.000208 0.009682 -0.04430111152883256 0.9987250583260741 0.024200607200852098 0.7142949999999999 0.6324455
-0.018741 0.000208 -0.010156 -0.044701176997485714 0.998726296809597 -0.023400616146334804 0.7132685000000001 0.5827665
0.02091 0.000208 -0.001616 0.050501001192273055 0.998719799816299 -0.0029000574942097393 0.9667985000000001 0.8421350000000001
4 167 3403 3927 173
4 12 3806 3805 11
4 3170 3080 2712 2716
4 128 3966 3288 129
4 2 3378 3533 1
4 1817 1673 3078 3080
4 1677 1825 3082 3081
4 1813 1809 3169 3079
4 130 3453 3939 136
4 183 3926 3925 0
4 3075 3076 2696 2564
4 1 3804 3803 2
4 8 3938 3383 7
4 2173 2169 3199 3074
4 175 3393 3931 181
4 20 3814 3813 19
4 3172 3086 2736 2740
4 137 3274 3277 135
4 14 3362 3523 13
4 1841 1681 3084 3086
4 1685 1849 3088 3087
4 1837 1833 3171 3085
4 179 3388 3934 5
4 24 3818 3817 23
4 3173 3089 2748 2752
4 141 3268 3271 139
4 18 3356 3518 17
4 1853 1685 3087 3089
4 1689 1861 3091 3090
4 1849 1845 3172 3088
4 7 3383 3937 0
4 28 3822 3821 27
4 3174 3092 2760 2764
4 145 3262 3265 143
4 22 3350 3513 21
4 1865 1689 3090 3092
4 1693 1873 3094 3093
4 1861 1857 3173 3091
4 21 3513 3958 27
4 96 3826 3825 31
4 3175 3095 2772 2776
4 149 3256 3259 147
4 26 3344 3508 25
4 1877 1693 3093 3095
4 1697 1885 3097 3096
4 1873 1869 3174 3094
4 25 3508 3959 31
4 100 3830 3829 99
4 3176 3098 2784 2788
4 153 3250 3253 151
4 30 3338 3503 29
4 1889 1697 3096 3098
4 1701 1897 3100 3099
4 1885 1881 3175 3097
4 29 3503 3960 99
4 104 3834 3833 103
4 3177 3101 2796 2800
4 156 3944 3247 157
4 98 3332 3498 97
4 1901 1701 3099 3101
4 1705 1909 3103 3102
4 1897 1893 3176 3100
4 97 3498 3961 103
4 108 3838 3837 107
4 3178 3104 2808 2812
4 161 3239 3242 159
4 102 3326 3493 101
4 1913 1705 3102 3104
4 1709 1921 3106 3105
4 1909 1905 3177 3103
4 101 3493 3962 107
4 112 3842 3841 111
4 3179 3107 2820 2824
4 165 3233 3236 163
4 106 3320 3488 105
4 1925 1709 3105 3107
4 1713 1933 3109 3108
4 1921 1917 3178 3106
4 105 3488 3963 111
4 116 3846 3845 115
4 3180 3110 2832 2836
4 186 3852 3851 188
4 110 3314 3483 109
4 1937 1713 3108 3110
4 1717 1945 3112 3111
4 1933 1929 3179 3109
4 109 3483 3964 115
4 187 3850 3849 117
4 3181 3113 2844 2848
4 170 3225 3228 168
4 114 3308 3478 113
4 1949 1717 3111 3113
4 1721 1957 3115 3114
4 1945 1941 3180 3112
4 120 3853 3852 186
4 121 3854 3853 120
4 3182 3116 2856 2860
4 174 3219 3222 172
4 188 3202 3473 186
4 1961 1721 3114 3116
4 1725 1969 3118 3117
4 1957 1953 3181 3115
4 184 3538 3952 3
4 125 3858 3857 124
4 3183 3119 2868 2872
4 178 3213 3216 176
4 119 3300 3468 118
4 1973 1725 3117 3119
4 1729 1981 3121 3120
4 1969 1965 3182 3118
4 1 3533 3954 11
4 128 3862 3861 127
4 3184 3122 2880 2884
4 182 3207 3210 180
4 123 3294 3463 122
4 1985 1729 3120 3122
4 1733 1993 3124 3123
4 1981 1977 3183 3121
4 9 3528 3955 15
4 133 3866 3865 132
4 3185 3125 2892 2896
4 6 3933 3938 8
4 129 3288 3458 126
4 1997 1733 3123 3125
4 1737 2005 3127 3126
4 1993 1989 3184 3124
4 13 3523 3956 19
4 137 3870 3869 136
4 3186 3128 2904 2908
4 183 3936 3953 185
4 131 3283 3453 130
4 2009 1737 3126 3128
4 1741 2017 3130 3129
4 2005 2001 3185 3127
4 17 3518 3957 23
4 141 3874 3873 140
4 3187 3131 2916 2920
4 28 3341 3344 26
4 135 3277 3448 134
4 2021 1741 3129 3131
4 1745 2029 3133 3132
4 2017 2013 3186 3130
4 134 3448 3941 140
4 145 3878 3877 144
4 3188 3134 2928 2932
4 96 3335 3338 30
4 139 3271 3443 138
4 2033 1745 3132 3134
4 1749 2041 3136 3135
4 2029 2025 3187 3133
4 138 3443 3940 144
4 149 3882 3881 148
4 3189 3137 2940 2944
4 100 3329 3332 98
4 143 3265 3438 142
4 2045 1749 3135 3137
4 1753 2053 3139 3138
4 2041 2037 3188 3136
4 142 3438 3942 148
4 153 3886 3885 152
4 3190 3140 2952 2956
4 104 3323 3326 102
4 147 3259 3433 146
4 2057 1753 3138 3140
4 1757 2065 3142 3141
4 2053 2049 3189 3139
4 146 3433 3943 152
4 156 3890 3889 155
4 3191 3143 2964 2968
4 108 3317 3320 106
4 151 3253 3428 150
4 2069 1757 3141 3143
4 1761 2077 3145 3144
4 2065 2061 3190 3142
4 150 3428 3945 155
4 161 3894 3893 160
4 3192 3146 2976 2980
4 112 3311 3314 110
4 157 3247 3423 154
4 2081 1761 3144 3146
4 1765 2089 3148 3147
4 2077 2073 3191 3145
4 154 3423 3946 160
4 165 3898 3897 164
4 3193 3149 2988 2992
4 190 3904 3903 191
4 159 3242 3418 158
4 2093 1765 3147 3149
4 1769 2101 3151 3150
4 2089 2085 3192 3148
4 158 3418 3947 164
4 189 3902 3901 166
4 3194 3152 3000 3004
4 191 3967 3408 190
4 163 3236 3413 162
4 2105 1769 3150 3152
4 1773 2113 3154 3153
4 2101 2097 3193 3151
4 169 3905 3904 190
4 170 3906 3905 169
4 3195 3155 3012 3016
4 4 3375 3378 2
4 162 3413 3949 166
4 2117 1773 3153 3155
4 1777 2125 3157 3156
4 2113 2109 3194 3154
4 186 3473 3928 120
4 174 3910 3909 173
4 3196 3158 3024 3028
4 12 3365 3368 10
4 168 3228 3403 167
4 2129 1777 3156 3158
4 1781 2137 3160 3159
4 2125 2121 3195 3157
4 118 3468 3930 124
4 178 3914 3913 177
4 3197 3161 3036 3040
4 16 3359 3362 14
4 172 3222 3398 171
4 2141 1781 3159 3161
4 1785 2149 3163 3162
4 2137 2133 3196 3160
4 122 3463 3932 127
4 182 3918 3917 181
4 3198 3164 3048 3052
4 20 3353 3356 18
4 176 3216 3393 175
4 2153 1785 3162 3164
4 1789 2161 3166 3165
4 2149 2145 3197 3163
4 126 3458 3935 132
4 6 3922 3921 5
4 3199 3167 3060 3064
4 173 3927 3219 174
4 180 3210 3388 179
4 2165 1789 3165 3167
4 2161 2157 3198 3166
4 60 487 674 541
4 672 485 61 542
4 1026 1029 283 282
4 1027 1030 1029 1026
4 1025 674 673 1024
4 1025 278 541 674
4 676 304 303 675
4 674 487 486 673
4 677 305 304 676
4 171 3398 3929 177
4 16 3810 3809 15
4 3171 3083 2724 2728
4 133 3280 3283 131
4 10 3368 3528 9
4 1829 1677 3081 3083
4 1681 1837 3085 3084
4 1825 1821 3170 3082
4 34 305 677 514
4 675 303 35 516
4 792 795 205 204
4 793 796 795 792
4 791 677 676 790
4 791 200 514 677
4 679 311 310 678
4 680 312 311 679
4 35 312 680 516
4 678 310 36 517
4 801 804 208 207
4 802 805 804 801
4 800 680 679 799
4 800 203 516 680
4 682 318 317 681
4 683 319 318 682
4 36 319 683 517
4 681 317 37 518
4 810 813 211 210
4 811 814 813 810
4 809 683 682 808
4 809 206 517 683
4 685 325 324 684
4 686 326 325 685
4 37 326 686 518
4 684 324 38 519
4 819 822 214 213
4 820 823 822 819
4 818 686 685 817
4 818 209 518 686
4 688 332 331 687
4 689 333 332 688
4 38 333 689 519
4 687 331 39 520
4 828 831 217 216
4 829 832 831 828
4 827 689 688 826
4 827 212 519 689
4 691 339 338 690
4 692 340 339 691
4 39 340 692 520
4 690 338 40 521
4 837 840 220 219
4 838 841 840 837
4 836 692 691 835
4 836 215 520 692
4 694 346 345 693
4 695 347 346 694
4 40 347 695 521
4 693 345 41 522
4 846 849 223 222
4 847 850 849 846
4 845 695 694 844
4 845 218 521 695
4 697 353 352 696
4 698 354 353 697
4 41 354 698 522
4 696 352 42 523
4 855 858 226 225
4 856 859 858 855
4 854 698 697 853
4 854 221 522 698
4 700 360 359 699
4 701 361 360 700
4 42 361 701 523
4 699 359 43 524
4 864 867 229 228
4 865 868 867 864
4 863 701 700 862
4 863 224 523 701
4 703 367 366 702
4 704 368 367 703
4 43 368 704 524
4 702 366 44 525
4 873 876 232 231
4 874 877 876 873
4 872 704 703 871
4 872 227 524 704
4 706 374 373 705
4 707 375 374 706
4 44 375 707 525
4 705 373 45 526
4 882 885 235 234
4 883 886 885 882
4 881 707 706 880
4 881 230 525 707
4 709 381 380 708
4 710 382 381 709
4 45 382 710 526
4 708 380 46 527
4 891 894 238 237
4 892 895 894 891
4 890 710 709 889
4 890 233 526 710
4 712 388 387 711
4 713 389 388 712
4 46 389 713 527
4 711 387 47 528
4 900 903 241 240
4 901 904 903 900
4 899 713 712 898
4 899 236 527 713
4 715 395 394 714
4 716 396 395 715
4 47 396 716 528
4 714 394 48 529
4 909 912 244 243
4 910 913 912 909
4 908 716 715 907
4 908 239 528 716
4 718 402 401 717
4 719 403 402 718
4 48 403 719 529
4 717 401 49 530
4 918 921 247 246
4 919 922 921 918
4 917 719 718 916
4 917 242 529 719
4 721 409 408 720
4 722 410 409 721
4 49 410 722 530
4 720 408 50 531
4 927 930 250 249
4 928 931 930 927
4 926 722 721 925
4 926 245 530 722
4 724 416 415 723
4 725 417 416 724
4 50 417 725 531
4 723 415 51 532
4 936 939 253 252
4 937 940 939 936
4 935 725 724 934
4 935 248 531 725
4 727 423 422 726
4 728 424 423 727
4 51 424 728 532
4 726 422 52 533
4 945 948 256 255
4 946 949 948 945
4 944 728 727 943
4 944 251 532 728
4 730 430 429 729
4 731 431 430 730
4 52 431 731 533
4 729 429 53 534
4 954 957 259 258
4 955 958 957 954
4 953 731 730 952
4 953 254 533 731
4 733 437 436 732
4 734 438 437 733
4 53 438 734 534
4 732 436 54 535
4 963 966 262 261
4 964 967 966 963
4 962 734 733 961
4 962 257 534 734
4 736 444 443 735
4 737 445 444 736
4 54 445 737 535
4 735 443 55 536
4 972 975 265 264
4 973 976 975 972
4 971 737 736 970
4 971 260 535 737
4 739 451 450 738
4 740 452 451 739
4 55 452 740 536
4 738 450 56 537
4 981 984 268 267
4 982 985 984 981
4 980 740 739 979
4 980 263 536 740
4 742 458 457 741
4 743 459 458 742
4 56 459 743 537
4 741 457 57 538
4 990 993 271 270
4 991 994 993 990
4 989 743 742 988
4 989 266 537 743
4 745 465 464 744
4 746 466 465 745
4 57 466 746 538
4 744 464 58 539
4 999 1002 274 273
4 1000 1003 1002 999
4 998 746 745 997
4 998 269 538 746
4 748 472 471 747
4 749 473 472 748
4 58 473 749 539
4 747 471 59 540
4 1008 1011 277 276
4 1009 1012 1011 1008
4 1007 749 748 1006
4 1007 272 539 749
4 751 479 478 750
4 752 480 479 751
4 59 480 752 540
4 750 478 60 541
4 1017 1020 280 279
4 1018 1021 1020 1017
4 1016 752 751 1015
4 1016 275 540 752
4 754 493 492 753
4 755 494 493 754
4 61 494 755 542
4 753 492 62 543
4 1035 1038 286 285
4 1036 1039 1038 1035
4 1034 755 754 1033
4 1034 281 542 755
4 757 500 499 756
4 758 501 500 757
4 62 501 758 543
4 756 499 63 515
4 1044 1047 195 193
4 1045 1048 1047 1044
4 1043 758 757 1042
4 1043 284 543 758
4 760 507 506 759
4 761 508 507 760
4 3 3801 3800 184
4 4 3802 3801 3
4 1668 2173 3074 3073
4 125 3291 3294 123
4 185 3953 3538 184
4 3076 3168 2692 2696
4 1673 1813 3079 3078
4 1801 1797 3168 3076
4 515 63 508 761
4 759 506 33 513
4 290 1055 1054 289
4 1052 761 760 1051
4 1052 287 515 761
4 763 297 296 762
4 764 298 297 763
4 32 298 764 512
4 762 296 34 514
4 783 786 202 201
4 784 787 786 783
4 782 764 763 781
4 782 196 512 764
4 766 769 768 765
4 767 770 769 766
4 177 3913 3912 171
4 11 3954 3365 12
4 3412 4217 4098 3226
4 181 3917 3916 175
4 15 3955 3359 16
4 3397 4130 4119 3208
4 5 3921 3920 179
4 19 3956 3353 20
4 3392 4142 4143 3373
4 11 3805 3804 1
4 23 3957 3347 24
4 3387 4157 4158 3381
4 3512 4205 4140 3336
4 15 3809 3808 9
4 138 3876 3875 139
4 148 3881 3880 142
4 148 3942 3256 149
4 3447 4170 4138 3263
4 152 3885 3884 146
4 152 3943 3250 153
4 3442 4176 4144 3257
4 155 3889 3888 150
4 155 3945 3944 156
4 3437 4182 4149 3251
4 163 3899 3898 165
4 160 3946 3239 161
4 3432 4186 4153 3245
4 164 3897 3896 158
4 164 3947 3233 165
4 3427 4193 4159 3240
4 166 3901 3900 162
4 160 3893 3892 154
4 3422 4199 4164 3234
4 3 3952 3375 4
4 113 3478 3950 117
4 3417 4219 4097 3231
4 3476 4126 4100 3298
4 173 3909 3908 167
4 3478 3479 3482 3950
4 3348 4131 4132 3352
4 3542 4216 4104 3376
4 10 3807 3806 12
4 127 3932 3966 128
4 3537 4215 4110 3366
4 19 3813 3812 13
4 2 3803 3802 4
4 3532 4213 4117 3360
4 23 3817 3816 17
4 0 3925 3924 7
4 3527 4211 4124 3354
4 27 3821 3820 21
4 140 3941 3268 141
4 3522 4209 4131 3348
4 31 3825 3824 25
4 187 3965 3202 188
4 3517 4207 4136 3342
4 99 3829 3828 29
4 99 3960 3329 100
4 3304 3203 3202 3965
4 103 3833 3832 97
4 103 3961 3323 104
4 3507 4203 4146 3330
4 107 3837 3836 101
4 107 3962 3317 108
4 3502 4201 4151 3324
4 111 3841 3840 105
4 111 3963 3311 112
4 3497 4198 4155 3318
4 115 3845 3844 109
4 115 3964 3305 116
4 3492 4195 4161 3312
4 117 3849 3848 113
4 117 3950 3965 187
4 3487 4192 4166 3306
4 169 3951 3225 170
4 120 3928 3297 121
4 3481 4188 4189 3303
4 124 3857 3856 118
4 3232 3201 3967 3948
4 3471 4185 4108 3292
4 127 3861 3860 122
4 177 3929 3213 178
4 135 3871 3870 137
4 181 3931 3207 182
4 3466 4181 4114 3286
4 136 3869 3868 130
4 5 3934 3933 6
4 3461 4179 4122 3281
4 140 3873 3872 134
4 132 3865 3864 126
4 3456 4175 4128 3275
4 144 3877 3876 138
4 144 3940 3262 145
4 3451 4173 4134 3269
4 193 195 770 767
4 765 768 194 192
4 769 772 771 768
4 768 771 196 194
4 770 773 772 769
4 195 197 773 770
4 772 1150 1149 771
4 771 1149 512 196
4 773 1151 1150 772
4 197 513 1151 773
4 775 778 777 774
4 774 777 199 198
4 776 779 778 775
4 776 192 194 779
4 778 781 780 777
4 777 780 200 199
4 779 782 781 778
4 779 194 196 782
4 781 763 762 780
4 200 780 762 514
4 785 788 787 784
4 785 198 199 788
4 787 790 789 786
4 786 789 203 202
4 788 791 790 787
4 788 199 200 791
4 790 676 675 789
4 203 789 675 516
4 794 797 796 793
4 794 201 202 797
4 796 799 798 795
4 795 798 206 205
4 797 800 799 796
4 797 202 203 800
4 799 679 678 798
4 206 798 678 517
4 803 806 805 802
4 803 204 205 806
4 805 808 807 804
4 804 807 209 208
4 806 809 808 805
4 806 205 206 809
4 808 682 681 807
4 209 807 681 518
4 812 815 814 811
4 812 207 208 815
4 814 817 816 813
4 813 816 212 211
4 815 818 817 814
4 815 208 209 818
4 817 685 684 816
4 212 816 684 519
4 821 824 823 820
4 821 210 211 824
4 823 826 825 822
4 822 825 215 214
4 824 827 826 823
4 824 211 212 827
4 826 688 687 825
4 215 825 687 520
4 830 833 832 829
4 830 213 214 833
4 832 835 834 831
4 831 834 218 217
4 833 836 835 832
4 833 214 215 836
4 835 691 690 834
4 218 834 690 521
4 839 842 841 838
4 839 216 217 842
4 841 844 843 840
4 840 843 221 220
4 842 845 844 841
4 842 217 218 845
4 844 694 693 843
4 221 843 693 522
4 848 851 850 847
4 848 219 220 851
4 850 853 852 849
4 849 852 224 223
4 851 854 853 850
4 851 220 221 854
4 853 697 696 852
4 224 852 696 523
4 857 860 859 856
4 857 222 223 860
4 859 862 861 858
4 858 861 227 226
4 860 863 862 859
4 860 223 224 863
4 862 700 699 861
4 227 861 699 524
4 866 869 868 865
4 866 225 226 869
4 868 871 870 867
4 867 870 230 229
4 869 872 871 868
4 869 226 227 872
4 871 703 702 870
4 230 870 702 525
4 875 878 877 874
4 875 228 229 878
4 877 880 879 876
4 876 879 233 232
4 878 881 880 877
4 878 229 230 881
4 880 706 705 879
4 233 879 705 526
4 884 887 886 883
4 884 231 232 887
4 886 889 888 885
4 885 888 236 235
4 887 890 889 886
4 887 232 233 890
4 889 709 708 888
4 236 888 708 527
4 893 896 895 892
4 893 234 235 896
4 895 898 897 894
4 894 897 239 238
4 896 899 898 895
4 896 235 236 899
4 898 712 711 897
4 239 897 711 528
4 902 905 904 901
4 902 237 238 905
4 904 907 906 903
4 903 906 242 241
4 905 908 907 904
4 905 238 239 908
4 907 715 714 906
4 242 906 714 529
4 911 914 913 910
4 911 240 241 914
4 913 916 915 912
4 912 915 245 244
4 914 917 916 913
4 914 241 242 917
4 916 718 717 915
4 245 915 717 530
4 920 923 922 919
4 920 243 244 923
4 922 925 924 921
4 921 924 248 247
4 923 926 925 922
4 923 244 245 926
4 925 721 720 924
4 248 924 720 531
4 929 932 931 928
4 929 246 247 932
4 931 934 933 930
4 930 933 251 250
4 932 935 934 931
4 932 247 248 935
4 934 724 723 933
4 251 933 723 532
4 938 941 940 937
4 938 249 250 941
4 940 943 942 939
4 939 942 254 253
4 941 944 943 940
4 941 250 251 944
4 943 727 726 942
4 254 942 726 533
4 947 950 949 946
4 947 252 253 950
4 949 952 951 948
4 948 951 257 256
4 950 953 952 949
4 950 253 254 953
4 952 730 729 951
4 257 951 729 534
4 956 959 958 955
4 956 255 256 959
4 958 961 960 957
4 957 960 260 259
4 959 962 961 958
4 959 256 257 962
4 961 733 732 960
4 260 960 732 535
4 965 968 967 964
4 965 258 259 968
4 967 970 969 966
4 966 969 263 262
4 968 971 970 967
4 968 259 260 971
4 970 736 735 969
4 263 969 735 536
4 974 977 976 973
4 974 261 262 977
4 976 979 978 975
4 975 978 266 265
4 977 980 979 976
4 977 262 263 980
4 979 739 738 978
4 266 978 738 537
4 983 986 985 982
4 983 264 265 986
4 985 988 987 984
4 984 987 269 268
4 986 989 988 985
4 986 265 266 989
4 988 742 741 987
4 269 987 741 538
4 992 995 994 991
4 992 267 268 995
4 994 997 996 993
4 993 996 272 271
4 995 998 997 994
4 995 268 269 998
4 997 745 744 996
4 272 996 744 539
4 1001 1004 1003 1000
4 1001 270 271 1004
4 1003 1006 1005 1002
4 1002 1005 275 274
4 1004 1007 1006 1003
4 1004 271 272 1007
4 1006 748 747 1005
4 275 1005 747 540
4 1010 1013 1012 1009
4 1010 273 274 1013
4 1012 1015 1014 1011
4 1011 1014 278 277
4 1013 1016 1015 1012
4 1013 274 275 1016
4 1015 751 750 1014
4 278 1014 750 541
4 1019 1022 1021 1018
4 1019 276 277 1022
4 1021 1024 1023 1020
4 1020 1023 281 280
4 1022 1025 1024 1021
4 1022 277 278 1025
4 1024 673 672 1023
4 281 1023 672 542
4 1028 1031 1030 1027
4 1028 279 280 1031
4 1030 1033 1032 1029
4 1029 1032 284 283
4 1031 1034 1033 1030
4 1031 280 281 1034
4 1033 754 753 1032
4 284 1032 753 543
4 1037 1040 1039 1036
4 1037 282 283 1040
4 1039 1042 1041 1038
4 1038 1041 287 286
4 1040 1043 1042 1039
4 1040 283 284 1043
4 1042 757 756 1041
4 287 1041 756 515
4 1046 1049 1048 1045
4 1046 285 286 1049
4 1048 1051 1050 1047
4 1047 1050 197 195
4 1049 1052 1051 1048
4 1049 286 287 1052
4 1051 760 759 1050
4 197 1050 759 513
4 1151 290 289 1150
4 296 297 1057 1056
4 1054 294 295 1053
4 33 292 1055 290
4 32 288 1053 291
4 1055 293 294 1054
4 1057 301 302 1056
4 34 296 1056 299
4 292 64 293 1055
4 1053 295 65 291
4 297 298 1058 1057
4 298 32 291 1058
4 303 304 1060 1059
4 1058 300 301 1057
4 1060 308 309 1059
4 35 303 1059 306
4 65 300 1058 291
4 1056 302 66 299
4 304 305 1061 1060
4 305 34 299 1061
4 310 311 1063 1062
4 1061 307 308 1060
4 1063 315 316 1062
4 36 310 1062 313
4 66 307 1061 299
4 1059 309 67 306
4 311 312 1064 1063
4 312 35 306 1064
4 317 318 1066 1065
4 1064 314 315 1063
4 1066 322 323 1065
4 37 317 1065 320
4 67 314 1064 306
4 1062 316 68 313
4 318 319 1067 1066
4 319 36 313 1067
4 324 325 1069 1068
4 1067 321 322 1066
4 1069 329 330 1068
4 38 324 1068 327
4 68 321 1067 313
4 1065 323 69 320
4 325 326 1070 1069
4 326 37 320 1070
4 331 332 1072 1071
4 1070 328 329 1069
4 1072 336 337 1071
4 39 331 1071 334
4 69 328 1070 320
4 1068 330 70 327
4 332 333 1073 1072
4 333 38 327 1073
4 338 339 1075 1074
4 1073 335 336 1072
4 1075 343 344 1074
4 40 338 1074 341
4 70 335 1073 327
4 1071 337 71 334
4 339 340 1076 1075
4 340 39 334 1076
4 345 346 1078 1077
4 1076 342 343 1075
4 1078 350 351 1077
4 41 345 1077 348
4 71 342 1076 334
4 1074 344 72 341
4 346 347 1079 1078
4 347 40 341 1079
4 352 353 1081 1080
4 1079 349 350 1078
4 1081 357 358 1080
4 42 352 1080 355
4 72 349 1079 341
4 1077 351 73 348
4 353 354 1082 1081
4 354 41 348 1082
4 359 360 1084 1083
4 1082 356 357 1081
4 1084 364 365 1083
4 43 359 1083 362
4 73 356 1082 348
4 1080 358 74 355
4 360 361 1085 1084
4 361 42 355 1085
4 366 367 1087 1086
4 1085 363 364 1084
4 1087 371 372 1086
4 44 366 1086 369
4 74 363 1085 355
4 1083 365 75 362
4 367 368 1088 1087
4 368 43 362 1088
4 373 374 1090 1089
4 1088 370 371 1087
4 1090 378 379 1089
4 45 373 1089 376
4 75 370 1088 362
4 1086 372 76 369
4 374 375 1091 1090
4 375 44 369 1091
4 380 381 1093 1092
4 1091 377 378 1090
4 1093 385 386 1092
4 46 380 1092 383
4 76 377 1091 369
4 1089 379 77 376
4 381 382 1094 1093
4 382 45 376 1094
4 387 388 1096 1095
4 1094 384 385 1093
4 1096 392 393 1095
4 47 387 1095 390
4 77 384 1094 376
4 1092 386 78 383
4 388 389 1097 1096
4 389 46 383 1097
4 394 395 1099 1098
4 1097 391 392 1096
4 1099 399 400 1098
4 48 394 1098 397
4 78 391 1097 383
4 1095 393 79 390
4 395 396 1100 1099
4 396 47 390 1100
4 401 402 1102 1101
4 1100 398 399 1099
4 1102 406 407 1101
4 49 401 1101 404
4 79 398 1100 390
4 1098 400 80 397
4 402 403 1103 1102
4 403 48 397 1103
4 408 409 1105 1104
4 1103 405 406 1102
4 1105 413 414 1104
4 50 408 1104 411
4 80 405 1103 397
4 1101 407 81 404
4 409 410 1106 1105
4 410 49 404 1106
4 415 416 1108 1107
4 1106 412 413 1105
4 1108 420 421 1107
4 51 415 1107 418
4 81 412 1106 404
4 1104 414 82 411
4 416 417 1109 1108
4 417 50 411 1109
4 422 423 1111 1110
4 1109 419 420 1108
4 1111 427 428 1110
4 52 422 1110 425
4 82 419 1109 411
4 1107 421 83 418
4 423 424 1112 1111
4 424 51 418 1112
4 429 430 1114 1113
4 1112 426 427 1111
4 1114 434 435 1113
4 53 429 1113 432
4 83 426 1112 418
4 1110 428 84 425
4 430 431 1115 1114
4 431 52 425 1115
4 436 437 1117 1116
4 1115 433 434 1114
4 1117 441 442 1116
4 54 436 1116 439
4 84 433 1115 425
4 1113 435 85 432
4 437 438 1118 1117
4 438 53 432 1118
4 443 444 1120 1119
4 1118 440 441 1117
4 1120 448 449 1119
4 55 443 1119 446
4 85 440 1118 432
4 1116 442 86 439
4 444 445 1121 1120
4 445 54 439 1121
4 450 451 1123 1122
4 1121 447 448 1120
4 1123 455 456 1122
4 56 450 1122 453
4 86 447 1121 439
4 1119 449 87 446
4 451 452 1124 1123
4 452 55 446 1124
4 457 458 1126 1125
4 1124 454 455 1123
4 1126 462 463 1125
4 57 457 1125 460
4 87 454 1124 446
4 1122 456 88 453
4 458 459 1127 1126
4 459 56 453 1127
4 464 465 1129 1128
4 1127 461 462 1126
4 1129 469 470 1128
4 58 464 1128 467
4 88 461 1127 453
4 1125 463 89 460
4 465 466 1130 1129
4 466 57 460 1130
4 471 472 1132 1131
4 1130 468 469 1129
4 1132 476 477 1131
4 59 471 1131 474
4 89 468 1130 460
4 1128 470 90 467
4 472 473 1133 1132
4 473 58 467 1133
4 478 479 1135 1134
4 1133 475 476 1132
4 1135 483 484 1134
4 60 478 1134 481
4 90 475 1133 467
4 1131 477 91 474
4 479 480 1136 1135
4 480 59 474 1136
4 485 486 1138 1137
4 1136 482 483 1135
4 1138 490 491 1137
4 61 485 1137 488
4 91 482 1136 474
4 1134 484 92 481
4 486 487 1139 1138
4 487 60 481 1139
4 492 493 1141 1140
4 1139 489 490 1138
4 1141 497 498 1140
4 62 492 1140 495
4 92 489 1139 481
4 1137 491 93 488
4 493 494 1142 1141
4 494 61 488 1142
4 499 500 1144 1143
4 1142 496 497 1141
4 1144 504 505 1143
4 63 499 1143 502
4 93 496 1142 488
4 1140 498 94 495
4 500 501 1145 1144
4 501 62 495 1145
4 506 507 1147 1146
4 1145 503 504 1144
4 1147 510 511 1146
4 33 506 1146 292
4 94 503 1145 495
4 1143 505 95 502
4 507 508 1148 1147
4 508 63 502 1148
4 1148 509 510 1147
4 95 509 1148 502
4 1146 511 64 292
4 1150 289 288 1149
4 513 33 290 1151
4 1149 288 32 512
4 1152 1153 1156 1155
4 1153 1154 1157 1156
4 1155 1156 1159 1158
4 1156 1157 1160 1159
4 1440 1441 1153 1152
4 1441 1442 1154 1153
4 1442 641 547 1154
4 641 1443 1161 547
4 1154 547 548 1157
4 1157 548 549 1160
4 1160 549 65 295
4 1159 1160 295 294
4 1158 1159 294 293
4 544 1158 293 64
4 545 1155 1158 544
4 546 1152 1155 545
4 1161 1162 1165 1164
4 1162 1163 1166 1165
4 1164 1165 1168 1167
4 1165 1166 1169 1168
4 1443 1444 1162 1161
4 1444 1445 1163 1162
4 1445 642 550 1163
4 642 1446 1170 550
4 1163 550 551 1166
4 1166 551 552 1169
4 1169 552 66 302
4 1168 1169 302 301
4 1167 1168 301 300
4 549 1167 300 65
4 548 1164 1167 549
4 547 1161 1164 548
4 1170 1171 1174 1173
4 1171 1172 1175 1174
4 1173 1174 1177 1176
4 1174 1175 1178 1177
4 1446 1447 1171 1170
4 1447 1448 1172 1171
4 1448 643 553 1172
4 643 1449 1179 553
4 1172 553 554 1175
4 1175 554 555 1178
4 1178 555 67 309
4 1177 1178 309 308
4 1176 1177 308 307
4 552 1176 307 66
4 551 1173 1176 552
4 550 1170 1173 551
4 1179 1180 1183 1182
4 1180 1181 1184 1183
4 1182 1183 1186 1185
4 1183 1184 1187 1186
4 1449 1450 1180 1179
4 1450 1451 1181 1180
4 1451 644 556 1181
4 644 1452 1188 556
4 1181 556 557 1184
4 1184 557 558 1187
4 1187 558 68 316
4 1186 1187 316 315
4 1185 1186 315 314
4 555 1185 314 67
4 554 1182 1185 555
4 553 1179 1182 554
4 1188 1189 1192 1191
4 1189 1190 1193 1192
4 1191 1192 1195 1194
4 1192 1193 1196 1195
4 1452 1453 1189 1188
4 1453 1454 1190 1189
4 1454 645 559 1190
4 645 1455 1197 559
4 1190 559 560 1193
4 1193 560 561 1196
4 1196 561 69 323
4 1195 1196 323 322
4 1194 1195 322 321
4 558 1194 321 68
4 557 1191 1194 558
4 556 1188 1191 557
4 1197 1198 1201 1200
4 1198 1199 1202 1201
4 1200 1201 1204 1203
4 1201 1202 1205 1204
4 1455 1456 1198 1197
4 1456 1457 1199 1198
4 1457 646 562 1199
4 646 1458 1206 562
4 1199 562 563 1202
4 1202 563 564 1205
4 1205 564 70 330
4 1204 1205 330 329
4 1203 1204 329 328
4 561 1203 328 69
4 560 1200 1203 561
4 559 1197 1200 560
4 1206 1207 1210 1209
4 1207 1208 1211 1210
4 1209 1210 1213 1212
4 1210 1211 1214 1213
4 1458 1459 1207 1206
4 1459 1460 1208 1207
4 1460 647 565 1208
4 647 1461 1215 565
4 1208 565 566 1211
4 1211 566 567 1214
4 1214 567 71 337
4 1213 1214 337 336
4 1212 1213 336 335
4 564 1212 335 70
4 563 1209 1212 564
4 562 1206 1209 563
4 1215 1216 1219 1218
4 1216 1217 1220 1219
4 1218 1219 1222 1221
4 1219 1220 1223 1222
4 1461 1462 1216 1215
4 1462 1463 1217 1216
4 1463 648 568 1217
4 648 1464 1224 568
4 1217 568 569 1220
4 1220 569 570 1223
4 1223 570 72 344
4 1222 1223 344 343
4 1221 1222 343 342
4 567 1221 342 71
4 566 1218 1221 567
4 565 1215 1218 566
4 1224 1225 1228 1227
4 1225 1226 1229 1228
4 1227 1228 1231 1230
4 1228 1229 1232 1231
4 1464 1465 1225 1224
4 1465 1466 1226 1225
4 1466 649 571 1226
4 649 1467 1233 571
4 1226 571 572 1229
4 1229 572 573 1232
4 1232 573 73 351
4 1231 1232 351 350
4 1230 1231 350 349
4 570 1230 349 72
4 569 1227 1230 570
4 568 1224 1227 569
4 1233 1234 1237 1236
4 1234 1235 1238 1237
4 1236 1237 1240 1239
4 1237 1238 1241 1240
4 1467 1468 1234 1233
4 1468 1469 1235 1234
4 1469 650 574 1235
4 650 1470 1242 574
4 1235 574 575 1238
4 1238 575 576 1241
4 1241 576 74 358
4 1240 1241 358 357
4 1239 1240 357 356
4 573 1239 356 73
4 572 1236 1239 573
4 571 1233 1236 572
4 1242 1243 1246 1245
4 1243 1244 1247 1246
4 1245 1246 1249 1248
4 1246 1247 1250 1249
4 1470 1471 1243 1242
4 1471 1472 1244 1243
4 1472 651 577 1244
4 651 1473 1251 577
4 1244 577 578 1247
4 1247 578 579 1250
4 1250 579 75 365
4 1249 1250 365 364
4 1248 1249 364 363
4 576 1248 363 74
4 575 1245 1248 576
4 574 1242 1245 575
4 1251 1252 1255 1254
4 1252 1253 1256 1255
4 1254 1255 1258 1257
4 1255 1256 1259 1258
4 1473 1474 1252 1251
4 1474 1475 1253 1252
4 1475 652 580 1253
4 652 1476 1260 580
4 1253 580 581 1256
4 1256 581 582 1259
4 1259 582 76 372
4 1258 1259 372 371
4 1257 1258 371 370
4 579 1257 370 75
4 578 1254 1257 579
4 577 1251 1254 578
4 1260 1261 1264 1263
4 1261 1262 1265 1264
4 1263 1264 1267 1266
4 1264 1265 1268 1267
4 1476 1477 1261 1260
4 1477 1478 1262 1261
4 1478 653 583 1262
4 653 1479 1269 583
4 1262 583 584 1265
4 1265 584 585 1268
4 1268 585 77 379
4 1267 1268 379 378
4 1266 1267 378 377
4 582 1266 377 76
4 581 1263 1266 582
4 580 1260 1263 581
4 1269 1270 1273 1272
4 1270 1271 1274 1273
4 1272 1273 1276 1275
4 1273 1274 1277 1276
4 1479 1480 1270 1269
4 1480 1481 1271 1270
4 1481 654 586 1271
4 654 1482 1278 586
4 1271 586 587 1274
4 1274 587 588 1277
4 1277 588 78 386
4 1276 1277 386 385
4 1275 1276 385 384
4 585 1275 384 77
4 584 1272 1275 585
4 583 1269 1272 584
4 1278 1279 1282 1281
4 1279 1280 1283 1282
4 1281 1282 1285 1284
4 1282 1283 1286 1285
4 1482 1483 1279 1278
4 1483 1484 1280 1279
4 1484 655 589 1280
4 655 1485 1287 589
4 1280 589 590 1283
4 1283 590 591 1286
4 1286 591 79 393
4 1285 1286 393 392
4 1284 1285 392 391
4 588 1284 391 78
4 587 1281 1284 588
4 586 1278 1281 587
4 1287 1288 1291 1290
4 1288 1289 1292 1291
4 1290 1291 1294 1293
4 1291 1292 1295 1294
4 1485 1486 1288 1287
4 1486 1487 1289 1288
4 1487 656 592 1289
4 656 1488 1296 592
4 1289 592 593 1292
4 1292 593 594 1295
4 1295 594 80 400
4 1294 1295 400 399
4 1293 1294 399 398
4 591 1293 398 79
4 590 1290 1293 591
4 589 1287 1290 590
4 1296 1297 1300 1299
4 1297 1298 1301 1300
4 1299 1300 1303 1302
4 1300 1301 1304 1303
4 1488 1489 1297 1296
4 1489 1490 1298 1297
4 1490 657 595 1298
4 657 1491 1305 595
4 1298 595 596 1301
4 1301 596 597 1304
4 1304 597 81 407
4 1303 1304 407 406
4 1302 1303 406 405
4 594 1302 405 80
4 593 1299 1302 594
4 592 1296 1299 593
4 1305 1306 1309 1308
4 1306 1307 1310 1309
4 1308 1309 1312 1311
4 1309 1310 1313 1312
4 1491 1492 1306 1305
4 1492 1493 1307 1306
4 1493 658 598 1307
4 658 1494 1314 598
4 1307 598 599 1310
4 1310 599 600 1313
4 1313 600 82 414
4 1312 1313 414 413
4 1311 1312 413 412
4 597 1311 412 81
4 596 1308 1311 597
4 595 1305 1308 596
4 1314 1315 1318 1317
4 1315 1316 1319 1318
4 1317 1318 1321 1320
4 1318 1319 1322 1321
4 1494 1495 1315 1314
4 1495 1496 1316 1315
4 1496 659 601 1316
4 659 1497 1323 601
4 1316 601 602 1319
4 1319 602 603 1322
4 1322 603 83 421
4 1321 1322 421 420
4 1320 1321 420 419
4 600 1320 419 82
4 599 1317 1320 600
4 598 1314 1317 599
4 1323 1324 1327 1326
4 1324 1325 1328 1327
4 1326 1327 1330 1329
4 1327 1328 1331 1330
4 1497 1498 1324 1323
4 1498 1499 1325 1324
4 1499 660 604 1325
4 660 1500 1332 604
4 1325 604 605 1328
4 1328 605 606 1331
4 1331 606 84 428
4 1330 1331 428 427
4 1329 1330 427 426
4 603 1329 426 83
4 602 1326 1329 603
4 601 1323 1326 602
4 1332 1333 1336 1335
4 1333 1334 1337 1336
4 1335 1336 1339 1338
4 1336 1337 1340 1339
4 1500 1501 1333 1332
4 1501 1502 1334 1333
4 1502 661 607 1334
4 661 1503 1341 607
4 1334 607 608 1337
4 1337 608 609 1340
4 1340 609 85 435
4 1339 1340 435 434
4 1338 1339 434 433
4 606 1338 433 84
4 605 1335 1338 606
4 604 1332 1335 605
4 1341 1342 1345 1344
4 1342 1343 1346 1345
4 1344 1345 1348 1347
4 1345 1346 1349 1348
4 1503 1504 1342 1341
4 1504 1505 1343 1342
4 1505 662 610 1343
4 662 1506 1350 610
4 1343 610 611 1346
4 1346 611 612 1349
4 1349 612 86 442
4 1348 1349 442 441
4 1347 1348 441 440
4 609 1347 440 85
4 608 1344 1347 609
4 607 1341 1344 608
4 1350 1351 1354 1353
4 1351 1352 1355 1354
4 1353 1354 1357 1356
4 1354 1355 1358 1357
4 1506 1507 1351 1350
4 1507 1508 1352 1351
4 1508 663 613 1352
4 663 1509 1359 613
4 1352 613 614 1355
4 1355 614 615 1358
4 1358 615 87 449
4 1357 1358 449 448
4 1356 1357 448 447
4 612 1356 447 86
4 611 1353 1356 612
4 610 1350 1353 611
4 1359 1360 1363 1362
4 1360 1361 1364 1363
4 1362 1363 1366 1365
4 1363 1364 1367 1366
4 1509 1510 1360 1359
4 1510 1511 1361 1360
4 1511 664 616 1361
4 664 1512 1368 616
4 1361 616 617 1364
4 1364 617 618 1367
4 1367 618 88 456
4 1366 1367 456 455
4 1365 1366 455 454
4 615 1365 454 87
4 614 1362 1365 615
4 613 1359 1362 614
4 1368 1369 1372 1371
4 1369 1370 1373 1372
4 1371 1372 1375 1374
4 1372 1373 1376 1375
4 1512 1513 1369 1368
4 1513 1514 1370 1369
4 1514 665 619 1370
4 665 1515 1377 619
4 1370 619 620 1373
4 1373 620 621 1376
4 1376 621 89 463
4 1375 1376 463 462
4 1374 1375 462 461
4 618 1374 461 88
4 617 1371 1374 618
4 616 1368 1371 617
4 1377 1378 1381 1380
4 1378 1379 1382 1381
4 1380 1381 1384 1383
4 1381 1382 1385 1384
4 1515 1516 1378 1377
4 1516 1517 1379 1378
4 1517 666 622 1379
4 666 1518 1386 622
4 1379 622 623 1382
4 1382 623 624 1385
4 1385 624 90 470
4 1384 1385 470 469
4 1383 1384 469 468
4 621 1383 468 89
4 620 1380 1383 621
4 619 1377 1380 620
4 1386 1387 1390 1389
4 1387 1388 1391 1390
4 1389 1390 1393 1392
4 1390 1391 1394 1393
4 1518 1519 1387 1386
4 1519 1520 1388 1387
4 1520 667 625 1388
4 667 1521 1395 625
4 1388 625 626 1391
4 1391 626 627 1394
4 1394 627 91 477
4 1393 1394 477 476
4 1392 1393 476 475
4 624 1392 475 90
4 623 1389 1392 624
4 622 1386 1389 623
4 1395 1396 1399 1398
4 1396 1397 1400 1399
4 1398 1399 1402 1401
4 1399 1400 1403 1402
4 1521 1522 1396 1395
4 1522 1523 1397 1396
4 1523 668 628 1397
4 668 1524 1404 628
4 1397 628 629 1400
4 1400 629 630 1403
4 1403 630 92 484
4 1402 1403 484 483
4 1401 1402 483 482
4 627 1401 482 91
4 626 1398 1401 627
4 625 1395 1398 626
4 1404 1405 1408 1407
4 1405 1406 1409 1408
4 1407 1408 1411 1410
4 1408 1409 1412 1411
4 1524 1525 1405 1404
4 1525 1526 1406 1405
4 1526 669 631 1406
4 669 1527 1413 631
4 1406 631 632 1409
4 1409 632 633 1412
4 1412 633 93 491
4 1411 1412 491 490
4 1410 1411 490 489
4 630 1410 489 92
4 629 1407 1410 630
4 628 1404 1407 629
4 1413 1414 1417 1416
4 1414 1415 1418 1417
4 1416 1417 1420 1419
4 1417 1418 1421 1420
4 1527 1528 1414 1413
4 1528 1529 1415 1414
4 1529 670 634 1415
4 670 1530 1422 634
4 1415 634 635 1418
4 1418 635 636 1421
4 1421 636 94 498
4 1420 1421 498 497
4 1419 1420 497 496
4 633 1419 496 93
4 632 1416 1419 633
4 631 1413 1416 632
4 1422 1423 1426 1425
4 1423 1424 1427 1426
4 1425 1426 1429 1428
4 1426 1427 1430 1429
4 1530 1531 1423 1422
4 1531 1532 1424 1423
4 1532 671 637 1424
4 671 1533 1431 637
4 1424 637 638 1427
4 1427 638 639 1430
4 1430 639 95 505
4 1429 1430 505 504
4 1428 1429 504 503
4 636 1428 503 94
4 635 1425 1428 636
4 634 1422 1425 635
4 1431 1432 1435 1434
4 1432 1433 1436 1435
4 1434 1435 1438 1437
4 1435 1436 1439 1438
4 1533 1534 1432 1431
4 1534 1535 1433 1432
4 1535 640 546 1433
4 1433 546 545 1436
4 1436 545 544 1439
4 1439 544 64 511
4 1438 1439 511 510
4 1437 1438 510 509
4 639 1437 509 95
4 638 1434 1437 639
4 637 1431 1434 638
4 1664 1804 2281 2176
4 3169 3077 2700 2704
4 1672 1816 2290 2182
4 1676 1828 2299 2185
4 1680 1840 2308 2188
4 1684 1852 2317 2191
4 1688 1864 2326 2194
4 1692 1876 2335 2197
4 1696 1888 2344 2200
4 1700 1900 2353 2203
4 1704 1912 2362 2206
4 1708 1924 2371 2209
4 1712 1936 2380 2212
4 1716 1948 2389 2215
4 1720 1960 2398 2218
4 1724 1972 2407 2221
4 1728 1984 2416 2224
4 1732 1996 2425 2227
4 1736 2008 2434 2230
4 1740 2020 2443 2233
4 1744 2032 2452 2236
4 1748 2044 2461 2239
4 1752 2056 2470 2242
4 1756 2068 2479 2245
4 1760 2080 2488 2248
4 1764 2092 2497 2251
4 1768 2104 2506 2254
4 1772 2116 2515 2257
4 1776 2128 2524 2260
4 1780 2140 2533 2263
4 1784 2152 2542 2266
4 1788 2164 2551 2269
128 1569 1568 1536 1573 1572 1571 1538 1576 1575 1574 1539 1579 1578 1577 1540 1582 1581 1580 1541 1585 1584 1583 1542 1588 1587 1586 1543 1591 1590 1589 1544 1594 1593 1592 1545 1597 1596 1595 1546 1600 1599 1598 1547 1603 1602 1601 1548 1606 1605 1604 1549 1609 1608 1607 1550 1612 1611 1610 1551 1615 1614 1613 1552 1618 1617 1616 1553 1621 1620 1619 1554 1624 1623 1622 1555 1627 1626 1625 1556 1630 1629 1628 1557 1633 1632 1631 1558 1636 1635 1634 1559 1639 1638 1637 1560 1642 1641 1640 1561 1645 1644 1643 1562 1648 1647 1646 1563 1651 1650 1649 1564 1654 1653 1652 1565 1657 1656 1655 1566 1660 1659 1658 1567 1663 1662 1661 1537 1570
4 2172 1669 2179 2557
4 2168 2172 2557 2554
4 2164 2168 2554 2551
4 2160 1788 2269 2548
4 2156 2160 2548 2545
4 2152 2156 2545 2542
4 2148 1784 2266 2539
4 2144 2148 2539 2536
4 2140 2144 2536 2533
4 2136 1780 2263 2530
4 2132 2136 2530 2527
4 2128 2132 2527 2524
4 2124 1776 2260 2521
4 2120 2124 2521 2518
4 2116 2120 2518 2515
4 2112 1772 2257 2512
4 2108 2112 2512 2509
4 2104 2108 2509 2506
4 2100 1768 2254 2503
4 2096 2100 2503 2500
4 2092 2096 2500 2497
4 2088 1764 2251 2494
4 2084 2088 2494 2491
4 2080 2084 2491 2488
4 2076 1760 2248 2485
4 2072 2076 2485 2482
4 2068 2072 2482 2479
4 2064 1756 2245 2476
4 2060 2064 2476 2473
4 2056 2060 2473 2470
4 2052 1752 2242 2467
4 2048 2052 2467 2464
4 2044 2048 2464 2461
4 2040 1748 2239 2458
4 2036 2040 2458 2455
4 2032 2036 2455 2452
4 2028 1744 2236 2449
4 2024 2028 2449 2446
4 2020 2024 2446 2443
4 2016 1740 2233 2440
4 2012 2016 2440 2437
4 2008 2012 2437 2434
4 2004 1736 2230 2431
4 2000 2004 2431 2428
4 1996 2000 2428 2425
4 1992 1732 2227 2422
4 1988 1992 2422 2419
4 1984 1988 2419 2416
4 1980 1728 2224 2413
4 1976 1980 2413 2410
4 1972 1976 2410 2407
4 1968 1724 2221 2404
4 1964 1968 2404 2401
4 1960 1964 2401 2398
4 1956 1720 2218 2395
4 1952 1956 2395 2392
4 1948 1952 2392 2389
4 1944 1716 2215 2386
4 1940 1944 2386 2383
4 1936 1940 2383 2380
4 1932 1712 2212 2377
4 1928 1932 2377 2374
4 1924 1928 2374 2371
4 1920 1708 2209 2368
4 1916 1920 2368 2365
4 1912 1916 2365 2362
4 1908 1704 2206 2359
4 1904 1908 2359 2356
4 1900 1904 2356 2353
4 1896 1700 2203 2350
4 1892 1896 2350 2347
4 1888 1892 2347 2344
4 1884 1696 2200 2341
4 1880 1884 2341 2338
4 1876 1880 2338 2335
4 1872 1692 2197 2332
4 1868 1872 2332 2329
4 1864 1868 2329 2326
4 1860 1688 2194 2323
4 1856 1860 2323 2320
4 1852 1856 2320 2317
4 1848 1684 2191 2314
4 1844 1848 2314 2311
4 1840 1844 2311 2308
4 1836 1680 2188 2305
4 1832 1836 2305 2302
4 1828 1832 2302 2299
4 1824 1676 2185 2296
4 1820 1824 2296 2293
4 1816 1820 2293 2290
4 1812 1672 2182 2287
4 1808 1812 2287 2284
4 1804 1808 2284 2281
4 1800 1664 2176 2278
4 1796 1800 2278 2275
4 1792 1796 2275 2272
4 1669 1792 2272 2179
4 2173 1668 1670 2175
4 1671 1669 2172 2174
4 2175 2174 2170 2171
4 2169 2173 2175 2171
4 2174 2172 2168 2170
4 2171 2170 2166 2167
4 2165 2169 2171 2167
4 2170 2168 2164 2166
4 2167 2166 1790 1791
4 1789 2165 2167 1791
4 2166 2164 1788 1790
4 1791 1790 2162 2163
4 2161 1789 1791 2163
4 1790 1788 2160 2162
4 2163 2162 2158 2159
4 2157 2161 2163 2159
4 2162 2160 2156 2158
4 2159 2158 2154 2155
4 2153 2157 2159 2155
4 2158 2156 2152 2154
4 2155 2154 1786 1787
4 1785 2153 2155 1787
4 2154 2152 1784 1786
4 1787 1786 2150 2151
4 2149 1785 1787 2151
4 1786 1784 2148 2150
4 2151 2150 2146 2147
4 2145 2149 2151 2147
4 2150 2148 2144 2146
4 2147 2146 2142 2143
4 2141 2145 2147 2143
4 2146 2144 2140 2142
4 2143 2142 1782 1783
4 1781 2141 2143 1783
4 2142 2140 1780 1782
4 1783 1782 2138 2139
4 2137 1781 1783 2139
4 1782 1780 2136 2138
4 2139 2138 2134 2135
4 2133 2137 2139 2135
4 2138 2136 2132 2134
4 2135 2134 2130 2131
4 2129 2133 2135 2131
4 2134 2132 2128 2130
4 2131 2130 1778 1779
4 1777 2129 2131 1779
4 2130 2128 1776 1778
4 1779 1778 2126 2127
4 2125 1777 1779 2127
4 1778 1776 2124 2126
4 2127 2126 2122 2123
4 2121 2125 2127 2123
4 2126 2124 2120 2122
4 2123 2122 2118 2119
4 2117 2121 2123 2119
4 2122 2120 2116 2118
4 2119 2118 1774 1775
4 1773 2117 2119 1775
4 2118 2116 1772 1774
4 1775 1774 2114 2115
4 2113 1773 1775 2115
4 1774 1772 2112 2114
4 2115 2114 2110 2111
4 2109 2113 2115 2111
4 2114 2112 2108 2110
4 2111 2110 2106 2107
4 2105 2109 2111 2107
4 2110 2108 2104 2106
4 2107 2106 1770 1771
4 1769 2105 2107 1771
4 2106 2104 1768 1770
4 1771 1770 2102 2103
4 2101 1769 1771 2103
4 1770 1768 2100 2102
4 2103 2102 2098 2099
4 2097 2101 2103 2099
4 2102 2100 2096 2098
4 2099 2098 2094 2095
4 2093 2097 2099 2095
4 2098 2096 2092 2094
4 2095 2094 1766 1767
4 1765 2093 2095 1767
4 2094 2092 1764 1766
4 1767 1766 2090 2091
4 2089 1765 1767 2091
4 1766 1764 2088 2090
4 2091 2090 2086 2087
4 2085 2089 2091 2087
4 2090 2088 2084 2086
4 2087 2086 2082 2083
4 2081 2085 2087 2083
4 2086 2084 2080 2082
4 2083 2082 1762 1763
4 1761 2081 2083 1763
4 2082 2080 1760 1762
4 1763 1762 2078 2079
4 2077 1761 1763 2079
4 1762 1760 2076 2078
4 2079 2078 2074 2075
4 2073 2077 2079 2075
4 2078 2076 2072 2074
4 2075 2074 2070 2071
4 2069 2073 2075 2071
4 2074 2072 2068 2070
4 2071 2070 1758 1759
4 1757 2069 2071 1759
4 2070 2068 1756 1758
4 1759 1758 2066 2067
4 2065 1757 1759 2067
4 1758 1756 2064 2066
4 2067 2066 2062 2063
4 2061 2065 2067 2063
4 2066 2064 2060 2062
4 2063 2062 2058 2059
4 2057 2061 2063 2059
4 2062 2060 2056 2058
4 2059 2058 1754 1755
4 1753 2057 2059 1755
4 2058 2056 1752 1754
4 1755 1754 2054 2055
4 2053 1753 1755 2055
4 1754 1752 2052 2054
4 2055 2054 2050 2051
4 2049 2053 2055 2051
4 2054 2052 2048 2050
4 2051 2050 2046 2047
4 2045 2049 2051 2047
4 2050 2048 2044 2046
4 2047 2046 1750 1751
4 1749 2045 2047 1751
4 2046 2044 1748 1750
4 1751 1750 2042 2043
4 2041 1749 1751 2043
4 1750 1748 2040 2042
4 2043 2042 2038 2039
4 2037 2041 2043 2039
4 2042 2040 2036 2038
4 2039 2038 2034 2035
4 2033 2037 2039 2035
4 2038 2036 2032 2034
4 2035 2034 1746 1747
4 1745 2033 2035 1747
4 2034 2032 1744 1746
4 1747 1746 2030 2031
4 2029 1745 1747 2031
4 1746 1744 2028 2030
4 2031 2030 2026 2027
4 2025 2029 2031 2027
4 2030 2028 2024 2026
4 2027 2026 2022 2023
4 2021 2025 2027 2023
4 2026 2024 2020 2022
4 2023 2022 1742 1743
4 1741 2021 2023 1743
4 2022 2020 1740 1742
4 1743 1742 2018 2019
4 2017 1741 1743 2019
4 1742 1740 2016 2018
4 2019 2018 2014 2015
4 2013 2017 2019 2015
4 2018 2016 2012 2014
4 2015 2014 2010 2011
4 2009 2013 2015 2011
4 2014 2012 2008 2010
4 2011 2010 1738 1739
4 1737 2009 2011 1739
4 2010 2008 1736 1738
4 1739 1738 2006 2007
4 2005 1737 1739 2007
4 1738 1736 2004 2006
4 2007 2006 2002 2003
4 2001 2005 2007 2003
4 2006 2004 2000 2002
4 2003 2002 1998 1999
4 1997 2001 2003 1999
4 2002 2000 1996 1998
4 1999 1998 1734 1735
4 1733 1997 1999 1735
4 1998 1996 1732 1734
4 1735 1734 1994 1995
4 1993 1733 1735 1995
4 1734 1732 1992 1994
4 1995 1994 1990 1991
4 1989 1993 1995 1991
4 1994 1992 1988 1990
4 1991 1990 1986 1987
4 1985 1989 1991 1987
4 1990 1988 1984 1986
4 1987 1986 1730 1731
4 1729 1985 1987 1731
4 1986 1984 1728 1730
4 1731 1730 1982 1983
4 1981 1729 1731 1983
4 1730 1728 1980 1982
4 1983 1982 1978 1979
4 1977 1981 1983 1979
4 1982 1980 1976 1978
4 1979 1978 1974 1975
4 1973 1977 1979 1975
4 1978 1976 1972 1974
4 1975 1974 1726 1727
4 1725 1973 1975 1727
4 1974 1972 1724 1726
4 1727 1726 1970 1971
4 1969 1725 1727 1971
4 1726 1724 1968 1970
4 1971 1970 1966 1967
4 1965 1969 1971 1967
4 1970 1968 1964 1966
4 1967 1966 1962 1963
4 1961 1965 1967 1963
4 1966 1964 1960 1962
4 1963 1962 1722 1723
4 1721 1961 1963 1723
4 1962 1960 1720 1722
4 1723 1722 1958 1959
4 1957 1721 1723 1959
4 1722 1720 1956 1958
4 1959 1958 1954 1955
4 1953 1957 1959 1955
4 1958 1956 1952 1954
4 1955 1954 1950 1951
4 1949 1953 1955 1951
4 1954 1952 1948 1950
4 1951 1950 1718 1719
4 1717 1949 1951 1719
4 1950 1948 1716 1718
4 1719 1718 1946 1947
4 1945 1717 1719 1947
4 1718 1716 1944 1946
4 1947 1946 1942 1943
4 1941 1945 1947 1943
4 1946 1944 1940 1942
4 1943 1942 1938 1939
4 1937 1941 1943 1939
4 1942 1940 1936 1938
4 1939 1938 1714 1715
4 1713 1937 1939 1715
4 1938 1936 1712 1714
4 1715 1714 1934 1935
4 1933 1713 1715 1935
4 1714 1712 1932 1934
4 1935 1934 1930 1931
4 1929 1933 1935 1931
4 1934 1932 1928 1930
4 1931 1930 1926 1927
4 1925 1929 1931 1927
4 1930 1928 1924 1926
4 1927 1926 1710 1711
4 1709 1925 1927 1711
4 1926 1924 1708 1710
4 1711 1710 1922 1923
4 1921 1709 1711 1923
4 1710 1708 1920 1922
4 1923 1922 1918 1919
4 1917 1921 1923 1919
4 1922 1920 1916 1918
4 1919 1918 1914 1915
4 1913 1917 1919 1915
4 1918 1916 1912 1914
4 1915 1914 1706 1707
4 1705 1913 1915 1707
4 1914 1912 1704 1706
4 1707 1706 1910 1911
4 1909 1705 1707 1911
4 1706 1704 1908 1910
4 1911 1910 1906 1907
4 1905 1909 1911 1907
4 1910 1908 1904 1906
4 1907 1906 1902 1903
4 1901 1905 1907 1903
4 1906 1904 1900 1902
4 1903 1902 1702 1703
4 1701 1901 1903 1703
4 1902 1900 1700 1702
4 1703 1702 1898 1899
4 1897 1701 1703 1899
4 1702 1700 1896 1898
4 1899 1898 1894 1895
4 1893 1897 1899 1895
4 1898 1896 1892 1894
4 1895 1894 1890 1891
4 1889 1893 1895 1891
4 1894 1892 1888 1890
4 1891 1890 1698 1699
4 1697 1889 1891 1699
4 1890 1888 1696 1698
4 1699 1698 1886 1887
4 1885 1697 1699 1887
4 1698 1696 1884 1886
4 1887 1886 1882 1883
4 1881 1885 1887 1883
4 1886 1884 1880 1882
4 1883 1882 1878 1879
4 1877 1881 1883 1879
4 1882 1880 1876 1878
4 1879 1878 1694 1695
4 1693 1877 1879 1695
4 1878 1876 1692 1694
4 1695 1694 1874 1875
4 1873 1693 1695 1875
4 1694 1692 1872 1874
4 1875 1874 1870 1871
4 1869 1873 1875 1871
4 1874 1872 1868 1870
4 1871 1870 1866 1867
4 1865 1869 1871 1867
4 1870 1868 1864 1866
4 1867 1866 1690 1691
4 1689 1865 1867 1691
4 1866 1864 1688 1690
4 1691 1690 1862 1863
4 1861 1689 1691 1863
4 1690 1688 1860 1862
4 1863 1862 1858 1859
4 1857 1861 1863 1859
4 1862 1860 1856 1858
4 1859 1858 1854 1855
4 1853 1857 1859 1855
4 1858 1856 1852 1854
4 1855 1854 1686 1687
4 1685 1853 1855 1687
4 1854 1852 1684 1686
4 1687 1686 1850 1851
4 1849 1685 1687 1851
4 1686 1684 1848 1850
4 1851 1850 1846 1847
4 1845 1849 1851 1847
4 1850 1848 1844 1846
4 1847 1846 1842 1843
4 1841 1845 1847 1843
4 1846 1844 1840 1842
4 1843 1842 1682 1683
4 1681 1841 1843 1683
4 1842 1840 1680 1682
4 1683 1682 1838 1839
4 1837 1681 1683 1839
4 1682 1680 1836 1838
4 1839 1838 1834 1835
4 1833 1837 1839 1835
4 1838 1836 1832 1834
4 1835 1834 1830 1831
4 1829 1833 1835 1831
4 1834 1832 1828 1830
4 1831 1830 1678 1679
4 1677 1829 1831 1679
4 1830 1828 1676 1678
4 1679 1678 1826 1827
4 1825 1677 1679 1827
4 1678 1676 1824 1826
4 1827 1826 1822 1823
4 1821 1825 1827 1823
4 1826 1824 1820 1822
4 1823 1822 1818 1819
4 1817 1821 1823 1819
4 1822 1820 1816 1818
4 1819 1818 1674 1675
4 1673 1817 1819 1675
4 1818 1816 1672 1674
4 1675 1674 1814 1815
4 1813 1673 1675 1815
4 1674 1672 1812 1814
4 1815 1814 1810 1811
4 1809 1813 1815 1811
4 1814 1812 1808 1810
4 1811 1810 1806 1807
4 1805 1809 1811 1807
4 1810 1808 1804 1806
4 1807 1806 1666 1667
4 1665 1805 1807 1667
4 1806 1804 1664 1666
4 1667 1666 1802 1803
4 1801 1665 1667 1803
4 1666 1664 1800 1802
4 1803 1802 1798 1799
4 1797 1801 1803 1799
4 1802 1800 1796 1798
4 1799 1798 1794 1795
4 1793 1797 1799 1795
4 1798 1796 1792 1794
4 1795 1794 1671 1670
4 1668 1793 1795 1670
4 1794 1792 1669 1671
4 2179 2180 2559 2557
4 1568 4093 4092 1536
4 2181 2558 2559 2180
4 2557 2559 2556 2554
4 2558 2555 2556 2559
4 2554 2556 2553 2551
4 2555 2552 2553 2556
4 2551 2553 2271 2269
4 2552 2270 2271 2553
4 2269 2271 2550 2548
4 2270 2549 2550 2271
4 2548 2550 2547 2545
4 2549 2546 2547 2550
4 2545 2547 2544 2542
4 2546 2543 2544 2547
4 2542 2544 2268 2266
4 2543 2267 2268 2544
4 2266 2268 2541 2539
4 2267 2540 2541 2268
4 2539 2541 2538 2536
4 2540 2537 2538 2541
4 2536 2538 2535 2533
4 2537 2534 2535 2538
4 2533 2535 2265 2263
4 2534 2264 2265 2535
4 2263 2265 2532 2530
4 2264 2531 2532 2265
4 2530 2532 2529 2527
4 2531 2528 2529 2532
4 2527 2529 2526 2524
4 2528 2525 2526 2529
4 2524 2526 2262 2260
4 2525 2261 2262 2526
4 2260 2262 2523 2521
4 2261 2522 2523 2262
4 2521 2523 2520 2518
4 2522 2519 2520 2523
4 2518 2520 2517 2515
4 2519 2516 2517 2520
4 2515 2517 2259 2257
4 2516 2258 2259 2517
4 2257 2259 2514 2512
4 2258 2513 2514 2259
4 2512 2514 2511 2509
4 2513 2510 2511 2514
4 2509 2511 2508 2506
4 2510 2507 2508 2511
4 2506 2508 2256 2254
4 2507 2255 2256 2508
4 2254 2256 2505 2503
4 2255 2504 2505 2256
4 2503 2505 2502 2500
4 2504 2501 2502 2505
4 2500 2502 2499 2497
4 2501 2498 2499 2502
4 2497 2499 2253 2251
4 2498 2252 2253 2499
4 2251 2253 2496 2494
4 2252 2495 2496 2253
4 2494 2496 2493 2491
4 2495 2492 2493 2496
4 2491 2493 2490 2488
4 2492 2489 2490 2493
4 2488 2490 2250 2248
4 2489 2249 2250 2490
4 2248 2250 2487 2485
4 2249 2486 2487 2250
4 2485 2487 2484 2482
4 2486 2483 2484 2487
4 2482 2484 2481 2479
4 2483 2480 2481 2484
4 2479 2481 2247 2245
4 2480 2246 2247 2481
4 2245 2247 2478 2476
4 2246 2477 2478 2247
4 2476 2478 2475 2473
4 2477 2474 2475 2478
4 2473 2475 2472 2470
4 2474 2471 2472 2475
4 2470 2472 2244 2242
4 2471 2243 2244 2472
4 2242 2244 2469 2467
4 2243 2468 2469 2244
4 2467 2469 2466 2464
4 2468 2465 2466 2469
4 2464 2466 2463 2461
4 2465 2462 2463 2466
4 2461 2463 2241 2239
4 2462 2240 2241 2463
4 2239 2241 2460 2458
4 2240 2459 2460 2241
4 2458 2460 2457 2455
4 2459 2456 2457 2460
4 2455 2457 2454 2452
4 2456 2453 2454 2457
4 2452 2454 2238 2236
4 2453 2237 2238 2454
4 2236 2238 2451 2449
4 2237 2450 2451 2238
4 2449 2451 2448 2446
4 2450 2447 2448 2451
4 2446 2448 2445 2443
4 2447 2444 2445 2448
4 2443 2445 2235 2233
4 2444 2234 2235 2445
4 2233 2235 2442 2440
4 2234 2441 2442 2235
4 2440 2442 2439 2437
4 2441 2438 2439 2442
4 2437 2439 2436 2434
4 2438 2435 2436 2439
4 2434 2436 2232 2230
4 2435 2231 2232 2436
4 2230 2232 2433 2431
4 2231 2432 2433 2232
4 2431 2433 2430 2428
4 2432 2429 2430 2433
4 2428 2430 2427 2425
4 2429 2426 2427 2430
4 2425 2427 2229 2227
4 2426 2228 2229 2427
4 2227 2229 2424 2422
4 2228 2423 2424 2229
4 2422 2424 2421 2419
4 2423 2420 2421 2424
4 2419 2421 2418 2416
4 2420 2417 2418 2421
4 2416 2418 2226 2224
4 2417 2225 2226 2418
4 2224 2226 2415 2413
4 2225 2414 2415 2226
4 2413 2415 2412 2410
4 2414 2411 2412 2415
4 2410 2412 2409 2407
4 2411 2408 2409 2412
4 2407 2409 2223 2221
4 2408 2222 2223 2409
4 2221 2223 2406 2404
4 2222 2405 2406 2223
4 2404 2406 2403 2401
4 2405 2402 2403 2406
4 2401 2403 2400 2398
4 2402 2399 2400 2403
4 2398 2400 2220 2218
4 2399 2219 2220 2400
4 2218 2220 2397 2395
4 2219 2396 2397 2220
4 2395 2397 2394 2392
4 2396 2393 2394 2397
4 2392 2394 2391 2389
4 2393 2390 2391 2394
4 2389 2391 2217 2215
4 2390 2216 2217 2391
4 2215 2217 2388 2386
4 2216 2387 2388 2217
4 2386 2388 2385 2383
4 2387 2384 2385 2388
4 2383 2385 2382 2380
4 2384 2381 2382 2385
4 2380 2382 2214 2212
4 2381 2213 2214 2382
4 2212 2214 2379 2377
4 2213 2378 2379 2214
4 2377 2379 2376 2374
4 2378 2375 2376 2379
4 2374 2376 2373 2371
4 2375 2372 2373 2376
4 2371 2373 2211 2209
4 2372 2210 2211 2373
4 2209 2211 2370 2368
4 2210 2369 2370 2211
4 2368 2370 2367 2365
4 2369 2366 2367 2370
4 2365 2367 2364 2362
4 2366 2363 2364 2367
4 2362 2364 2208 2206
4 2363 2207 2208 2364
4 2206 2208 2361 2359
4 2207 2360 2361 2208
4 2359 2361 2358 2356
4 2360 2357 2358 2361
4 2356 2358 2355 2353
4 2357 2354 2355 2358
4 2353 2355 2205 2203
4 2354 2204 2205 2355
4 2203 2205 2352 2350
4 2204 2351 2352 2205
4 2350 2352 2349 2347
4 2351 2348 2349 2352
4 2347 2349 2346 2344
4 2348 2345 2346 2349
4 2344 2346 2202 2200
4 2345 2201 2202 2346
4 2200 2202 2343 2341
4 2201 2342 2343 2202
4 2341 2343 2340 2338
4 2342 2339 2340 2343
4 2338 2340 2337 2335
4 2339 2336 2337 2340
4 2335 2337 2199 2197
4 2336 2198 2199 2337
4 2197 2199 2334 2332
4 2198 2333 2334 2199
4 2332 2334 2331 2329
4 2333 2330 2331 2334
4 2329 2331 2328 2326
4 2330 2327 2328 2331
4 2326 2328 2196 2194
4 2327 2195 2196 2328
4 2194 2196 2325 2323
4 2195 2324 2325 2196
4 2323 2325 2322 2320
4 2324 2321 2322 2325
4 2320 2322 2319 2317
4 2321 2318 2319 2322
4 2317 2319 2193 2191
4 2318 2192 2193 2319
4 2191 2193 2316 2314
4 2192 2315 2316 2193
4 2314 2316 2313 2311
4 2315 2312 2313 2316
4 2311 2313 2310 2308
4 2312 2309 2310 2313
4 2308 2310 2190 2188
4 2309 2189 2190 2310
4 2188 2190 2307 2305
4 2189 2306 2307 2190
4 2305 2307 2304 2302
4 2306 2303 2304 2307
4 2302 2304 2301 2299
4 2303 2300 2301 2304
4 2299 2301 2187 2185
4 2300 2186 2187 2301
4 2185 2187 2298 2296
4 2186 2297 2298 2187
4 2296 2298 2295 2293
4 2297 2294 2295 2298
4 2293 2295 2292 2290
4 2294 2291 2292 2295
4 2290 2292 2184 2182
4 2291 2183 2184 2292
4 2182 2184 2289 2287
4 2183 2288 2289 2184
4 2287 2289 2286 2284
4 2288 2285 2286 2289
4 2284 2286 2283 2281
4 2285 2282 2283 2286
4 2281 2283 2178 2176
4 2282 2177 2178 2283
4 2176 2178 2280 2278
4 2177 2279 2280 2178
4 2278 2280 2277 2275
4 2279 2276 2277 2280
4 2275 2277 2274 2272
4 2276 2273 2274 2277
4 2272 2274 2180 2179
4 2273 2181 2180 2274
4 3799 3800 2689 2563
4 2563 2689 2690 2562
4 2562 2690 2691 2561
4 2561 2691 2688 2560
4 3800 3801 2693 2689
4 2689 2693 2694 2690
4 2690 2694 2695 2691
4 2691 2695 2692 2688
4 3801 3802 2697 2693
4 2693 2697 2698 2694
4 2694 2698 2699 2695
4 2695 2699 2696 2692
4 3802 3803 2565 2697
4 2697 2565 2566 2698
4 2698 2566 2567 2699
4 2699 2567 2564 2696
4 3803 3804 2701 2565
4 2565 2701 2702 2566
4 2566 2702 2703 2567
4 2567 2703 2700 2564
4 3804 3805 2705 2701
4 2701 2705 2706 2702
4 2702 2706 2707 2703
4 2703 2707 2704 2700
4 3805 3806 2709 2705
4 2705 2709 2710 2706
4 2706 2710 2711 2707
4 2707 2711 2708 2704
4 3806 3807 2569 2709
4 2709 2569 2570 2710
4 2710 2570 2571 2711
4 2711 2571 2568 2708
4 3807 3808 2713 2569
4 2569 2713 2714 2570
4 2570 2714 2715 2571
4 2571 2715 2712 2568
4 3808 3809 2717 2713
4 2713 2717 2718 2714
4 2714 2718 2719 2715
4 2715 2719 2716 2712
4 3809 3810 2721 2717
4 2717 2721 2722 2718
4 2718 2722 2723 2719
4 2719 2723 2720 2716
4 3810 3811 2573 2721
4 2721 2573 2574 2722
4 2722 2574 2575 2723
4 2723 2575 2572 2720
4 3811 3812 2725 2573
4 2573 2725 2726 2574
4 2574 2726 2727 2575
4 2575 2727 2724 2572
4 3812 3813 2729 2725
4 2725 2729 2730 2726
4 2726 2730 2731 2727
4 2727 2731 2728 2724
4 3813 3814 2733 2729
4 2729 2733 2734 2730
4 2730 2734 2735 2731
4 2731 2735 2732 2728
4 3814 3815 2577 2733
4 2733 2577 2578 2734
4 2734 2578 2579 2735
4 2735 2579 2576 2732
4 3815 3816 2737 2577
4 2577 2737 2738 2578
4 2578 2738 2739 2579
4 2579 2739 2736 2576
4 3816 3817 2741 2737
4 2737 2741 2742 2738
4 2738 2742 2743 2739
4 2739 2743 2740 2736
4 3817 3818 2745 2741
4 2741 2745 2746 2742
4 2742 2746 2747 2743
4 2743 2747 2744 2740
4 3818 3819 2581 2745
4 2745 2581 2582 2746
4 2746 2582 2583 2747
4 2747 2583 2580 2744
4 3819 3820 2749 2581
4 2581 2749 2750 2582
4 2582 2750 2751 2583
4 2583 2751 2748 2580
4 3820 3821 2753 2749
4 2749 2753 2754 2750
4 2750 2754 2755 2751
4 2751 2755 2752 2748
4 3821 3822 2757 2753
4 2753 2757 2758 2754
4 2754 2758 2759 2755
4 2755 2759 2756 2752
4 3822 3823 2585 2757
4 2757 2585 2586 2758
4 2758 2586 2587 2759
4 2759 2587 2584 2756
4 3823 3824 2761 2585
4 2585 2761 2762 2586
4 2586 2762 2763 2587
4 2587 2763 2760 2584
4 3824 3825 2765 2761
4 2761 2765 2766 2762
4 2762 2766 2767 2763
4 2763 2767 2764 2760
4 3825 3826 2769 2765
4 2765 2769 2770 2766
4 2766 2770 2771 2767
4 2767 2771 2768 2764
4 3826 3827 2589 2769
4 2769 2589 2590 2770
4 2770 2590 2591 2771
4 2771 2591 2588 2768
4 3827 3828 2773 2589
4 2589 2773 2774 2590
4 2590 2774 2775 2591
4 2591 2775 2772 2588
4 3828 3829 2777 2773
4 2773 2777 2778 2774
4 2774 2778 2779 2775
4 2775 2779 2776 2772
4 3829 3830 2781 2777
4 2777 2781 2782 2778
4 2778 2782 2783 2779
4 2779 2783 2780 2776
4 3830 3831 2593 2781
4 2781 2593 2594 2782
4 2782 2594 2595 2783
4 2783 2595 2592 2780
4 3831 3832 2785 2593
4 2593 2785 2786 2594
4 2594 2786 2787 2595
4 2595 2787 2784 2592
4 3832 3833 2789 2785
4 2785 2789 2790 2786
4 2786 2790 2791 2787
4 2787 2791 2788 2784
4 3833 3834 2793 2789
4 2789 2793 2794 2790
4 2790 2794 2795 2791
4 2791 2795 2792 2788
4 3834 3835 2597 2793
4 2793 2597 2598 2794
4 2794 2598 2599 2795
4 2795 2599 2596 2792
4 3835 3836 2797 2597
4 2597 2797 2798 2598
4 2598 2798 2799 2599
4 2599 2799 2796 2596
4 3836 3837 2801 2797
4 2797 2801 2802 2798
4 2798 2802 2803 2799
4 2799 2803 2800 2796
4 3837 3838 2805 2801
4 2801 2805 2806 2802
4 2802 2806 2807 2803
4 2803 2807 2804 2800
4 3838 3839 2601 2805
4 2805 2601 2602 2806
4 2806 2602 2603 2807
4 2807 2603 2600 2804
4 3839 3840 2809 2601
4 2601 2809 2810 2602
4 2602 2810 2811 2603
4 2603 2811 2808 2600
4 3840 3841 2813 2809
4 2809 2813 2814 2810
4 2810 2814 2815 2811
4 2811 2815 2812 2808
4 3841 3842 2817 2813
4 2813 2817 2818 2814
4 2814 2818 2819 2815
4 2815 2819 2816 2812
4 3842 3843 2605 2817
4 2817 2605 2606 2818
4 2818 2606 2607 2819
4 2819 2607 2604 2816
4 3843 3844 2821 2605
4 2605 2821 2822 2606
4 2606 2822 2823 2607
4 2607 2823 2820 2604
4 3844 3845 2825 2821
4 2821 2825 2826 2822
4 2822 2826 2827 2823
4 2823 2827 2824 2820
4 3845 3846 2829 2825
4 2825 2829 2830 2826
4 2826 2830 2831 2827
4 2827 2831 2828 2824
4 3846 3847 2609 2829
4 2829 2609 2610 2830
4 2830 2610 2611 2831
4 2831 2611 2608 2828
4 3847 3848 2833 2609
4 2609 2833 2834 2610
4 2610 2834 2835 2611
4 2611 2835 2832 2608
4 3848 3849 2837 2833
4 2833 2837 2838 2834
4 2834 2838 2839 2835
4 2835 2839 2836 2832
4 3849 3850 2841 2837
4 2837 2841 2842 2838
4 2838 2842 2843 2839
4 2839 2843 2840 2836
4 3850 3851 2613 2841
4 2841 2613 2614 2842
4 2842 2614 2615 2843
4 2843 2615 2612 2840
4 3851 3852 2845 2613
4 2613 2845 2846 2614
4 2614 2846 2847 2615
4 2615 2847 2844 2612
4 3852 3853 2849 2845
4 2845 2849 2850 2846
4 2846 2850 2851 2847
4 2847 2851 2848 2844
4 3853 3854 2853 2849
4 2849 2853 2854 2850
4 2850 2854 2855 2851
4 2851 2855 2852 2848
4 3854 3855 2617 2853
4 2853 2617 2618 2854
4 2854 2618 2619 2855
4 2855 2619 2616 2852
4 3855 3856 2857 2617
4 2617 2857 2858 2618
4 2618 2858 2859 2619
4 2619 2859 2856 2616
4 3856 3857 2861 2857
4 2857 2861 2862 2858
4 2858 2862 2863 2859
4 2859 2863 2860 2856
4 3857 3858 2865 2861
4 2861 2865 2866 2862
4 2862 2866 2867 2863
4 2863 2867 2864 2860
4 3858 3859 2621 2865
4 2865 2621 2622 2866
4 2866 2622 2623 2867
4 2867 2623 2620 2864
4 3859 3860 2869 2621
4 2621 2869 2870 2622
4 2622 2870 2871 2623
4 2623 2871 2868 2620
4 3860 3861 2873 2869
4 2869 2873 2874 2870
4 2870 2874 2875 2871
4 2871 2875 2872 2868
4 3861 3862 2877 2873
4 2873 2877 2878 2874
4 2874 2878 2879 2875
4 2875 2879 2876 2872
4 3862 3863 2625 2877
4 2877 2625 2626 2878
4 2878 2626 2627 2879
4 2879 2627 2624 2876
4 3863 3864 2881 2625
4 2625 2881 2882 2626
4 2626 2882 2883 2627
4 2627 2883 2880 2624
4 3864 3865 2885 2881
4 2881 2885 2886 2882
4 2882 2886 2887 2883
4 2883 2887 2884 2880
4 3865 3866 2889 2885
4 2885 2889 2890 2886
4 2886 2890 2891 2887
4 2887 2891 2888 2884
4 3866 3867 2629 2889
4 2889 2629 2630 2890
4 2890 2630 2631 2891
4 2891 2631 2628 2888
4 3867 3868 2893 2629
4 2629 2893 2894 2630
4 2630 2894 2895 2631
4 2631 2895 2892 2628
4 3868 3869 2897 2893
4 2893 2897 2898 2894
4 2894 2898 2899 2895
4 2895 2899 2896 2892
4 3869 3870 2901 2897
4 2897 2901 2902 2898
4 2898 2902 2903 2899
4 2899 2903 2900 2896
4 3870 3871 2633 2901
4 2901 2633 2634 2902
4 2902 2634 2635 2903
4 2903 2635 2632 2900
4 3871 3872 2905 2633
4 2633 2905 2906 2634
4 2634 2906 2907 2635
4 2635 2907 2904 2632
4 3872 3873 2909 2905
4 2905 2909 2910 2906
4 2906 2910 2911 2907
4 2907 2911 2908 2904
4 3873 3874 2913 2909
4 2909 2913 2914 2910
4 2910 2914 2915 2911
4 2911 2915 2912 2908
4 3874 3875 2637 2913
4 2913 2637 2638 2914
4 2914 2638 2639 2915
4 2915 2639 2636 2912
4 3875 3876 2917 2637
4 2637 2917 2918 2638
4 2638 2918 2919 2639
4 2639 2919 2916 2636
4 3876 3877 2921 2917
4 2917 2921 2922 2918
4 2918 2922 2923 2919
4 2919 2923 2920 2916
4 3877 3878 2925 2921
4 2921 2925 2926 2922
4 2922 2926 2927 2923
4 2923 2927 2924 2920
4 3878 3879 2641 2925
4 2925 2641 2642 2926
4 2926 2642 2643 2927
4 2927 2643 2640 2924
4 3879 3880 2929 2641
4 2641 2929 2930 2642
4 2642 2930 2931 2643
4 2643 2931 2928 2640
4 3880 3881 2933 2929
4 2929 2933 2934 2930
4 2930 2934 2935 2931
4 2931 2935 2932 2928
4 3881 3882 2937 2933
4 2933 2937 2938 2934
4 2934 2938 2939 2935
4 2935 2939 2936 2932
4 3882 3883 2645 2937
4 2937 2645 2646 2938
4 2938 2646 2647 2939
4 2939 2647 2644 2936
4 3883 3884 2941 2645
4 2645 2941 2942 2646
4 2646 2942 2943 2647
4 2647 2943 2940 2644
4 3884 3885 2945 2941
4 2941 2945 2946 2942
4 2942 2946 2947 2943
4 2943 2947 2944 2940
4 3885 3886 2949 2945
4 2945 2949 2950 2946
4 2946 2950 2951 2947
4 2947 2951 2948 2944
4 3886 3887 2649 2949
4 2949 2649 2650 2950
4 2950 2650 2651 2951
4 2951 2651 2648 2948
4 3887 3888 2953 2649
4 2649 2953 2954 2650
4 2650 2954 2955 2651
4 2651 2955 2952 2648
4 3888 3889 2957 2953
4 2953 2957 2958 2954
4 2954 2958 2959 2955
4 2955 2959 2956 2952
4 3889 3890 2961 2957
4 2957 2961 2962 2958
4 2958 2962 2963 2959
4 2959 2963 2960 2956
4 3890 3891 2653 2961
4 2961 2653 2654 2962
4 2962 2654 2655 2963
4 2963 2655 2652 2960
4 3891 3892 2965 2653
4 2653 2965 2966 2654
4 2654 2966 2967 2655
4 2655 2967 2964 2652
4 3892 3893 2969 2965
4 2965 2969 2970 2966
4 2966 2970 2971 2967
4 2967 2971 2968 2964
4 3893 3894 2973 2969
4 2969 2973 2974 2970
4 2970 2974 2975 2971
4 2971 2975 2972 2968
4 3894 3895 2657 2973
4 2973 2657 2658 2974
4 2974 2658 2659 2975
4 2975 2659 2656 2972
4 3895 3896 2977 2657
4 2657 2977 2978 2658
4 2658 2978 2979 2659
4 2659 2979 2976 2656
4 3896 3897 2981 2977
4 2977 2981 2982 2978
4 2978 2982 2983 2979
4 2979 2983 2980 2976
4 3897 3898 2985 2981
4 2981 2985 2986 2982
4 2982 2986 2987 2983
4 2983 2987 2984 2980
4 3898 3899 2661 2985
4 2985 2661 2662 2986
4 2986 2662 2663 2987
4 2987 2663 2660 2984
4 3899 3900 2989 2661
4 2661 2989 2990 2662
4 2662 2990 2991 2663
4 2663 2991 2988 2660
4 3900 3901 2993 2989
4 2989 2993 2994 2990
4 2990 2994 2995 2991
4 2991 2995 2992 2988
4 3901 3902 2997 2993
4 2993 2997 2998 2994
4 2994 2998 2999 2995
4 2995 2999 2996 2992
4 3902 3903 2665 2997
4 2997 2665 2666 2998
4 2998 2666 2667 2999
4 2999 2667 2664 2996
4 3903 3904 3001 2665
4 2665 3001 3002 2666
4 2666 3002 3003 2667
4 2667 3003 3000 2664
4 3904 3905 3005 3001
4 3001 3005 3006 3002
4 3002 3006 3007 3003
4 3003 3007 3004 3000
4 3905 3906 3009 3005
4 3005 3009 3010 3006
4 3006 3010 3011 3007
4 3007 3011 3008 3004
4 3906 3907 2669 3009
4 3009 2669 2670 3010
4 3010 2670 2671 3011
4 3011 2671 2668 3008
4 3907 3908 3013 2669
4 2669 3013 3014 2670
4 2670 3014 3015 2671
4 2671 3015 3012 2668
4 3908 3909 3017 3013
4 3013 3017 3018 3014
4 3014 3018 3019 3015
4 3015 3019 3016 3012
4 3909 3910 3021 3017
4 3017 3021 3022 3018
4 3018 3022 3023 3019
4 3019 3023 3020 3016
4 3910 3911 2673 3021
4 3021 2673 2674 3022
4 3022 2674 2675 3023
4 3023 2675 2672 3020
4 3911 3912 3025 2673
4 2673 3025 3026 2674
4 2674 3026 3027 2675
4 2675 3027 3024 2672
4 3912 3913 3029 3025
4 3025 3029 3030 3026
4 3026 3030 3031 3027
4 3027 3031 3028 3024
4 3913 3914 3033 3029
4 3029 3033 3034 3030
4 3030 3034 3035 3031
4 3031 3035 3032 3028
4 3914 3915 2677 3033
4 3033 2677 2678 3034
4 3034 2678 2679 3035
4 3035 2679 2676 3032
4 3915 3916 3037 2677
4 2677 3037 3038 2678
4 2678 3038 3039 2679
4 2679 3039 3036 2676
4 3916 3917 3041 3037
4 3037 3041 3042 3038
4 3038 3042 3043 3039
4 3039 3043 3040 3036
4 3917 3918 3045 3041
4 3041 3045 3046 3042
4 3042 3046 3047 3043
4 3043 3047 3044 3040
4 3918 3919 2681 3045
4 3045 2681 2682 3046
4 3046 2682 2683 3047
4 3047 2683 2680 3044
4 3919 3920 3049 2681
4 2681 3049 3050 2682
4 2682 3050 3051 2683
4 2683 3051 3048 2680
4 3920 3921 3053 3049
4 3049 3053 3054 3050
4 3050 3054 3055 3051
4 3051 3055 3052 3048
4 3921 3922 3057 3053
4 3053 3057 3058 3054
4 3054 3058 3059 3055
4 3055 3059 3056 3052
4 3922 3923 2685 3057
4 3057 2685 2686 3058
4 3058 2686 2687 3059
4 3059 2687 2684 3056
4 3923 3924 3061 2685
4 2685 3061 3062 2686
4 2686 3062 3063 2687
4 2687 3063 3060 2684
4 3924 3925 3065 3061
4 3061 3065 3066 3062
4 3062 3066 3067 3063
4 3063 3067 3064 3060
4 3925 3926 3069 3065
4 3065 3069 3070 3066
4 3066 3070 3071 3067
4 3067 3071 3068 3064
4 3926 3799 2563 3069
4 3069 2563 2562 3070
4 3070 2562 2561 3071
4 3071 2561 2560 3068
4 3082 3170 2716 2720
4 3968 4095 1570 1537
4 4092 4091 1573 1536
4 4088 4087 1576 1538
4 4084 4083 1579 1539
4 4080 4079 1582 1540
4 4076 4075 1585 1541
4 4072 4071 1588 1542
4 4068 4067 1591 1543
4 4064 4063 1594 1544
4 4060 4059 1597 1545
4 4056 4055 1600 1546
4 4052 4051 1603 1547
4 4048 4047 1606 1548
4 4044 4043 1609 1549
4 4040 4039 1612 1550
4 4036 4035 1615 1551
4 4032 4031 1618 1552
4 4028 4027 1621 1553
4 4024 4023 1624 1554
4 4020 4019 1627 1555
4 4016 4015 1630 1556
4 4012 4011 1633 1557
4 4008 4007 1636 1558
4 4004 4003 1639 1559
4 4000 3999 1642 1560
4 3996 3995 1645 1561
4 3992 3991 1648 1562
4 3988 3987 1651 1563
4 3984 3983 1654 1564
4 3980 3979 1657 1565
4 3976 3975 1660 1566
4 3972 3971 1663 1567
4 4085 4084 1539 1574
4 3969 3968 1537 1661
4 4094 4093 1568 1569
4 3970 3969 1661 1662
4 3971 3970 1662 1663
4 4095 4094 1569 1570
4 3974 3973 1658 1659
4 3975 3974 1659 1660
4 3973 3972 1567 1658
4 3978 3977 1655 1656
4 3979 3978 1656 1657
4 3977 3976 1566 1655
4 3982 3981 1652 1653
4 3983 3982 1653 1654
4 3981 3980 1565 1652
4 3986 3985 1649 1650
4 3987 3986 1650 1651
4 3985 3984 1564 1649
4 3990 3989 1646 1647
4 3991 3990 1647 1648
4 3989 3988 1563 1646
4 3994 3993 1643 1644
4 3995 3994 1644 1645
4 3993 3992 1562 1643
4 3998 3997 1640 1641
4 3999 3998 1641 1642
4 3997 3996 1561 1640
4 4002 4001 1637 1638
4 4003 4002 1638 1639
4 4001 4000 1560 1637
4 4006 4005 1634 1635
4 4007 4006 1635 1636
4 4005 4004 1559 1634
4 4010 4009 1631 1632
4 4011 4010 1632 1633
4 4009 4008 1558 1631
4 4014 4013 1628 1629
4 4015 4014 1629 1630
4 4013 4012 1557 1628
4 4018 4017 1625 1626
4 4019 4018 1626 1627
4 4017 4016 1556 1625
4 4022 4021 1622 1623
4 4023 4022 1623 1624
4 4021 4020 1555 1622
4 4026 4025 1619 1620
4 4027 4026 1620 1621
4 4025 4024 1554 1619
4 4030 4029 1616 1617
4 4031 4030 1617 1618
4 4029 4028 1553 1616
4 4034 4033 1613 1614
4 4035 4034 1614 1615
4 4033 4032 1552 1613
4 4038 4037 1610 1611
4 4039 4038 1611 1612
4 4037 4036 1551 1610
4 4042 4041 1607 1608
4 4043 4042 1608 1609
4 4041 4040 1550 1607
4 4046 4045 1604 1605
4 4047 4046 1605 1606
4 4045 4044 1549 1604
4 4050 4049 1601 1602
4 4051 4050 1602 1603
4 4049 4048 1548 1601
4 4054 4053 1598 1599
4 4055 4054 1599 1600
4 4053 4052 1547 1598
4 4058 4057 1595 1596
4 4059 4058 1596 1597
4 4057 4056 1546 1595
4 4062 4061 1592 1593
4 4063 4062 1593 1594
4 4061 4060 1545 1592
4 4066 4065 1589 1590
4 4067 4066 1590 1591
4 4065 4064 1544 1589
4 4070 4069 1586 1587
4 4071 4070 1587 1588
4 4069 4068 1543 1586
4 4074 4073 1583 1584
4 4075 4074 1584 1585
4 4073 4072 1542 1583
4 4078 4077 1580 1581
4 4079 4078 1581 1582
4 4077 4076 1541 1580
4 4082 4081 1577 1578
4 4083 4082 1578 1579
4 4081 4080 1540 1577
4 4086 4085 1574 1575
4 4087 4086 1575 1576
4 4090 4089 1571 1572
4 4091 4090 1572 1573
4 4089 4088 1538 1571
4 640 1440 1152 546
4 1001 3712 3711 270
4 884 3713 3672 231
4 767 3714 3674 193
4 3725 273 1010 3726
4 3759 234 893 3760
4 3797 192 776 3798
4 3722 276 1019 3723
4 3756 237 902 3757
4 3792 198 785 3793
4 3719 279 1028 3720
4 3753 240 911 3754
4 3789 201 794 3790
4 3716 282 1037 3717
4 3751 243 920 3752
4 3786 204 803 3787
4 3794 285 1046 3795
4 3748 246 929 3749
4 3783 207 812 3784
4 3745 249 938 3746
4 3780 210 821 3781
4 3742 252 947 3743
4 3777 213 830 3778
4 3739 255 956 3740
4 3774 216 839 3775
4 3736 258 965 3737
4 3771 219 848 3772
4 3733 261 974 3734
4 3768 222 857 3769
4 3731 264 983 3732
4 3765 225 866 3766
4 3728 267 992 3729
4 123 3859 3858 125
4 119 3855 3854 121
4 168 3907 3906 170
4 188 3851 3850 187
4 191 3903 3902 189
4 114 3847 3846 116
4 166 3949 3948 189
4 110 3843 3842 112
4 159 3895 3894 161
4 106 3839 3838 108
4 157 3891 3890 156
4 102 3835 3834 104
4 151 3887 3886 153
4 98 3831 3830 100
4 147 3883 3882 149
4 27 3958 3341 28
4 30 3827 3826 96
4 143 3879 3878 145
4 26 3823 3822 28
4 139 3875 3874 141
4 14 3811 3810 16
4 22 3819 3818 24
4 0 3937 3936 183
4 8 3923 3922 6
4 18 3815 3814 20
4 131 3867 3866 133
4 180 3919 3918 182
4 185 3799 3926 183
4 129 3863 3862 128
4 176 3915 3914 178
4 3079 3169 2704 2708
4 3073 3074 3068 2560
4 1809 1805 3077 3169
4 3077 3075 2564 2700
4 1665 1801 3076 3075
4 3168 3072 2688 2692
4 1833 1829 3083 3171
4 3083 3081 2572 2724
4 3166 3198 3052 3056
4 3081 3082 2720 2572
4 2169 2165 3167 3199
4 3167 3165 2684 3060
4 3163 3197 3040 3044
4 3165 3166 3056 2684
4 2157 2153 3164 3198
4 3164 3162 2680 3048
4 3160 3196 3028 3032
4 3162 3163 3044 2680
4 2145 2141 3161 3197
4 3161 3159 2676 3036
4 3157 3195 3016 3020
4 3159 3160 3032 2676
4 2133 2129 3158 3196
4 3158 3156 2672 3024
4 3154 3194 3004 3008
4 3156 3157 3020 2672
4 2121 2117 3155 3195
4 3155 3153 2668 3012
4 3151 3193 2992 2996
4 3153 3154 3008 2668
4 2109 2105 3152 3194
4 3152 3150 2664 3000
4 3148 3192 2980 2984
4 3150 3151 2996 2664
4 2097 2093 3149 3193
4 3149 3147 2660 2988
4 3145 3191 2968 2972
4 3147 3148 2984 2660
4 2085 2081 3146 3192
4 3146 3144 2656 2976
4 3142 3190 2956 2960
4 3144 3145 2972 2656
4 2073 2069 3143 3191
4 3143 3141 2652 2964
4 3139 3189 2944 2948
4 3141 3142 2960 2652
4 2061 2057 3140 3190
4 3140 3138 2648 2952
4 3136 3188 2932 2936
4 3138 3139 2948 2648
4 2049 2045 3137 3189
4 3137 3135 2644 2940
4 3133 3187 2920 2924
4 3135 3136 2936 2644
4 2037 2033 3134 3188
4 3134 3132 2640 2928
4 3130 3186 2908 2912
4 3132 3133 2924 2640
4 2025 2021 3131 3187
4 3131 3129 2636 2916
4 3127 3185 2896 2900
4 3129 3130 2912 2636
4 2013 2009 3128 3186
4 3128 3126 2632 2904
4 3124 3184 2884 2888
4 3126 3127 2900 2632
4 2001 1997 3125 3185
4 3125 3123 2628 2892
4 3121 3183 2872 2876
4 3123 3124 2888 2628
4 1989 1985 3122 3184
4 3122 3120 2624 2880
4 3118 3182 2860 2864
4 3120 3121 2876 2624
4 1977 1973 3119 3183
4 3119 3117 2620 2868
4 3115 3181 2848 2852
4 3117 3118 2864 2620
4 1965 1961 3116 3182
4 3116 3114 2616 2856
4 3112 3180 2836 2840
4 3114 3115 2852 2616
4 1953 1949 3113 3181
4 3113 3111 2612 2844
4 3109 3179 2824 2828
4 3111 3112 2840 2612
4 1941 1937 3110 3180
4 3110 3108 2608 2832
4 3106 3178 2812 2816
4 3108 3109 2828 2608
4 1929 1925 3107 3179
4 3107 3105 2604 2820
4 3103 3177 2800 2804
4 3105 3106 2816 2604
4 1917 1913 3104 3178
4 3104 3102 2600 2808
4 3100 3176 2788 2792
4 3102 3103 2804 2600
4 1905 1901 3101 3177
4 3101 3099 2596 2796
4 3097 3175 2776 2780
4 3099 3100 2792 2596
4 1893 1889 3098 3176
4 3098 3096 2592 2784
4 3094 3174 2764 2768
4 3096 3097 2780 2592
4 1881 1877 3095 3175
4 3095 3093 2588 2772
4 3091 3173 2752 2756
4 3093 3094 2768 2588
4 1869 1865 3092 3174
4 3092 3090 2584 2760
4 3088 3172 2740 2744
4 3090 3091 2756 2584
4 1857 1853 3089 3173
4 3089 3087 2580 2748
4 3085 3171 2728 2732
4 3087 3088 2744 2580
4 1845 1841 3086 3172
4 3086 3084 2576 2736
4 3074 3199 3064 3068
4 3084 3085 2732 2576
4 1805 1665 3075 3077
4 1793 1668 3073 3072
4 1821 1817 3080 3170
4 3080 3078 2568 2712
4 3078 3079 2708 2568
4 1797 1793 3072 3168
4 116 3305 3308 114
4 865 864 3761 3696
4 167 3908 3907 168
4 122 3860 3859 123
4 3762 228 875 3763
4 171 3912 3911 172
4 883 882 3758 3694
4 13 3812 3811 14
4 175 3916 3915 176
4 892 891 3755 3693
4 179 3920 3919 180
4 901 900 3691 3692
4 7 3924 3923 8
4 910 909 3750 3690
4 24 3347 3350 22
4 919 918 3747 3689
4 17 3816 3815 18
4 928 927 3744 3688
4 9 3808 3807 10
4 937 936 3741 3687
4 97 3832 3831 98
4 946 945 3738 3686
4 101 3836 3835 102
4 955 954 3735 3685
4 856 855 3764 3697
4 105 3840 3839 106
4 964 963 3683 3684
4 162 3900 3899 163
4 109 3844 3843 110
4 973 972 3730 3682
4 847 846 3767 3698
4 113 3848 3847 114
4 982 981 3727 3681
4 158 3896 3895 159
4 189 3948 3967 191
4 991 990 3671 3680
4 838 837 3770 3699
4 118 3856 3855 119
4 1000 999 3724 3679
4 154 3892 3891 157
4 124 3930 3291 125
4 1009 1008 3721 3678
4 132 3935 3280 133
4 829 828 3773 3700
4 1018 1017 3718 3677
4 150 3888 3887 151
4 31 3959 3335 96
4 1027 1026 3715 3676
4 21 3820 3819 22
4 820 819 3776 3701
4 1036 1035 3707 3708
4 146 3884 3883 147
4 25 3824 3823 26
4 1045 1044 3675 3710
4 29 3828 3827 30
4 811 810 3779 3702
4 3408 3409 3411 3951
4 172 3911 3910 174
4 142 3880 3879 143
4 865 3696 3766 866
4 982 3681 3732 983
4 1036 3708 3717 1037
4 856 3697 3769 857
4 973 3682 3734 974
4 802 801 3782 3703
4 847 3698 3772 848
4 964 3684 3737 965
4 134 3872 3871 135
4 838 3699 3775 839
4 955 3685 3740 956
4 829 3700 3778 830
4 946 3686 3743 947
4 793 792 3785 3704
4 820 3701 3781 821
4 937 3687 3746 938
4 130 3868 3867 131
4 811 3702 3784 812
4 928 3688 3749 929
4 190 3408 3951 169
4 802 3703 3787 803
4 784 783 3788 3705
4 919 3689 3752 920
4 136 3939 3274 137
4 3402 4116 4112 3214
4 793 3704 3790 794
4 910 3690 3754 911
4 1027 3676 3720 1028
4 784 3705 3793 785
4 775 774 3791 3706
4 901 3692 3757 902
4 1018 3677 3723 1019
4 126 3864 3863 129
4 775 3706 3798 776
4 892 3693 3760 893
4 1009 3678 3726 1010
4 766 3709 3714 767
4 766 765 3796 3709
4 883 3694 3713 884
4 1000 3679 3712 1001
4 234 3759 3758 882
4 192 3797 3796 765
4 276 3722 3721 1008
4 237 3756 3755 891
4 198 3792 3791 774
4 279 3719 3718 1017
4 240 3753 3691 900
4 201 3789 3788 783
4 282 3716 3715 1026
4 243 3751 3750 909
4 204 3786 3785 792
4 285 3794 3707 1035
4 246 3748 3747 918
4 207 3783 3782 801
4 193 3674 3675 1044
4 1045 3710 3795 1046
4 249 3745 3744 927
4 210 3780 3779 810
4 252 3742 3741 936
4 213 3777 3776 819
4 255 3739 3738 945
4 216 3774 3773 828
4 258 3736 3735 954
4 219 3771 3770 837
4 261 3733 3683 963
4 222 3768 3767 846
4 264 3731 3730 972
4 225 3765 3764 855
4 267 3728 3727 981
4 228 3762 3761 864
4 270 3711 3671 990
4 991 3680 3729 992
4 231 3672 3673 873
4 874 3695 3763 875
4 874 873 3673 3695
4 3072 3073 2560 2688
4 3220 3221 3406 3407
4 3221 3219 3927 3406
4 3230 4099 4107 3404
4 3404 3405 3229 3230
4 3405 3403 3228 3229
4 3473 3474 3477 3928
4 3474 3475 3476 3477
4 3476 3475 4127 4126
4 3214 3215 3401 3402
4 3215 3213 3929 3401
4 3224 4106 4121 3399
4 3399 3400 3223 3224
4 3400 3398 3222 3223
4 3468 3469 3472 3930
4 3469 3470 3471 3472
4 3471 3470 4183 4185
4 3208 3209 3396 3397
4 3209 3207 3931 3396
4 3218 4113 4133 3394
4 3394 3395 3217 3218
4 3395 3393 3216 3217
4 3463 3464 3467 3932
4 3464 3465 3466 3467
4 3466 3465 4180 4181
4 3373 3374 3391 3392
4 3374 3933 3934 3391
4 3212 4120 4148 3389
4 3389 3390 3211 3212
4 3390 3388 3210 3211
4 3458 3459 3462 3935
4 3459 3460 3461 3462
4 3461 3460 4177 4179
4 3381 3382 3386 3387
4 3382 3936 3937 3386
4 3372 4163 4221 3384
4 3384 3385 3371 3372
4 3385 3383 3938 3371
4 3453 3454 3457 3939
4 3454 3455 3456 3457
4 3456 3455 4174 4175
4 3263 3264 3446 3447
4 3264 3262 3940 3446
4 3273 4135 4172 3444
4 3444 3445 3272 3273
4 3445 3443 3271 3272
4 3448 3449 3452 3941
4 3449 3450 3451 3452
4 3451 3450 4171 4173
4 3257 3258 3441 3442
4 3258 3256 3942 3441
4 3267 4139 4178 3439
4 3439 3440 3266 3267
4 3440 3438 3265 3266
4 3445 3446 3940 3443
4 3444 3447 3446 3445
4 3447 3444 4172 4170
4 3251 3252 3436 3437
4 3252 3250 3943 3436
4 3261 4145 4184 3434
4 3434 3435 3260 3261
4 3435 3433 3259 3260
4 3440 3441 3942 3438
4 3439 3442 3441 3440
4 3442 3439 4178 4176
4 3245 3246 3431 3432
4 3246 3944 3945 3431
4 3255 4150 4190 3429
4 3429 3430 3254 3255
4 3430 3428 3253 3254
4 3435 3436 3943 3433
4 3434 3437 3436 3435
4 3437 3434 4184 4182
4 3240 3241 3426 3427
4 3241 3239 3946 3426
4 3249 4154 4196 3424
4 3424 3425 3248 3249
4 3425 3423 3247 3248
4 3430 3431 3945 3428
4 3429 3432 3431 3430
4 3432 3429 4190 4186
4 3234 3235 3421 3422
4 3235 3233 3947 3421
4 3244 4160 4220 3419
4 3419 3420 3243 3244
4 3420 3418 3242 3243
4 3425 3426 3946 3423
4 3424 3427 3426 3425
4 3427 3424 4196 4193
4 3231 3232 3416 3417
4 3232 3948 3949 3416
4 3238 4165 4218 3414
4 3414 3415 3237 3238
4 3415 3413 3236 3237
4 3420 3421 3947 3418
4 3419 3422 3421 3420
4 3422 3419 4220 4199
4 3479 3480 3481 3482
4 3481 3480 4187 4188
4 3226 3227 3411 3412
4 3227 3225 3951 3411
4 3415 3416 3949 3413
4 3414 3417 3416 3415
4 3417 3414 4218 4219
4 3376 3377 3541 3542
4 3377 3375 3952 3541
4 3953 3205 3540 3538
4 3205 3206 3539 3540
4 3539 3206 4169 4168
4 3409 3410 3412 3411
4 3412 3410 4222 4217
4 3366 3367 3536 3537
4 3367 3365 3954 3536
4 3380 4105 4214 3534
4 3534 3535 3379 3380
4 3535 3533 3378 3379
4 3405 3406 3927 3403
4 3404 3407 3406 3405
4 3407 3404 4107 4102
4 3360 3361 3531 3532
4 3361 3359 3955 3531
4 3370 4111 4212 3529
4 3529 3530 3369 3370
4 3530 3528 3368 3369
4 3400 3401 3929 3398
4 3399 3402 3401 3400
4 3402 3399 4121 4116
4 3354 3355 3526 3527
4 3355 3353 3956 3526
4 3364 4118 4210 3524
4 3524 3525 3363 3364
4 3525 3523 3362 3363
4 3395 3396 3931 3393
4 3394 3397 3396 3395
4 3397 3394 4133 4130
4 3348 3349 3521 3522
4 3349 3347 3957 3521
4 3358 4125 4208 3519
4 3519 3520 3357 3358
4 3520 3518 3356 3357
4 3390 3391 3934 3388
4 3389 3392 3391 3390
4 3392 3389 4148 4142
4 3342 3343 3516 3517
4 3343 3341 3958 3516
4 3352 4132 4206 3514
4 3514 3515 3351 3352
4 3515 3513 3350 3351
4 3385 3386 3937 3383
4 3384 3387 3386 3385
4 3387 3384 4221 4157
4 3336 3337 3511 3512
4 3337 3335 3959 3511
4 3346 4137 4204 3509
4 3509 3510 3345 3346
4 3510 3508 3344 3345
4 3515 3516 3958 3513
4 3514 3517 3516 3515
4 3517 3514 4206 4207
4 3330 3331 3506 3507
4 3331 3329 3960 3506
4 3340 4141 4202 3504
4 3504 3505 3339 3340
4 3505 3503 3338 3339
4 3510 3511 3959 3508
4 3509 3512 3511 3510
4 3512 3509 4204 4205
4 3324 3325 3501 3502
4 3325 3323 3961 3501
4 3334 4147 4200 3499
4 3499 3500 3333 3334
4 3500 3498 3332 3333
4 3505 3506 3960 3503
4 3504 3507 3506 3505
4 3507 3504 4202 4203
4 3318 3319 3496 3497
4 3319 3317 3962 3496
4 3328 4152 4197 3494
4 3494 3495 3327 3328
4 3495 3493 3326 3327
4 3500 3501 3961 3498
4 3499 3502 3501 3500
4 3502 3499 4200 4201
4 3312 3313 3491 3492
4 3313 3311 3963 3491
4 3322 4156 4194 3489
4 3489 3490 3321 3322
4 3490 3488 3320 3321
4 3495 3496 3962 3493
4 3494 3497 3496 3495
4 3497 3494 4197 4198
4 3306 3307 3486 3487
4 3307 3305 3964 3486
4 3316 4162 4191 3484
4 3484 3485 3315 3316
4 3485 3483 3314 3315
4 3490 3491 3963 3488
4 3489 3492 3491 3490
4 3492 3489 4194 4195
4 3303 3304 3482 3481
4 3304 3965 3950 3482
4 3310 4167 4187 3480
4 3479 3309 3310 3480
4 3478 3308 3309 3479
4 3485 3486 3964 3483
4 3484 3487 3486 3485
4 3487 3484 4191 4192
4 3298 3299 3477 3476
4 3299 3297 3928 3477
4 3202 3203 3474 3473
4 3203 3204 3475 3474
4 3475 3204 4223 4127
4 3292 3293 3472 3471
4 3293 3291 3930 3472
4 3302 4101 4183 3470
4 3469 3301 3302 3470
4 3468 3300 3301 3469
4 3538 3540 3541 3952
4 3540 3539 3542 3541
4 3542 3539 4168 4216
4 3286 3287 3467 3466
4 3287 3966 3932 3467
4 3296 4109 4180 3465
4 3464 3295 3296 3465
4 3463 3294 3295 3464
4 3535 3536 3954 3533
4 3534 3537 3536 3535
4 3537 3534 4214 4215
4 3281 3282 3462 3461
4 3282 3280 3935 3462
4 3290 4115 4177 3460
4 3459 3289 3290 3460
4 3458 3288 3289 3459
4 3530 3531 3955 3528
4 3529 3532 3531 3530
4 3532 3529 4212 4213
4 3275 3276 3457 3456
4 3276 3274 3939 3457
4 3285 4123 4174 3455
4 3454 3284 3285 3455
4 3453 3283 3284 3454
4 3525 3526 3956 3523
4 3524 3527 3526 3525
4 3527 3524 4210 4211
4 3269 3270 3452 3451
4 3270 3268 3941 3452
4 3279 4129 4171 3450
4 3449 3278 3279 3450
4 3448 3277 3278 3449
4 3520 3521 3957 3518
4 3519 3522 3521 3520
4 3522 3519 4208 4209
4 3303 3204 3203 3304
4 3204 3303 4189 4223
4 3231 3200 3201 3232
4 4096 3200 3231 4097
4 3306 4166 4167 3310
4 3310 3309 3307 3306
4 3309 3308 3305 3307
4 3234 4164 4165 3238
4 3238 3237 3235 3234
4 3237 3236 3233 3235
4 3312 4161 4162 3316
4 3316 3315 3313 3312
4 3315 3314 3311 3313
4 3240 4159 4160 3244
4 3244 3243 3241 3240
4 3243 3242 3239 3241
4 3318 4155 4156 3322
4 3322 3321 3319 3318
4 3321 3320 3317 3319
4 3245 4153 4154 3249
4 3249 3248 3246 3245
4 3248 3247 3944 3246
4 3324 4151 4152 3328
4 3328 3327 3325 3324
4 3327 3326 3323 3325
4 3251 4149 4150 3255
4 3255 3254 3252 3251
4 3254 3253 3250 3252
4 3330 4146 4147 3334
4 3334 3333 3331 3330
4 3333 3332 3329 3331
4 3257 4144 4145 3261
4 3261 3260 3258 3257
4 3260 3259 3256 3258
4 3336 4140 4141 3340
4 3340 3339 3337 3336
4 3339 3338 3335 3337
4 3263 4138 4139 3267
4 3267 3266 3264 3263
4 3266 3265 3262 3264
4 3342 4136 4137 3346
4 3346 3345 3343 3342
4 3345 3344 3341 3343
4 3269 4134 4135 3273
4 3273 3272 3270 3269
4 3272 3271 3268 3270
4 3382 3205 3953 3936
4 3381 3206 3205 3382
4 3206 3381 4158 4169
4 3352 3351 3349 3348
4 3351 3350 3347 3349
4 3275 4128 4129 3279
4 3279 3278 3276 3275
4 3278 3277 3274 3276
4 3373 4143 4163 3372
4 3372 3371 3374 3373
4 3371 3938 3933 3374
4 3354 4124 4125 3358
4 3358 3357 3355 3354
4 3357 3356 3353 3355
4 3281 4122 4123 3285
4 3285 3284 3282 3281
4 3284 3283 3280 3282
4 3208 4119 4120 3212
4 3212 3211 3209 3208
4 3211 3210 3207 3209
4 3360 4117 4118 3364
4 3364 3363 3361 3360
4 3363 3362 3359 3361
4 3286 4114 4115 3290
4 3290 3289 3287 3286
4 3289 3288 3966 3287
4 3214 4112 4113 3218
4 3218 3217 3215 3214
4 3217 3216 3213 3215
4 3366 4110 4111 3370
4 3370 3369 3367 3366
4 3369 3368 3365 3367
4 3292 4108 4109 3296
4 3296 3295 3293 3292
4 3295 3294 3291 3293
4 3220 4103 4106 3224
4 3224 3223 3221 3220
4 3223 3222 3219 3221
4 3376 4104 4105 3380
4 3380 3379 3377 3376
4 3379 3378 3375 3377
4 3298 4100 4101 3302
4 3302 3301 3299 3298
4 3301 3300 3297 3299
4 3226 4098 4099 3230
4 3230 3229 3227 3226
4 3229 3228 3225 3227
4 3967 3201 3409 3408
4 3201 3200 3410 3409
4 3410 3200 4096 4222
4 3711 3543 3544 3671
4 3694 3614 3547 3713
4 3674 3714 3550 3549
4 3711 3712 3545 3543
4 3704 3651 3657 3790
4 3705 3655 3661 3793
4 3706 3659 3669 3798
4 3709 3667 3550 3714
4 3672 3713 3547 3546
4 3672 3546 3548 3673
4 3697 3623 3629 3769
4 3698 3627 3633 3772
4 3699 3631 3637 3775
4 3700 3635 3641 3778
4 3701 3639 3645 3781
4 3702 3643 3649 3784
4 3703 3647 3653 3787
4 3708 3665 3555 3717
4 3676 3553 3559 3720
4 3677 3557 3563 3723
4 3678 3561 3567 3726
4 3679 3565 3545 3712
4 3680 3568 3572 3729
4 3674 3549 3551 3675
4 3681 3570 3576 3732
4 3696 3619 3625 3766
4 3682 3574 3580 3734
4 3684 3579 3584 3737
4 3685 3582 3588 3740
4 3686 3586 3592 3743
4 3687 3590 3596 3746
4 3688 3594 3600 3749
4 3689 3598 3604 3752
4 3710 3670 3664 3795
4 3690 3602 3608 3754
4 3692 3607 3612 3757
4 3693 3610 3616 3760
4 3695 3617 3621 3763
4 3566 3564 3724 3725
4 3615 3613 3758 3759
4 3560 3561 3678 3721
4 3668 3666 3796 3797
4 3562 3560 3721 3722
4 3566 3725 3726 3567
4 3611 3609 3755 3756
4 3660 3658 3791 3792
4 3558 3556 3718 3719
4 3605 3606 3691 3753
4 3556 3557 3677 3718
4 3656 3654 3788 3789
4 3554 3552 3715 3716
4 3562 3722 3723 3563
4 3603 3601 3750 3751
4 3652 3650 3785 3786
4 3599 3597 3747 3748
4 3552 3553 3676 3715
4 3648 3646 3782 3783
4 3558 3719 3720 3559
4 3595 3593 3744 3745
4 3644 3642 3779 3780
4 3591 3589 3741 3742
4 3640 3638 3776 3777
4 3663 3665 3708 3707
4 3587 3585 3738 3739
4 3636 3634 3773 3774
4 3554 3716 3717 3555
4 3583 3581 3735 3736
4 3632 3630 3770 3771
4 3577 3578 3683 3733
4 3628 3626 3767 3768
4 3551 3670 3710 3675
4 3575 3573 3730 3731
4 3624 3622 3764 3765
4 3662 3663 3707 3794
4 3571 3569 3727 3728
4 3620 3618 3761 3762
4 3589 3590 3687 3741
4 3599 3748 3749 3600
4 3595 3745 3746 3596
4 3593 3594 3688 3744
4 3603 3751 3752 3604
4 3597 3598 3689 3747
4 3585 3586 3686 3738
4 3605 3753 3754 3608
4 3591 3742 3743 3592
4 3601 3602 3690 3750
4 3611 3756 3757 3612
4 3606 3607 3692 3691
4 3581 3582 3685 3735
4 3615 3759 3760 3616
4 3587 3739 3740 3588
4 3609 3610 3693 3755
4 3613 3614 3694 3758
4 3578 3579 3684 3683
4 3620 3762 3763 3621
4 3548 3617 3695 3673
4 3583 3736 3737 3584
4 3624 3765 3766 3625
4 3618 3619 3696 3761
4 3573 3574 3682 3730
4 3628 3768 3769 3629
4 3622 3623 3697 3764
4 3577 3733 3734 3580
4 3632 3771 3772 3633
4 3626 3627 3698 3767
4 3569 3570 3681 3727
4 3636 3774 3775 3637
4 3630 3631 3699 3770
4 3640 3777 3778 3641
4 3634 3635 3700 3773
4 3644 3780 3781 3645
4 3638 3639 3701 3776
4 3648 3783 3784 3649
4 3642 3643 3702 3779
4 3652 3786 3787 3653
4 3646 3647 3703 3782
4 3656 3789 3790 3657
4 3650 3651 3704 3785
4 3660 3792 3793 3661
4 3654 3655 3705 3788
4 3668 3797 3798 3669
4 3658 3659 3706 3791
4 3666 3667 3709 3796
4 3564 3565 3679 3724
4 3571 3728 3729 3572
4 3544 3568 3680 3671
4 3575 3731 3732 3576
4 3662 3794 3795 3664
4 121 3297 3300 119
4 184 3800 3799 185
4 273 3725 3724 999
4 3407 4102 4103 3220
4 673 486 485 672
4 288 289 1054 1053
4 1670 1671 2174 2175
4 3969 2558 2181 3968
4 3970 2555 2558 3969
4 3971 2552 2555 3970
4 3972 2270 2552 3971
4 3973 2549 2270 3972
4 3974 2546 2549 3973
4 3975 2543 2546 3974
4 3976 2267 2543 3975
4 3977 2540 2267 3976
4 3978 2537 2540 3977
4 3979 2534 2537 3978
4 3980 2264 2534 3979
4 3981 2531 2264 3980
4 3982 2528 2531 3981
4 3983 2525 2528 3982
4 3984 2261 2525 3983
4 3985 2522 2261 3984
4 3986 2519 2522 3985
4 3987 2516 2519 3986
4 3988 2258 2516 3987
4 3989 2513 2258 3988
4 3990 2510 2513 3989
4 3991 2507 2510 3990
4 3992 2255 2507 3991
4 3993 2504 2255 3992
4 3994 2501 2504 3993
4 3995 2498 2501 3994
4 3996 2252 2498 3995
4 3997 2495 2252 3996
4 3998 2492 2495 3997
4 3999 2489 2492 3998
4 4000 2249 2489 3999
4 4001 2486 2249 4000
4 4002 2483 2486 4001
4 4003 2480 2483 4002
4 4004 2246 2480 4003
4 4005 2477 2246 4004
4 4006 2474 2477 4005
4 4007 2471 2474 4006
4 4008 2243 2471 4007
4 4009 2468 2243 4008
4 4010 2465 2468 4009
4 4011 2462 2465 4010
4 4012 2240 2462 4011
4 4013 2459 2240 4012
4 4014 2456 2459 4013
4 4015 2453 2456 4014
4 4016 2237 2453 4015
4 4017 2450 2237 4016
4 4018 2447 2450 4017
4 4019 2444 2447 4018
4 4020 2234 2444 4019
4 4021 2441 2234 4020
4 4022 2438 2441 4021
4 4023 2435 2438 4022
4 4024 2231 2435 4023
4 4025 2432 2231 4024
4 4026 2429 2432 4025
4 4027 2426 2429 4026
4 4028 2228 2426 4027
4 4029 2423 2228 4028
4 4030 2420 2423 4029
4 4031 2417 2420 4030
4 4032 2225 2417 4031
4 4033 2414 2225 4032
4 4034 2411 2414 4033
4 4035 2408 2411 4034
4 4036 2222 2408 4035
4 4037 2405 2222 4036
4 4038 2402 2405 4037
4 4039 2399 2402 4038
4 4040 2219 2399 4039
4 4041 2396 2219 4040
4 4042 2393 2396 4041
4 4043 2390 2393 4042
4 4044 2216 2390 4043
4 4045 2387 2216 4044
4 4046 2384 2387 4045
4 4047 2381 2384 4046
4 4048 2213 2381 4047
4 4049 2378 2213 4048
4 4050 2375 2378 4049
4 4051 2372 2375 4050
4 4052 2210 2372 4051
4 4053 2369 2210 4052
4 4054 2366 2369 4053
4 4055 2363 2366 4054
4 4056 2207 2363 4055
4 4057 2360 2207 4056
4 4058 2357 2360 4057
4 4059 2354 2357 4058
4 4060 2204 2354 4059
4 4061 2351 2204 4060
4 4062 2348 2351 4061
4 4063 2345 2348 4062
4 4064 2201 2345 4063
4 4065 2342 2201 4064
4 4066 2339 2342 4065
4 4067 2336 2339 4066
4 4068 2198 2336 4067
4 4069 2333 2198 4068
4 4070 2330 2333 4069
4 4071 2327 2330 4070
4 4072 2195 2327 4071
4 4073 2324 2195 4072
4 4074 2321 2324 4073
4 4075 2318 2321 4074
4 4076 2192 2318 4075
4 4077 2315 2192 4076
4 4078 2312 2315 4077
4 4079 2309 2312 4078
4 4080 2189 2309 4079
4 4081 2306 2189 4080
4 4082 2303 2306 4081
4 4083 2300 2303 4082
4 4084 2186 2300 4083
4 4085 2297 2186 4084
4 4086 2294 2297 4085
4 4087 2291 2294 4086
4 4088 2183 2291 4087
4 4089 2288 2183 4088
4 4090 2285 2288 4089
4 4091 2282 2285 4090
4 4092 2177 2282 4091
4 2177 4092 4093 2279
4 4094 2276 2279 4093
4 4095 2273 2276 4094
4 3968 2181 2273 4095
4 3543 4096 4097 3544
4 3566 4099 4098 3564
4 3615 4101 4100 3613
4 4102 3561 3560 4103
4 3668 4105 4104 3666
4 3562 4106 4103 3560
4 3567 4107 4099 3566
4 3611 4109 4108 3609
4 3660 4111 4110 3658
4 3558 4113 4112 3556
4 3605 4115 4114 3606
4 3556 4112 4116 3557
4 3656 4118 4117 3654
4 3554 4120 4119 3552
4 3563 4121 4106 3562
4 3603 4123 4122 3601
4 3652 4125 4124 3650
4 3614 4126 4127 3547
4 3599 4129 4128 3597
4 3552 4119 4130 3553
4 3648 4132 4131 3646
4 3559 4133 4113 3558
4 3595 4135 4134 3593
4 3644 4137 4136 3642
4 3591 4139 4138 3589
4 3640 4141 4140 3638
4 3663 4143 4142 3665
4 3587 4145 4144 3585
4 3636 4147 4146 3634
4 3555 4148 4120 3554
4 3583 4150 4149 3581
4 3632 4152 4151 3630
4 3577 4154 4153 3578
4 3628 4156 4155 3626
4 3551 4158 4157 3670
4 3575 4160 4159 3573
4 3624 4162 4161 3622
4 3662 4163 4143 3663
4 3571 4165 4164 3569
4 3620 4167 4166 3618
4 3550 4168 4169 3549
4 3589 4138 4170 3590
4 3600 4171 4129 3599
4 3596 4172 4135 3595
4 3593 4134 4173 3594
4 3604 4174 4123 3603
4 3597 4128 4175 3598
4 3585 4144 4176 3586
4 3608 4177 4115 3605
4 3592 4178 4139 3591
4 3601 4122 4179 3602
4 3612 4180 4109 3611
4 3606 4114 4181 3607
4 3581 4149 4182 3582
4 3616 4183 4101 3615
4 3588 4184 4145 3587
4 3609 4108 4185 3610
4 3613 4100 4126 3614
4 3578 4153 4186 3579
4 3621 4187 4167 3620
4 3548 4189 4188 3617
4 3584 4190 4150 3583
4 3625 4191 4162 3624
4 3618 4166 4192 3619
4 3573 4159 4193 3574
4 3629 4194 4156 3628
4 3622 4161 4195 3623
4 3580 4196 4154 3577
4 3633 4197 4152 3632
4 3626 4155 4198 3627
4 3569 4164 4199 3570
4 3637 4200 4147 3636
4 3630 4151 4201 3631
4 3641 4202 4141 3640
4 3634 4146 4203 3635
4 3645 4204 4137 3644
4 3638 4140 4205 3639
4 3649 4206 4132 3648
4 3642 4136 4207 3643
4 3653 4208 4125 3652
4 3646 4131 4209 3647
4 3657 4210 4118 3656
4 3650 4124 4211 3651
4 3661 4212 4111 3660
4 3654 4117 4213 3655
4 3669 4214 4105 3668
4 3658 4110 4215 3659
4 3666 4104 4216 3667
4 3564 4098 4217 3565
4 3572 4218 4165 3571
4 3544 4097 4219 3568
4 3576 4220 4160 3575
4 3664 4221 4163 3662
4 3545 4222 4096 3543
4 3651 4211 4210 3657
4 3655 4213 4212 3661
4 3659 4215 4214 3669
4 3667 4216 4168 3550
4 3547 4127 4223 3546
4 3546 4223 4189 3548
4 3623 4195 4194 3629
4 3627 4198 4197 3633
4 3631 4201 4200 3637
4 3635 4203 4202 3641
4 3639 4205 4204 3645
4 3643 4207 4206 3649
4 3647 4209 4208 3653
4 3665 4142 4148 3555
4 3553 4130 4133 3559
4 3557 4116 4121 3563
4 3561 4102 4107 3567
4 3565 4217 4222 3545
4 3568 4219 4218 3572
4 3549 4169 4158 3551
4 3570 4199 4220 3576
4 3619 4192 4191 3625
4 3574 4193 4196 3580
4 3579 4186 4190 3584
4 3582 4182 4184 3588
4 3586 4176 4178 3592
4 3590 4170 4172 3596
4 3594 4173 4171 3600
4 3598 4175 4174 3604
4 3670 4157 4221 3664
4 3602 4179 4177 3608
4 3607 4181 4180 3612
4 3610 4185 4183 3616
4 3617 4188 4187 3621
128 1441 1440 640 1535 1534 1533 671 1532 1531 1530 670 1529 1528 1527 669 1526 1525 1524 668 1523 1522 1521 667 1520 1519 1518 666 1517 1516 1515 665 1514 1513 1512 664 1511 1510 1509 663 1508 1507 1506 662 1505 1504 1503 661 1502 1501 1500 660 1499 1498 1497 659 1496 1495 1494 658 1493 1492 1491 657 1490 1489 1488 656 1487 1486 1485 655 1484 1483 1482 654 1481 1480 1479 653 1478 1477 1476 652 1475 1474 1473 651 1472 1471 1470 650 1469 1468 1467 649 1466 1465 1464 648 1463 1462 1461 647 1460 1459 1458 646 1457 1456 1455 645 1454 1453 1452 644 1451 1450 1449 643 1448 1447 1446 642 1445 1444 1443 641 1442
